dataset,model,y_true,y_prob
Azamuke 2024 (primary),QDFL,1,0.8443664908409119
Azamuke 2024 (primary),QDFL,1,0.7754257917404175
Azamuke 2024 (primary),QDFL,0,0.008024020120501518
Azamuke 2024 (primary),QDFL,1,0.7829200625419617
Azamuke 2024 (primary),QDFL,1,0.7322571873664856
Azamuke 2024 (primary),QDFL,0,0.004918520338833332
Azamuke 2024 (primary),QDFL,1,0.785768449306488
Azamuke 2024 (primary),QDFL,1,0.7861318588256836
Azamuke 2024 (primary),QDFL,1,0.7715436816215515
Azamuke 2024 (primary),QDFL,1,0.8161588311195374
Azamuke 2024 (primary),QDFL,0,0.7982094883918762
Azamuke 2024 (primary),QDFL,1,0.7880105376243591
Azamuke 2024 (primary),QDFL,1,0.7956157326698303
Azamuke 2024 (primary),QDFL,0,0.014489669352769852
Azamuke 2024 (primary),QDFL,1,0.8184215426445007
Azamuke 2024 (primary),QDFL,0,0.0434444397687912
Azamuke 2024 (primary),QDFL,1,0.8054900765419006
Azamuke 2024 (primary),QDFL,0,0.00021346783614717424
Azamuke 2024 (primary),QDFL,1,0.8033406138420105
Azamuke 2024 (primary),QDFL,0,0.7999594807624817
Azamuke 2024 (primary),QDFL,0,0.7936687469482422
Azamuke 2024 (primary),QDFL,1,0.7790783643722534
Azamuke 2024 (primary),QDFL,1,0.7330548167228699
Azamuke 2024 (primary),QDFL,0,0.0007790697854943573
Azamuke 2024 (primary),QDFL,1,0.8132318258285522
Azamuke 2024 (primary),QDFL,0,0.8111725449562073
Azamuke 2024 (primary),QDFL,1,0.7956898808479309
Azamuke 2024 (primary),QDFL,0,0.03386203199625015
Azamuke 2024 (primary),QDFL,1,0.8195117115974426
Azamuke 2024 (primary),QDFL,0,0.03447828069329262
Azamuke 2024 (primary),QDFL,1,0.8244728446006775
Azamuke 2024 (primary),QDFL,0,0.004383936990052462
Azamuke 2024 (primary),QDFL,0,0.8117161393165588
Azamuke 2024 (primary),QDFL,1,0.671959400177002
Azamuke 2024 (primary),QDFL,1,0.7520488500595093
Azamuke 2024 (primary),QDFL,1,0.816558301448822
Azamuke 2024 (primary),QDFL,0,0.005071071907877922
Azamuke 2024 (primary),QDFL,1,0.7968335151672363
Azamuke 2024 (primary),QDFL,0,0.05488283559679985
Azamuke 2024 (primary),QDFL,0,0.0030874544754624367
Azamuke 2024 (primary),QDFL,0,0.05016012862324715
Azamuke 2024 (primary),QDFL,0,0.002368547488003969
Azamuke 2024 (primary),QDFL,1,0.7619151473045349
Azamuke 2024 (primary),QDFL,0,0.0988742932677269
Azamuke 2024 (primary),QDFL,1,0.7410288453102112
Azamuke 2024 (primary),QDFL,1,0.7898552417755127
Azamuke 2024 (primary),QDFL,1,0.8087803721427917
Azamuke 2024 (primary),QDFL,1,0.8053717017173767
Azamuke 2024 (primary),QDFL,1,0.7988755702972412
Azamuke 2024 (primary),QDFL,0,0.05432009696960449
Azamuke 2024 (primary),QDFL,0,0.024328481405973434
Azamuke 2024 (primary),QDFL,0,0.02370528131723404
Azamuke 2024 (primary),QDFL,1,0.7750033140182495
Azamuke 2024 (primary),QDFL,0,0.059251490980386734
Azamuke 2024 (primary),QDFL,1,0.7452985048294067
Azamuke 2024 (primary),QDFL,0,0.010818586684763432
Azamuke 2024 (primary),QDFL,0,0.4796980917453766
Azamuke 2024 (primary),QDFL,1,0.8212265372276306
Azamuke 2024 (primary),QDFL,1,0.8095499277114868
Azamuke 2024 (primary),QDFL,0,0.03456122800707817
Azamuke 2024 (primary),QDFL,0,0.7004250884056091
Azamuke 2024 (primary),QDFL,0,0.01694418117403984
Azamuke 2024 (primary),QDFL,0,0.813112199306488
Azamuke 2024 (primary),QDFL,0,0.01182533334940672
Azamuke 2024 (primary),QDFL,0,0.004210278857499361
Azamuke 2024 (primary),QDFL,0,0.039611391723155975
Azamuke 2024 (primary),QDFL,0,0.0014940951950848103
Azamuke 2024 (primary),QDFL,0,0.8002871870994568
Azamuke 2024 (primary),QDFL,0,0.002152719534933567
Azamuke 2024 (primary),QDFL,1,0.7991162538528442
Azamuke 2024 (primary),QDFL,0,0.01571781560778618
Azamuke 2024 (primary),QDFL,1,0.8109812140464783
Azamuke 2024 (primary),QDFL,0,0.013522304594516754
Azamuke 2024 (primary),QDFL,1,0.6909399628639221
Azamuke 2024 (primary),QDFL,0,0.0015074399998411536
Azamuke 2024 (primary),QDFL,0,0.003265927778556943
Azamuke 2024 (primary),QDFL,0,0.7930746078491211
Azamuke 2024 (primary),QDFL,0,0.10511289536952972
Azamuke 2024 (primary),QDFL,1,0.8172601461410522
Azamuke 2024 (primary),QDFL,0,0.024044163525104523
Azamuke 2024 (primary),QDFL,0,0.010229977779090405
Azamuke 2024 (primary),QDFL,1,0.7970921397209167
Azamuke 2024 (primary),QDFL,1,0.8205718994140625
Azamuke 2024 (primary),QDFL,0,0.7705940008163452
Azamuke 2024 (primary),QDFL,1,0.7452108860015869
Azamuke 2024 (primary),QDFL,1,0.7664955854415894
Azamuke 2024 (primary),QDFL,1,0.7568117380142212
Azamuke 2024 (primary),QDFL,0,0.019129430875182152
Azamuke 2024 (primary),QDFL,1,0.7152037620544434
Azamuke 2024 (primary),QDFL,0,0.044709574431180954
Azamuke 2024 (primary),QDFL,0,0.015570997260510921
Azamuke 2024 (primary),QDFL,0,0.04693131148815155
Azamuke 2024 (primary),QDFL,1,0.7943192720413208
Azamuke 2024 (primary),QDFL,0,0.0014704676577821374
Azamuke 2024 (primary),QDFL,0,0.0027053607627749443
Azamuke 2024 (primary),QDFL,0,0.0033134648110717535
Azamuke 2024 (primary),QDFL,0,0.005688382312655449
Azamuke 2024 (primary),QDFL,0,0.006383368279784918
Azamuke 2024 (primary),QDFL,0,0.4804253876209259
Azamuke 2024 (primary),QDFL,0,0.7804456353187561
Azamuke 2024 (primary),QDFL,1,0.8207690715789795
Azamuke 2024 (primary),QDFL,1,0.79600590467453
Azamuke 2024 (primary),QDFL,0,0.0018124887719750404
Azamuke 2024 (primary),QDFL,0,0.7374598979949951
Azamuke 2024 (primary),QDFL,1,0.7883661985397339
Azamuke 2024 (primary),QDFL,0,0.810028076171875
Azamuke 2024 (primary),QDFL,1,0.7950516939163208
Azamuke 2024 (primary),QDFL,0,0.021195799112319946
Azamuke 2024 (primary),QDFL,0,0.0010495185852050781
Azamuke 2024 (primary),QDFL,1,0.8208870887756348
Azamuke 2024 (primary),QDFL,1,0.5864261984825134
Azamuke 2024 (primary),QDFL,0,0.003306096885353327
Azamuke 2024 (primary),QDFL,1,0.779236376285553
Azamuke 2024 (primary),QDFL,0,0.013337717391550541
Azamuke 2024 (primary),QDFL,1,0.7138047814369202
Azamuke 2024 (primary),QDFL,1,0.7907371520996094
Azamuke 2024 (primary),QDFL,1,0.8053005337715149
Azamuke 2024 (primary),QDFL,0,0.770916223526001
Azamuke 2024 (primary),QDFL,0,0.008013547398149967
Azamuke 2024 (primary),QDFL,0,0.7944194078445435
Azamuke 2024 (primary),QDFL,0,0.7979932427406311
Azamuke 2024 (primary),QDFL,1,0.5437994003295898
Azamuke 2024 (primary),QDFL,0,0.0347122959792614
Azamuke 2024 (primary),QDFL,1,0.7608739733695984
Azamuke 2024 (primary),QDFL,0,0.6765853762626648
Azamuke 2024 (primary),QDFL,1,0.813494086265564
Azamuke 2024 (primary),QDFL,1,0.8290585875511169
Azamuke 2024 (primary),QDFL,1,0.760996401309967
Azamuke 2024 (primary),QDFL,0,0.022550038993358612
Azamuke 2024 (primary),QDFL,0,0.025621650740504265
Azamuke 2024 (primary),QDFL,0,0.009084483608603477
Azamuke 2024 (primary),QDFL,0,0.013067039661109447
Azamuke 2024 (primary),QDFL,0,0.0042904033325612545
Azamuke 2024 (primary),QDFL,0,0.009989072568714619
Azamuke 2024 (primary),QDFL,0,0.005026699043810368
Azamuke 2024 (primary),QDFL,0,0.0013222061097621918
Azamuke 2024 (primary),QDFL,0,0.17496567964553833
Azamuke 2024 (primary),QDFL,0,0.019465405493974686
Azamuke 2024 (primary),QDFL,0,0.005088223144412041
Azamuke 2024 (primary),QDFL,1,0.7600903511047363
Azamuke 2024 (primary),QDFL,1,0.811931848526001
Azamuke 2024 (primary),QDFL,0,0.024879656732082367
Azamuke 2024 (primary),QDFL,1,0.8233712315559387
Azamuke 2024 (primary),QDFL,1,0.8075955510139465
Azamuke 2024 (primary),QDFL,0,0.8258602023124695
Azamuke 2024 (primary),QDFL,1,0.6665630340576172
Azamuke 2024 (primary),QDFL,0,0.00972145888954401
Azamuke 2024 (primary),QDFL,1,0.8080430030822754
Azamuke 2024 (primary),QDFL,1,0.795526921749115
Azamuke 2024 (primary),QDFL,0,0.0024199248291552067
Azamuke 2024 (primary),QDFL,1,0.8098564147949219
Azamuke 2024 (primary),QDFL,1,0.8235625624656677
Azamuke 2024 (primary),QDFL,0,0.016102662310004234
Azamuke 2024 (primary),QDFL,1,0.7950679659843445
Azamuke 2024 (primary),QDFL,1,0.7665097117424011
Azamuke 2024 (primary),QDFL,0,0.017605716362595558
Azamuke 2024 (primary),QDFL,0,0.0005224418709985912
Azamuke 2024 (primary),QDFL,0,0.033172935247421265
Azamuke 2024 (primary),QDFL,0,0.05550576373934746
Azamuke 2024 (primary),QDFL,0,0.0006211865111254156
Azamuke 2024 (primary),QDFL,1,0.6173604130744934
Azamuke 2024 (primary),QDFL,0,0.7556027173995972
Azamuke 2024 (primary),QDFL,1,0.4914565980434418
Azamuke 2024 (primary),QDFL,0,0.0898277536034584
Azamuke 2024 (primary),QDFL,0,0.2657366394996643
Azamuke 2024 (primary),QDFL,0,0.018081923946738243
Azamuke 2024 (primary),QDFL,0,0.03087911382317543
Azamuke 2024 (primary),QDFL,1,0.7665652632713318
Azamuke 2024 (primary),QDFL,0,0.0015779014211148024
Azamuke 2024 (primary),QDFL,1,0.8086998462677002
Azamuke 2024 (primary),QDFL,0,0.7832778096199036
Azamuke 2024 (primary),QDFL,0,0.825151801109314
Azamuke 2024 (primary),QDFL,0,0.004196403548121452
Azamuke 2024 (primary),QDFL,0,0.8056882619857788
Azamuke 2024 (primary),QDFL,1,0.8073062896728516
Azamuke 2024 (primary),QDFL,0,0.009628831408917904
Azamuke 2024 (primary),QDFL,0,0.7769672274589539
Azamuke 2024 (primary),QDFL,0,0.007902631536126137
Azamuke 2024 (primary),QDFL,0,0.7991595268249512
Azamuke 2024 (primary),QDFL,0,0.7936922311782837
Azamuke 2024 (primary),QDFL,0,0.005942888557910919
Azamuke 2024 (primary),QDFL,0,0.055663738399744034
Azamuke 2024 (primary),QDFL,0,0.8054825067520142
Azamuke 2024 (primary),QDFL,1,0.7994253039360046
Azamuke 2024 (primary),QDFL,1,0.7582052946090698
Azamuke 2024 (primary),QDFL,1,0.7749444842338562
Azamuke 2024 (primary),QDFL,1,0.7799426913261414
Azamuke 2024 (primary),QDFL,1,0.7885340452194214
Azamuke 2024 (primary),QDFL,0,0.8181517720222473
Azamuke 2024 (primary),QDFL,0,0.028315767645835876
Azamuke 2024 (primary),QDFL,1,0.8036466240882874
Azamuke 2024 (primary),QDFL,0,0.7079982161521912
Azamuke 2024 (primary),QDFL,1,0.8083958625793457
Azamuke 2024 (primary),QDFL,1,0.8281883597373962
Azamuke 2024 (primary),QDFL,1,0.7576670050621033
Azamuke 2024 (primary),QDFL,1,0.8316282033920288
Azamuke 2024 (primary),QDFL,1,0.8250194191932678
Azamuke 2024 (primary),QDFL,1,0.8482157588005066
Azamuke 2024 (primary),QDFL,1,0.8005821108818054
Azamuke 2024 (primary),QDFL,0,0.7446052432060242
Azamuke 2024 (primary),QDFL,0,0.012060459703207016
Azamuke 2024 (primary),QDFL,0,0.1063094437122345
Azamuke 2024 (primary),QDFL,0,0.7836525440216064
Azamuke 2024 (primary),QDFL,1,0.7950454950332642
Azamuke 2024 (primary),QDFL,0,0.0004458660841919482
Azamuke 2024 (primary),QDFL,0,0.0714755728840828
Azamuke 2024 (primary),QDFL,0,0.79197096824646
Azamuke 2024 (primary),QDFL,1,0.7996225357055664
Azamuke 2024 (primary),QDFL,0,0.26239702105522156
Azamuke 2024 (primary),QDFL,0,0.004224318079650402
Azamuke 2024 (primary),QDFL,1,0.794684886932373
Azamuke 2024 (primary),QDFL,1,0.7988781332969666
Azamuke 2024 (primary),QDFL,1,0.8085663914680481
Azamuke 2024 (primary),QDFL,1,0.7782250046730042
Azamuke 2024 (primary),QDFL,1,0.39528343081474304
Azamuke 2024 (primary),QDFL,1,0.7826699614524841
Azamuke 2024 (primary),QDFL,0,0.830640971660614
Azamuke 2024 (primary),QDFL,1,0.7498296499252319
Azamuke 2024 (primary),QDFL,1,0.8153212666511536
Azamuke 2024 (primary),QDFL,0,0.8223327994346619
Azamuke 2024 (primary),QDFL,1,0.7934101223945618
Azamuke 2024 (primary),QDFL,0,0.7830144762992859
Azamuke 2024 (primary),QDFL,1,0.8037208318710327
Azamuke 2024 (primary),QDFL,1,0.7807973623275757
Azamuke 2024 (primary),QDFL,1,0.7925833463668823
Azamuke 2024 (primary),QDFL,0,0.7364341020584106
Azamuke 2024 (primary),QDFL,0,0.006350844632834196
Azamuke 2024 (primary),QDFL,0,0.0021997143048793077
Azamuke 2024 (primary),QDFL,1,0.8012255430221558
Azamuke 2024 (primary),QDFL,1,0.03419675678014755
Azamuke 2024 (primary),QDFL,1,0.8162899613380432
Azamuke 2024 (primary),QDFL,1,0.8079865574836731
Azamuke 2024 (primary),QDFL,0,0.035198308527469635
Azamuke 2024 (primary),QDFL,1,0.8101787567138672
Azamuke 2024 (primary),QDFL,1,0.7833189368247986
Azamuke 2024 (primary),QDFL,0,0.7728012800216675
Azamuke 2024 (primary),QDFL,1,0.8089104890823364
Azamuke 2024 (primary),QDFL,1,0.8079289197921753
Azamuke 2024 (primary),QDFL,1,0.7879317402839661
Azamuke 2024 (primary),QDFL,0,0.04877065494656563
Azamuke 2024 (primary),QDFL,0,0.025831175968050957
Azamuke 2024 (primary),QDFL,0,0.012005907483398914
Azamuke 2024 (primary),QDFL,0,0.003831884590908885
Azamuke 2024 (primary),QDFL,1,0.728814423084259
Azamuke 2024 (primary),QDFL,0,0.025542238727211952
Azamuke 2024 (primary),QDFL,0,0.05026744678616524
Azamuke 2024 (primary),QDFL,1,0.8071343898773193
Azamuke 2024 (primary),QDFL,1,0.7850677967071533
Azamuke 2024 (primary),QDFL,1,0.009951671585440636
Azamuke 2024 (primary),QDFL,1,0.7998636364936829
Azamuke 2024 (primary),QDFL,1,0.7712585926055908
Azamuke 2024 (primary),QDFL,1,0.8021392822265625
Azamuke 2024 (primary),QDFL,0,0.4970151484012604
Azamuke 2024 (primary),QDFL,0,0.021896911785006523
Azamuke 2024 (primary),QDFL,1,0.7997398972511292
Azamuke 2024 (primary),QDFL,1,0.7909039258956909
Azamuke 2024 (primary),QDFL,1,0.8280661106109619
Azamuke 2024 (primary),QDFL,0,0.7888752818107605
Azamuke 2024 (primary),QDFL,0,0.7943449020385742
Azamuke 2024 (primary),QDFL,0,0.003918708302080631
Azamuke 2024 (primary),QDFL,0,0.00308614713139832
Azamuke 2024 (primary),QDFL,0,0.001577220973558724
Azamuke 2024 (primary),QDFL,1,0.8055530190467834
Azamuke 2024 (primary),QDFL,1,0.7906926274299622
Azamuke 2024 (primary),QDFL,0,0.7997523546218872
Azamuke 2024 (primary),QDFL,1,0.7636207342147827
Azamuke 2024 (primary),QDFL,1,0.8111642599105835
Azamuke 2024 (primary),QDFL,1,0.7364326119422913
Azamuke 2024 (primary),QDFL,0,0.03971896693110466
Azamuke 2024 (primary),QDFL,1,0.7816120982170105
Azamuke 2024 (primary),QDFL,1,0.776787281036377
Azamuke 2024 (primary),QDFL,1,0.7959258556365967
Azamuke 2024 (primary),QDFL,0,0.017817819491028786
Azamuke 2024 (primary),QDFL,1,0.7856495380401611
Azamuke 2024 (primary),QDFL,0,0.7722784280776978
Azamuke 2024 (primary),QDFL,1,0.7613242864608765
Azamuke 2024 (primary),QDFL,1,0.7524282336235046
Azamuke 2024 (primary),QDFL,0,0.012867780402302742
Azamuke 2024 (primary),QDFL,0,0.025923682376742363
Azamuke 2024 (primary),QDFL,1,0.7885562181472778
Azamuke 2024 (primary),QDFL,0,0.05063789337873459
Azamuke 2024 (primary),QDFL,0,0.7751497030258179
Azamuke 2024 (primary),QDFL,1,0.7977635860443115
Azamuke 2024 (primary),QDFL,0,0.04419093206524849
Azamuke 2024 (primary),QDFL,0,0.0005435320781543851
Azamuke 2024 (primary),QDFL,0,0.014544508419930935
Azamuke 2024 (primary),QDFL,0,0.001775170094333589
Azamuke 2024 (primary),QDFL,1,0.7613711953163147
Azamuke 2024 (primary),QDFL,0,0.8338961005210876
Azamuke 2024 (primary),QDFL,0,0.8166341185569763
Azamuke 2024 (primary),QDFL,1,0.8241565823554993
Azamuke 2024 (primary),QDFL,0,0.7868665456771851
Azamuke 2024 (primary),QDFL,0,0.7752983570098877
Azamuke 2024 (primary),QDFL,1,0.7995377779006958
Azamuke 2024 (primary),QDFL,0,0.0010148469591513276
Azamuke 2024 (primary),QDFL,0,0.7928821444511414
Azamuke 2024 (primary),QDFL,1,0.42896246910095215
Azamuke 2024 (primary),QDFL,1,0.7963583469390869
Azamuke 2024 (primary),QDFL,1,0.8140128254890442
Azamuke 2024 (primary),QDFL,0,0.23044127225875854
Azamuke 2024 (primary),QDFL,0,0.037713441997766495
Azamuke 2024 (primary),QDFL,0,0.010501247830688953
Azamuke 2024 (primary),QDFL,1,0.807557225227356
Azamuke 2024 (primary),QDFL,0,0.7225049138069153
Azamuke 2024 (primary),QDFL,0,0.005853903014212847
Azamuke 2024 (primary),QDFL,0,0.007753254845738411
Azamuke 2024 (primary),QDFL,0,0.18303538858890533
Azamuke 2024 (primary),QDFL,0,0.01683133654296398
Azamuke 2024 (primary),QDFL,0,0.7425107359886169
Azamuke 2024 (primary),QDFL,1,0.7831315994262695
Azamuke 2024 (primary),QDFL,0,0.5042304396629333
Azamuke 2024 (primary),QDFL,0,0.6268881559371948
Azamuke 2024 (primary),QDFL,1,0.7658606767654419
Azamuke 2024 (primary),QDFL,0,0.01834043487906456
Azamuke 2024 (primary),QDFL,0,0.02765723317861557
Azamuke 2024 (primary),QDFL,1,0.8019385933876038
Azamuke 2024 (primary),QDFL,1,0.7952699661254883
Azamuke 2024 (primary),QDFL,1,0.7959250211715698
Azamuke 2024 (primary),QDFL,0,0.8210928440093994
Azamuke 2024 (primary),QDFL,0,0.7552058100700378
Azamuke 2024 (primary),QDFL,0,0.01552195567637682
Azamuke 2024 (primary),QDFL,0,0.00581172714009881
Azamuke 2024 (primary),QDFL,1,0.8080788254737854
Azamuke 2024 (primary),QDFL,0,0.0005412142490968108
Azamuke 2024 (primary),QDFL,0,0.013860180974006653
Azamuke 2024 (primary),QDFL,0,0.8040327429771423
Azamuke 2024 (primary),QDFL,0,0.017915548756718636
Azamuke 2024 (primary),QDFL,0,0.8279991149902344
Azamuke 2024 (primary),QDFL,1,0.8026455044746399
Azamuke 2024 (primary),QDFL,1,0.7852456569671631
Azamuke 2024 (primary),QDFL,1,0.8277719616889954
Azamuke 2024 (primary),QDFL,1,0.7877585887908936
Azamuke 2024 (primary),QDFL,0,0.0032332728151232004
Azamuke 2024 (primary),QDFL,1,0.7951935529708862
Azamuke 2024 (primary),QDFL,1,0.8074786067008972
Azamuke 2024 (primary),QDFL,1,0.7971358895301819
Azamuke 2024 (primary),QDFL,0,0.7440224885940552
Azamuke 2024 (primary),QDFL,0,0.7835628390312195
Azamuke 2024 (primary),QDFL,1,0.7999981045722961
Azamuke 2024 (primary),QDFL,1,0.8025378584861755
Azamuke 2024 (primary),QDFL,1,0.8361036777496338
Azamuke 2024 (primary),QDFL,0,0.7763442993164062
Azamuke 2024 (primary),QDFL,1,0.6710954308509827
Azamuke 2024 (primary),QDFL,1,0.6608265042304993
Azamuke 2024 (primary),QDFL,1,0.7700499892234802
Azamuke 2024 (primary),QDFL,1,0.7863487601280212
Azamuke 2024 (primary),QDFL,1,0.8270068764686584
Azamuke 2024 (primary),QDFL,1,0.013764174655079842
Azamuke 2024 (primary),QDFL,0,0.000894322874955833
Azamuke 2024 (primary),QDFL,0,0.011118096299469471
Azamuke 2024 (primary),QDFL,1,0.8250830769538879
Azamuke 2024 (primary),QDFL,1,0.7627700567245483
Azamuke 2024 (primary),QDFL,0,0.02918710745871067
Azamuke 2024 (primary),QDFL,0,0.048502448946237564
Azamuke 2024 (primary),QDFL,0,0.3236754536628723
Azamuke 2024 (primary),QDFL,1,0.7916889786720276
Azamuke 2024 (primary),QDFL,0,0.7972337007522583
Azamuke 2024 (primary),QDFL,0,0.009418388828635216
Azamuke 2024 (primary),QDFL,1,0.793600857257843
Azamuke 2024 (primary),QDFL,0,0.00047109040315262973
Azamuke 2024 (primary),QDFL,1,0.7087491750717163
Azamuke 2024 (primary),QDFL,0,0.046076055616140366
Azamuke 2024 (primary),QDFL,1,0.7170301079750061
Azamuke 2024 (primary),QDFL,0,0.003095690393820405
Azamuke 2024 (primary),QDFL,0,0.005280990619212389
Azamuke 2024 (primary),QDFL,0,0.02273184061050415
Azamuke 2024 (primary),QDFL,1,0.7059460878372192
Azamuke 2024 (primary),QDFL,1,0.7973567247390747
Azamuke 2024 (primary),QDFL,0,0.0026111258193850517
Azamuke 2024 (primary),QDFL,0,0.004635239019989967
Azamuke 2024 (primary),QDFL,0,0.024668851867318153
Azamuke 2024 (primary),QDFL,0,0.002249373821541667
Azamuke 2024 (primary),QDFL,1,0.2248172014951706
Azamuke 2024 (primary),QDFL,1,0.6831850409507751
Azamuke 2024 (primary),QDFL,1,0.5583998560905457
Azamuke 2024 (primary),QDFL,1,0.8163851499557495
Azamuke 2024 (primary),QDFL,1,0.8119103312492371
Azamuke 2024 (primary),QDFL,1,0.8310738205909729
Azamuke 2024 (primary),QDFL,0,0.7754424214363098
Azamuke 2024 (primary),QDFL,1,0.792665958404541
Azamuke 2024 (primary),QDFL,0,0.8045176267623901
Azamuke 2024 (primary),QDFL,1,0.70993572473526
Azamuke 2024 (primary),QDFL,1,0.800765335559845
Azamuke 2024 (primary),QDFL,1,0.7852286100387573
Azamuke 2024 (primary),QDFL,0,0.0088109839707613
Azamuke 2024 (primary),QDFL,0,0.0024420064873993397
Azamuke 2024 (primary),QDFL,0,0.058727506548166275
Azamuke 2024 (primary),QDFL,0,0.011117813177406788
Azamuke 2024 (primary),QDFL,0,0.008201315067708492
Azamuke 2024 (primary),QDFL,1,0.7728850245475769
Azamuke 2024 (primary),QDFL,0,0.08426512032747269
Azamuke 2024 (primary),QDFL,0,0.00935211218893528
Azamuke 2024 (primary),QDFL,0,0.7963197827339172
Azamuke 2024 (primary),QDFL,0,0.0011199532309547067
Azamuke 2024 (primary),QDFL,1,0.7949278354644775
Azamuke 2024 (primary),QDFL,0,0.02079233154654503
Azamuke 2024 (primary),QDFL,0,0.637032687664032
Azamuke 2024 (primary),QDFL,0,0.010868540033698082
Azamuke 2024 (primary),QDFL,1,0.7565937638282776
Azamuke 2024 (primary),QDFL,1,0.8145601749420166
Azamuke 2024 (primary),QDFL,1,0.8033012747764587
Azamuke 2024 (primary),QDFL,0,0.00911206565797329
Azamuke 2024 (primary),QDFL,0,0.0035192419309169054
Azamuke 2024 (primary),QDFL,1,0.7053365111351013
Azamuke 2024 (primary),QDFL,0,0.0008239182643592358
Azamuke 2024 (primary),QDFL,1,0.7977025508880615
Azamuke 2024 (primary),QDFL,0,0.8117350339889526
Azamuke 2024 (primary),QDFL,0,0.00914397556334734
Azamuke 2024 (primary),QDFL,1,0.8067713379859924
Azamuke 2024 (primary),QDFL,0,0.7761349678039551
Azamuke 2024 (primary),QDFL,1,0.8047385215759277
Azamuke 2024 (primary),QDFL,0,0.01212361827492714
Azamuke 2024 (primary),QDFL,1,0.7412692904472351
Azamuke 2024 (primary),QDFL,1,0.787844181060791
Azamuke 2024 (primary),QDFL,0,0.0006483936449512839
Azamuke 2024 (primary),QDFL,0,0.04269307106733322
Azamuke 2024 (primary),QDFL,1,0.8074100613594055
Azamuke 2024 (primary),QDFL,0,0.005419245455414057
Azamuke 2024 (primary),QDFL,1,0.7821458578109741
Azamuke 2024 (primary),QDFL,0,0.5800084471702576
Azamuke 2024 (primary),QDFL,1,0.8138813376426697
Azamuke 2024 (primary),QDFL,1,0.7377066016197205
Azamuke 2024 (primary),QDFL,0,0.013117832131683826
Azamuke 2024 (primary),QDFL,1,0.8204774856567383
Azamuke 2024 (primary),QDFL,1,0.7829427123069763
Azamuke 2024 (primary),QDFL,0,0.011976277455687523
Azamuke 2024 (primary),QDFL,1,0.8045936226844788
Azamuke 2024 (primary),QDFL,0,0.000911577430088073
Azamuke 2024 (primary),QDFL,1,0.8336384892463684
Azamuke 2024 (primary),QDFL,0,0.006444547791033983
Azamuke 2024 (primary),QDFL,0,0.16890673339366913
Azamuke 2024 (primary),QDFL,1,0.8041877746582031
Azamuke 2024 (primary),QDFL,1,0.7980695366859436
Azamuke 2024 (primary),QDFL,1,0.7739315032958984
Azamuke 2024 (primary),QDFL,0,0.029558377340435982
Azamuke 2024 (primary),QDFL,0,0.05769331380724907
Azamuke 2024 (primary),QDFL,1,0.7502619624137878
Azamuke 2024 (primary),QDFL,1,0.8090643286705017
Azamuke 2024 (primary),QDFL,0,0.785439670085907
Azamuke 2024 (primary),QDFL,0,0.0024593451526015997
Azamuke 2024 (primary),QDFL,0,0.045187823474407196
Azamuke 2024 (primary),QDFL,0,0.0156210632994771
Azamuke 2024 (primary),QDFL,0,0.7973213791847229
Azamuke 2024 (primary),QDFL,1,0.7601991891860962
Azamuke 2024 (primary),QDFL,0,0.0010670872870832682
Azamuke 2024 (primary),QDFL,0,0.017446907237172127
Azamuke 2024 (primary),QDFL,1,0.8044202923774719
Azamuke 2024 (primary),QDFL,1,0.8069494366645813
Azamuke 2024 (primary),QDFL,1,0.7552457451820374
Azamuke 2024 (primary),QDFL,1,0.7488542199134827
Azamuke 2024 (primary),QDFL,0,0.08951903879642487
Azamuke 2024 (primary),QDFL,0,0.2748452126979828
Azamuke 2024 (primary),QDFL,0,0.7901328206062317
Azamuke 2024 (primary),QDFL,1,0.7937703728675842
Azamuke 2024 (primary),QDFL,1,0.5642362833023071
Azamuke 2024 (primary),QDFL,1,0.7982363104820251
Azamuke 2024 (primary),QDFL,0,0.017338618636131287
Azamuke 2024 (primary),QDFL,0,0.0219573974609375
Azamuke 2024 (primary),QDFL,0,0.2707103192806244
Azamuke 2024 (primary),QDFL,1,0.8065169453620911
Azamuke 2024 (primary),QDFL,0,0.004313217476010323
Azamuke 2024 (primary),QDFL,0,0.04892110452055931
Azamuke 2024 (primary),QDFL,1,0.7413043975830078
Azamuke 2024 (primary),QDFL,0,0.004244635347276926
Azamuke 2024 (primary),QDFL,1,0.7307326793670654
Azamuke 2024 (primary),QDFL,0,0.010515001602470875
Azamuke 2024 (primary),QDFL,1,0.8232507109642029
Azamuke 2024 (primary),QDFL,1,0.802087128162384
Azamuke 2024 (primary),QDFL,1,0.7978748679161072
Azamuke 2024 (primary),QDFL,0,0.015219200402498245
Azamuke 2024 (primary),QDFL,0,0.8113929629325867
Azamuke 2024 (primary),QDFL,0,0.011320658028125763
Azamuke 2024 (primary),QDFL,0,0.7974942922592163
Azamuke 2024 (primary),QDFL,1,0.8014554381370544
Azamuke 2024 (primary),QDFL,1,0.758692741394043
Azamuke 2024 (primary),QDFL,0,0.7366418838500977
Azamuke 2024 (primary),QDFL,0,0.0026025057304650545
Azamuke 2024 (primary),QDFL,1,0.8304181098937988
Azamuke 2024 (primary),QDFL,1,0.799247682094574
Azamuke 2024 (primary),QDFL,1,0.7059001326560974
Azamuke 2024 (primary),QDFL,1,0.7976146340370178
Azamuke 2024 (primary),QDFL,0,0.45820754766464233
Azamuke 2024 (primary),QDFL,0,0.7957746386528015
Azamuke 2024 (primary),QDFL,0,0.024644244462251663
Azamuke 2024 (primary),QDFL,1,0.8581753969192505
Azamuke 2024 (primary),QDFL,0,0.43286243081092834
Azamuke 2024 (primary),QDFL,0,0.14227935671806335
Azamuke 2024 (primary),QDFL,0,0.012805840000510216
Azamuke 2024 (primary),QDFL,1,0.7935250401496887
Azamuke 2024 (primary),QDFL,1,0.8238711357116699
Azamuke 2024 (primary),QDFL,1,0.8093911409378052
Azamuke 2024 (primary),QDFL,0,0.0015623620711266994
Azamuke 2024 (primary),QDFL,1,0.779282808303833
Azamuke 2024 (primary),QDFL,1,0.8267737030982971
Azamuke 2024 (primary),QDFL,1,0.8147919178009033
Azamuke 2024 (primary),QDFL,1,0.7913141846656799
Azamuke 2024 (primary),QDFL,0,0.013217894360423088
Azamuke 2024 (primary),QDFL,1,0.7853663563728333
Azamuke 2024 (primary),QDFL,1,0.7653961181640625
Azamuke 2024 (primary),QDFL,0,0.0025285687297582626
Azamuke 2024 (primary),QDFL,1,0.791822075843811
Azamuke 2024 (primary),QDFL,0,0.0028750912752002478
Azamuke 2024 (primary),QDFL,1,0.8037666082382202
Azamuke 2024 (primary),QDFL,1,0.7948070168495178
Azamuke 2024 (primary),QDFL,1,0.7907136678695679
Azamuke 2024 (primary),QDFL,0,0.016285907477140427
Azamuke 2024 (primary),QDFL,0,0.073879674077034
Azamuke 2024 (primary),QDFL,0,0.007114119362086058
Azamuke 2024 (primary),QDFL,0,0.7913779616355896
Azamuke 2024 (primary),QDFL,1,0.7888002395629883
Azamuke 2024 (primary),QDFL,1,0.7887727618217468
Azamuke 2024 (primary),QDFL,1,0.8147464394569397
Azamuke 2024 (primary),QDFL,0,0.22090664505958557
Azamuke 2024 (primary),QDFL,1,0.7913362979888916
Azamuke 2024 (primary),QDFL,0,0.01489512249827385
Azamuke 2024 (primary),QDFL,1,0.7084870934486389
Azamuke 2024 (primary),QDFL,1,0.7698071002960205
Azamuke 2024 (primary),QDFL,0,0.8017188310623169
Azamuke 2024 (primary),QDFL,0,0.0027416262309998274
Azamuke 2024 (primary),QDFL,0,0.0013652205234393477
Azamuke 2024 (primary),QDFL,1,0.786575973033905
Azamuke 2024 (primary),QDFL,1,0.6864104270935059
Azamuke 2024 (primary),QDFL,1,0.8118008971214294
Azamuke 2024 (primary),QDFL,0,0.7913110852241516
Azamuke 2024 (primary),QDFL,1,0.7959461212158203
Azamuke 2024 (primary),QDFL,0,0.006117980927228928
Azamuke 2024 (primary),QDFL,0,0.002483091549947858
Azamuke 2024 (primary),QDFL,1,0.8021802306175232
Azamuke 2024 (primary),QDFL,1,0.757545530796051
Azamuke 2024 (primary),QDFL,0,0.8146397471427917
Azamuke 2024 (primary),QDFL,1,0.7776699662208557
Azamuke 2024 (primary),QDFL,1,0.7951247096061707
Azamuke 2024 (primary),QDFL,0,0.08564295619726181
Azamuke 2024 (primary),QDFL,1,0.7882438898086548
Azamuke 2024 (primary),QDFL,0,0.016400139778852463
Azamuke 2024 (primary),QDFL,0,0.0023372340947389603
Azamuke 2024 (primary),QDFL,0,0.6529188752174377
Azamuke 2024 (primary),QDFL,1,0.7613250017166138
Azamuke 2024 (primary),QDFL,1,0.7663373947143555
Azamuke 2024 (primary),QDFL,1,0.797293484210968
Azamuke 2024 (primary),QDFL,0,0.01473069004714489
Azamuke 2024 (primary),QDFL,0,0.06741029024124146
Azamuke 2024 (primary),QDFL,0,0.7951576709747314
Azamuke 2024 (primary),QDFL,1,0.7737295031547546
Azamuke 2024 (primary),QDFL,0,0.021698078140616417
Azamuke 2024 (primary),QDFL,1,0.7757818698883057
Azamuke 2024 (primary),QDFL,0,0.013836073689162731
Azamuke 2024 (primary),QDFL,0,0.7647709846496582
Azamuke 2024 (primary),QDFL,1,0.7819194793701172
Azamuke 2024 (primary),QDFL,0,0.05368248373270035
Azamuke 2024 (primary),QDFL,1,0.7002174258232117
Azamuke 2024 (primary),QDFL,0,0.013955277390778065
Azamuke 2024 (primary),QDFL,0,0.796668529510498
Azamuke 2024 (primary),QDFL,1,0.7808526754379272
Azamuke 2024 (primary),QDFL,1,0.7818878889083862
Azamuke 2024 (primary),QDFL,0,0.8094335198402405
Azamuke 2024 (primary),QDFL,1,0.8578674793243408
Azamuke 2024 (primary),QDFL,1,0.6415722370147705
Azamuke 2024 (primary),QDFL,0,0.010658578015863895
Azamuke 2024 (primary),QDFL,0,0.023260703310370445
Azamuke 2024 (primary),QDFL,0,0.7975385785102844
Azamuke 2024 (primary),QDFL,1,0.8083893060684204
Azamuke 2024 (primary),QDFL,1,0.7978588342666626
Azamuke 2024 (primary),QDFL,1,0.806065559387207
Azamuke 2024 (primary),QDFL,1,0.6070981621742249
Azamuke 2024 (primary),QDFL,1,0.8011553287506104
Azamuke 2024 (primary),QDFL,0,0.025417160242795944
Azamuke 2024 (primary),QDFL,1,0.8281913995742798
Azamuke 2024 (primary),QDFL,0,0.021288368850946426
Azamuke 2024 (primary),QDFL,1,0.7777755260467529
Azamuke 2024 (primary),QDFL,0,0.8016692996025085
Azamuke 2024 (primary),QDFL,0,0.01817559078335762
Azamuke 2024 (primary),QDFL,0,0.28263530135154724
Azamuke 2024 (primary),QDFL,0,0.01263040117919445
Azamuke 2024 (primary),QDFL,0,0.0009323667618446052
Azamuke 2024 (primary),QDFL,1,0.802497923374176
Azamuke 2024 (primary),QDFL,0,0.0152044128626585
Azamuke 2024 (primary),QDFL,0,0.006717209238559008
Azamuke 2024 (primary),QDFL,0,0.034397780895233154
Azamuke 2024 (primary),QDFL,0,0.00125561049208045
Azamuke 2024 (primary),QDFL,0,0.002585056470707059
Azamuke 2024 (primary),QDFL,1,0.7702237963676453
Azamuke 2024 (primary),QDFL,1,0.7979368567466736
Azamuke 2024 (primary),QDFL,0,0.8178240656852722
Azamuke 2024 (primary),QDFL,1,0.8222837448120117
Azamuke 2024 (primary),QDFL,0,0.03399580717086792
Azamuke 2024 (primary),QDFL,0,0.051766037940979004
Azamuke 2024 (primary),QDFL,1,0.7996243238449097
Azamuke 2024 (primary),QDFL,1,0.7298009395599365
Azamuke 2024 (primary),QDFL,1,0.7786706686019897
Azamuke 2024 (primary),QDFL,0,0.7835835814476013
Azamuke 2024 (primary),QDFL,0,0.7456517219543457
Azamuke 2024 (primary),QDFL,1,0.7877616286277771
Azamuke 2024 (primary),QDFL,1,0.7955088019371033
Azamuke 2024 (primary),QDFL,1,0.7703701257705688
Azamuke 2024 (primary),QDFL,1,0.750933825969696
Azamuke 2024 (primary),QDFL,1,0.8046831488609314
Azamuke 2024 (primary),QDFL,1,0.8479309678077698
Azamuke 2024 (primary),QDFL,0,0.690912663936615
Azamuke 2024 (primary),QDFL,0,0.8056439161300659
Azamuke 2024 (primary),QDFL,1,0.7910884022712708
Azamuke 2024 (primary),QDFL,1,0.8103296756744385
Azamuke 2024 (primary),QDFL,1,0.7979815602302551
Azamuke 2024 (primary),QDFL,1,0.7678258419036865
Azamuke 2024 (primary),QDFL,1,0.7852716445922852
Azamuke 2024 (primary),QDFL,1,0.7570154666900635
Azamuke 2024 (primary),QDFL,0,0.02462073601782322
Azamuke 2024 (primary),QDFL,1,0.7981860637664795
Azamuke 2024 (primary),QDFL,1,0.7685771584510803
Azamuke 2024 (primary),QDFL,1,0.7974044680595398
Azamuke 2024 (primary),QDFL,0,0.007472742814570665
Azamuke 2024 (primary),QDFL,0,0.0040087453089654446
Azamuke 2024 (primary),QDFL,1,0.7338356971740723
Azamuke 2024 (primary),QDFL,1,0.8089339137077332
Azamuke 2024 (primary),QDFL,1,0.7693125009536743
Azamuke 2024 (primary),QDFL,0,0.021488185971975327
Azamuke 2024 (primary),QDFL,1,0.8031894564628601
Azamuke 2024 (primary),QDFL,0,0.4879171848297119
Azamuke 2024 (primary),QDFL,0,0.0025855028070509434
Azamuke 2024 (primary),QDFL,0,0.05231722444295883
Azamuke 2024 (primary),QDFL,0,0.5388318300247192
Azamuke 2024 (primary),QDFL,0,0.7911759614944458
Azamuke 2024 (primary),QDFL,0,0.002901423256844282
Azamuke 2024 (primary),QDFL,0,0.0059555526822805405
Azamuke 2024 (primary),QDFL,0,0.008494297973811626
Azamuke 2024 (primary),QDFL,0,0.665530800819397
Azamuke 2024 (primary),QDFL,1,0.8055304288864136
Azamuke 2024 (primary),QDFL,1,0.7158607840538025
Azamuke 2024 (primary),QDFL,1,0.8280486464500427
Azamuke 2024 (primary),QDFL,1,0.7926204800605774
Azamuke 2024 (primary),QDFL,0,0.001506662811152637
Azamuke 2024 (primary),QDFL,1,0.7803862690925598
Azamuke 2024 (primary),QDFL,1,0.7937594652175903
Azamuke 2024 (primary),QDFL,0,0.014199366793036461
Azamuke 2024 (primary),QDFL,1,0.04313354566693306
Azamuke 2024 (primary),QDFL,0,0.011347663588821888
Azamuke 2024 (primary),QDFL,1,0.7415494322776794
Azamuke 2024 (primary),QDFL,0,0.0055098384618759155
Azamuke 2024 (primary),QDFL,1,0.8162766098976135
Azamuke 2024 (primary),QDFL,0,0.0009887650376185775
Azamuke 2024 (primary),QDFL,1,0.7502427101135254
Azamuke 2024 (primary),QDFL,0,0.022783076390624046
Azamuke 2024 (primary),QDFL,0,0.8015834093093872
Azamuke 2024 (primary),QDFL,1,0.7579363584518433
Azamuke 2024 (primary),QDFL,0,0.017774170264601707
Azamuke 2024 (primary),QDFL,1,0.8018856048583984
Azamuke 2024 (primary),QDFL,1,0.0015596100129187107
Azamuke 2024 (primary),QDFL,0,0.7565446496009827
Azamuke 2024 (primary),QDFL,1,0.7997478246688843
Azamuke 2024 (primary),QDFL,0,0.00917875487357378
Azamuke 2024 (primary),QDFL,1,0.8390100598335266
Azamuke 2024 (primary),QDFL,0,0.0012502761092036963
Azamuke 2024 (primary),QDFL,1,0.8181320428848267
Azamuke 2024 (primary),QDFL,0,0.23460537195205688
Azamuke 2024 (primary),QDFL,0,0.29145562648773193
Azamuke 2024 (primary),QDFL,1,0.7788641452789307
Azamuke 2024 (primary),QDFL,1,0.800062894821167
Azamuke 2024 (primary),QDFL,1,0.7944114208221436
Azamuke 2024 (primary),QDFL,0,0.012856750749051571
Azamuke 2024 (primary),QDFL,1,0.7732009887695312
Azamuke 2024 (primary),QDFL,0,0.0006505355704575777
Azamuke 2024 (primary),QDFL,1,0.769135594367981
Azamuke 2024 (primary),QDFL,1,0.8008183240890503
Azamuke 2024 (primary),QDFL,1,0.7550469636917114
Azamuke 2024 (primary),QDFL,0,0.7823547124862671
Azamuke 2024 (primary),QDFL,0,0.002909446367993951
Azamuke 2024 (primary),QDFL,0,0.7912809252738953
Azamuke 2024 (primary),QDFL,0,0.8153799176216125
Azamuke 2024 (primary),QDFL,1,0.8058756589889526
Azamuke 2024 (primary),QDFL,1,0.660093367099762
Azamuke 2024 (primary),QDFL,0,0.011462841182947159
Azamuke 2024 (primary),QDFL,1,0.7478588223457336
Azamuke 2024 (primary),QDFL,1,0.8069478869438171
Azamuke 2024 (primary),QDFL,0,0.010664508678019047
Azamuke 2024 (primary),QDFL,0,0.05582295358181
Azamuke 2024 (primary),QDFL,1,0.8002215623855591
Azamuke 2024 (primary),QDFL,1,0.7126555442810059
Azamuke 2024 (primary),QDFL,1,0.7903737425804138
Azamuke 2024 (primary),QDFL,1,0.8148013353347778
Azamuke 2024 (primary),QDFL,0,0.047156572341918945
Azamuke 2024 (primary),QDFL,0,0.799389123916626
Azamuke 2024 (primary),QDFL,0,0.05111753195524216
Azamuke 2024 (primary),QDFL,1,0.803027868270874
Azamuke 2024 (primary),QDFL,1,0.7687607407569885
Azamuke 2024 (primary),QDFL,0,0.7646968960762024
Azamuke 2024 (primary),QDFL,0,0.004720170050859451
Azamuke 2024 (primary),QDFL,0,0.24569787085056305
Azamuke 2024 (primary),QDFL,1,0.8229478001594543
Azamuke 2024 (primary),QDFL,1,0.4524616301059723
Azamuke 2024 (primary),QDFL,1,0.8222603797912598
Azamuke 2024 (primary),QDFL,0,0.010153849609196186
Azamuke 2024 (primary),QDFL,0,0.002538443775847554
Azamuke 2024 (primary),QDFL,0,0.08489137142896652
Azamuke 2024 (primary),QDFL,0,0.7981895804405212
Azamuke 2024 (primary),QDFL,0,0.02774973399937153
Azamuke 2024 (primary),QDFL,0,0.791444718837738
Azamuke 2024 (primary),QDFL,1,0.7825719118118286
Azamuke 2024 (primary),QDFL,0,0.051426246762275696
Azamuke 2024 (primary),QDFL,1,0.8055238127708435
Azamuke 2024 (primary),QDFL,1,0.76914381980896
Azamuke 2024 (primary),QDFL,0,0.008314653299748898
Azamuke 2024 (primary),QDFL,1,0.7890321612358093
Azamuke 2024 (primary),QDFL,1,0.7881038188934326
Azamuke 2024 (primary),QDFL,1,0.7696475386619568
Azamuke 2024 (primary),QDFL,0,0.809359073638916
Azamuke 2024 (primary),QDFL,0,0.09045474976301193
Azamuke 2024 (primary),QDFL,1,0.7879806756973267
Azamuke 2024 (primary),QDFL,1,0.7935191988945007
Azamuke 2024 (primary),QDFL,0,0.7973171472549438
Azamuke 2024 (primary),QDFL,0,0.004394561983644962
Azamuke 2024 (primary),QDFL,0,0.0025487318634986877
Azamuke 2024 (primary),QDFL,0,0.021268034353852272
Azamuke 2024 (primary),QDFL,0,0.0019392070826143026
Azamuke 2024 (primary),QDFL,1,0.7999569773674011
Azamuke 2024 (primary),QDFL,1,0.7422477602958679
Azamuke 2024 (primary),QDFL,0,0.0936427041888237
Azamuke 2024 (primary),QDFL,0,0.714804470539093
Azamuke 2024 (primary),QDFL,0,0.7871729135513306
Azamuke 2024 (primary),QDFL,1,0.7855129837989807
Azamuke 2024 (primary),QDFL,1,0.8244695067405701
Azamuke 2024 (primary),QDFL,1,0.8364285230636597
Azamuke 2024 (primary),QDFL,0,0.017865866422653198
Azamuke 2024 (primary),QDFL,1,0.7882632613182068
Azamuke 2024 (primary),QDFL,1,0.8043712973594666
Azamuke 2024 (primary),QDFL,0,0.0005381150986067951
Azamuke 2024 (primary),QDFL,0,0.7612049579620361
Azamuke 2024 (primary),QDFL,1,0.7915601134300232
Azamuke 2024 (primary),QDFL,1,0.7661952376365662
Azamuke 2024 (primary),QDFL,1,0.7955882549285889
Azamuke 2024 (primary),QDFL,1,0.5330902934074402
Azamuke 2024 (primary),QDFL,0,0.7452662587165833
Azamuke 2024 (primary),QDFL,1,0.8271629214286804
Azamuke 2024 (primary),QDFL,1,0.7299764752388
Azamuke 2024 (primary),QDFL,1,0.7693339586257935
Azamuke 2024 (primary),QDFL,1,0.7666723132133484
Azamuke 2024 (primary),QDFL,0,0.7100594639778137
Azamuke 2024 (primary),QDFL,0,0.0008603012538515031
Azamuke 2024 (primary),QDFL,1,0.807255208492279
Azamuke 2024 (primary),QDFL,0,0.0011951631167903543
Azamuke 2024 (primary),QDFL,0,0.0006252164603210986
Azamuke 2024 (primary),QDFL,1,0.7861517071723938
Azamuke 2024 (primary),QDFL,0,0.010025163181126118
Azamuke 2024 (primary),QDFL,0,0.80755215883255
Azamuke 2024 (primary),QDFL,1,0.8221143484115601
Azamuke 2024 (primary),QDFL,1,0.8108784556388855
Azamuke 2024 (primary),QDFL,1,0.7919489145278931
Azamuke 2024 (primary),QDFL,0,0.01719703897833824
Azamuke 2024 (primary),QDFL,1,0.8285426497459412
Azamuke 2024 (primary),QDFL,1,0.8071057796478271
Azamuke 2024 (primary),QDFL,0,0.025298161432147026
Azamuke 2024 (primary),QDFL,0,0.8041678071022034
Azamuke 2024 (primary),QDFL,0,0.006292125675827265
Azamuke 2024 (primary),QDFL,1,0.7782658934593201
Azamuke 2024 (primary),QDFL,0,0.8034501075744629
Azamuke 2024 (primary),QDFL,0,0.8046082854270935
Azamuke 2024 (primary),QDFL,0,0.0973253846168518
Azamuke 2024 (primary),QDFL,1,0.7874709367752075
Azamuke 2024 (primary),QDFL,1,0.7895600199699402
Azamuke 2024 (primary),QDFL,0,0.06824128329753876
Azamuke 2024 (primary),QDFL,0,0.40258434414863586
Azamuke 2024 (primary),QDFL,0,0.8246352672576904
Azamuke 2024 (primary),QDFL,0,0.01966763660311699
Azamuke 2024 (primary),QDFL,1,0.7649369239807129
Azamuke 2024 (primary),QDFL,1,0.8038203716278076
Azamuke 2024 (primary),QDFL,0,0.0017859387444332242
Azamuke 2024 (primary),QDFL,1,0.8226667046546936
Azamuke 2024 (primary),QDFL,1,0.809257447719574
Azamuke 2024 (primary),QDFL,1,0.8101617693901062
Azamuke 2024 (primary),QDFL,0,0.03037535585463047
Azamuke 2024 (primary),QDFL,1,0.1482015997171402
Azamuke 2024 (primary),QDFL,1,0.8223556280136108
Azamuke 2024 (primary),QDFL,0,0.8107177019119263
Azamuke 2024 (primary),QDFL,0,0.038512568920850754
Azamuke 2024 (primary),QDFL,0,0.7815327048301697
Azamuke 2024 (primary),QDFL,0,0.0011173940729349852
Azamuke 2024 (primary),QDFL,0,0.00100472301710397
Azamuke 2024 (primary),QDFL,0,0.004532939288765192
Azamuke 2024 (primary),QDFL,1,0.8092275261878967
Azamuke 2024 (primary),QDFL,0,0.061347655951976776
Azamuke 2024 (primary),QDFL,0,0.008152225986123085
Azamuke 2024 (primary),QDFL,0,0.1737249791622162
Azamuke 2024 (primary),QDFL,1,0.8117114305496216
Azamuke 2024 (primary),QDFL,0,0.8121517896652222
Azamuke 2024 (primary),QDFL,0,0.0011922783451154828
Azamuke 2024 (primary),QDFL,1,0.8238394260406494
Azamuke 2024 (primary),QDFL,0,0.7890500426292419
Azamuke 2024 (primary),QDFL,1,0.7883217930793762
Azamuke 2024 (primary),QDFL,0,0.6970749497413635
Azamuke 2024 (primary),QDFL,0,0.06537771970033646
Azamuke 2024 (primary),QDFL,1,0.7988657355308533
Azamuke 2024 (primary),QDFL,1,0.81219881772995
Azamuke 2024 (primary),QDFL,0,0.027929319068789482
Azamuke 2024 (primary),QDFL,1,0.08097683638334274
Azamuke 2024 (primary),QDFL,0,0.005152696277946234
Azamuke 2024 (primary),QDFL,1,0.803473949432373
Azamuke 2024 (primary),QDFL,1,0.7974005937576294
Azamuke 2024 (primary),QDFL,0,0.7799638509750366
Azamuke 2024 (primary),QDFL,1,0.7804685831069946
Azamuke 2024 (primary),QDFL,1,0.7918762564659119
Azamuke 2024 (primary),QDFL,0,0.04259803146123886
Azamuke 2024 (primary),QDFL,1,0.8511257171630859
Azamuke 2024 (primary),QDFL,0,0.8005216717720032
Azamuke 2024 (primary),QDFL,0,0.6991813778877258
Azamuke 2024 (primary),QDFL,1,0.7777242064476013
Azamuke 2024 (primary),QDFL,0,0.0158252976834774
Azamuke 2024 (primary),QDFL,1,0.8041194677352905
Azamuke 2024 (primary),QDFL,1,0.7776559591293335
Azamuke 2024 (primary),QDFL,0,0.42083805799484253
Azamuke 2024 (primary),QDFL,1,0.8021828532218933
Azamuke 2024 (primary),QDFL,1,0.7418655157089233
Azamuke 2024 (primary),QDFL,1,0.7022162675857544
Azamuke 2024 (primary),QDFL,0,0.8137679696083069
Azamuke 2024 (primary),QDFL,1,0.7492766976356506
Azamuke 2024 (primary),QDFL,0,0.33289724588394165
Azamuke 2024 (primary),QDFL,0,0.27265921235084534
Azamuke 2024 (primary),QDFL,0,0.6443327069282532
Azamuke 2024 (primary),QDFL,1,0.766628623008728
Azamuke 2024 (primary),QDFL,1,0.7606397867202759
Azamuke 2024 (primary),QDFL,1,0.7905204892158508
Azamuke 2024 (primary),QDFL,0,0.025908080860972404
Azamuke 2024 (primary),QDFL,0,0.00690064812079072
Azamuke 2024 (primary),QDFL,0,0.8128238320350647
Azamuke 2024 (primary),QDFL,0,0.7550576329231262
Azamuke 2024 (primary),QDFL,1,0.7629777789115906
Azamuke 2024 (primary),QDFL,1,0.8006662726402283
Azamuke 2024 (primary),QDFL,1,0.7765734195709229
Azamuke 2024 (primary),QDFL,1,0.7782607674598694
Azamuke 2024 (primary),QDFL,1,0.7720175385475159
Azamuke 2024 (primary),QDFL,1,0.6971426010131836
Azamuke 2024 (primary),QDFL,0,0.11858097463846207
Azamuke 2024 (primary),QDFL,1,0.8065714836120605
Azamuke 2024 (primary),QDFL,0,0.783790111541748
Azamuke 2024 (primary),QDFL,0,0.0016694733640179038
Azamuke 2024 (primary),QDFL,0,0.7786900997161865
Azamuke 2024 (primary),QDFL,1,0.8265892267227173
Azamuke 2024 (primary),QDFL,0,0.024124152958393097
Azamuke 2024 (primary),QDFL,1,0.7884691953659058
Azamuke 2024 (primary),QDFL,0,0.0052268304862082005
Azamuke 2024 (primary),QDFL,0,0.7711111903190613
Azamuke 2024 (primary),QDFL,0,0.8054753541946411
Azamuke 2024 (primary),QDFL,0,0.013003729283809662
Azamuke 2024 (primary),QDFL,0,0.796863317489624
Azamuke 2024 (primary),QDFL,0,0.00136477779597044
Azamuke 2024 (primary),QDFL,1,0.7796250581741333
Azamuke 2024 (primary),QDFL,1,0.7942038178443909
Azamuke 2024 (primary),QDFL,1,0.7858757972717285
Azamuke 2024 (primary),QDFL,0,0.11869987100362778
Azamuke 2024 (primary),QDFL,0,0.012887882068753242
Azamuke 2024 (primary),QDFL,0,0.774375319480896
Azamuke 2024 (primary),QDFL,1,0.7830680012702942
Azamuke 2024 (primary),QDFL,0,0.02602570503950119
Azamuke 2024 (primary),QDFL,1,0.7875775098800659
Azamuke 2024 (primary),QDFL,0,0.009525985457003117
Azamuke 2024 (primary),QDFL,0,0.001153350225649774
Azamuke 2024 (primary),QDFL,0,0.017893312498927116
Azamuke 2024 (primary),QDFL,1,0.7795262336730957
Azamuke 2024 (primary),QDFL,1,0.8027597069740295
Azamuke 2024 (primary),QDFL,0,0.006299616303294897
Azamuke 2024 (primary),QDFL,0,0.5795220732688904
Azamuke 2024 (primary),QDFL,0,0.0021947245113551617
Azamuke 2024 (primary),QDFL,1,0.058109696954488754
Azamuke 2024 (primary),QDFL,0,0.08907520771026611
Azamuke 2024 (primary),QDFL,0,0.11054891347885132
Azamuke 2024 (primary),QDFL,0,0.7525172233581543
Azamuke 2024 (primary),QDFL,0,0.0042913504876196384
Azamuke 2024 (primary),QDFL,0,0.0002528724435251206
Azamuke 2024 (primary),QDFL,0,0.0017975115915760398
Azamuke 2024 (primary),QDFL,1,0.802503764629364
Azamuke 2024 (primary),QDFL,1,0.7598657011985779
Azamuke 2024 (primary),QDFL,0,0.02842879481613636
Azamuke 2024 (primary),QDFL,0,0.011451371014118195
Azamuke 2024 (primary),QDFL,0,0.04365601763129234
Azamuke 2024 (primary),QDFL,0,0.0007263410952873528
Azamuke 2024 (primary),QDFL,0,0.009320410899817944
Azamuke 2024 (primary),QDFL,1,0.8096028566360474
Azamuke 2024 (primary),QDFL,0,0.0020544726867228746
Azamuke 2024 (primary),QDFL,0,0.022260349243879318
Azamuke 2024 (primary),QDFL,0,0.7463296055793762
Azamuke 2024 (primary),QDFL,0,0.01546779926866293
Azamuke 2024 (primary),QDFL,1,0.7810211181640625
Azamuke 2024 (primary),QDFL,0,0.007405698299407959
Azamuke 2024 (primary),QDFL,0,0.507706880569458
Azamuke 2024 (primary),QDFL,0,0.7274329662322998
Azamuke 2024 (primary),QDFL,1,0.8035181164741516
Azamuke 2024 (primary),QDFL,0,0.33837199211120605
Azamuke 2024 (primary),QDFL,1,0.7908000349998474
Azamuke 2024 (primary),QDFL,1,0.766445517539978
Azamuke 2024 (primary),QDFL,0,0.8101261854171753
Azamuke 2024 (primary),QDFL,0,0.822147786617279
Azamuke 2024 (primary),QDFL,1,0.7778591513633728
Azamuke 2024 (primary),QDFL,0,0.489503413438797
Azamuke 2024 (primary),QDFL,1,0.7855412364006042
Azamuke 2024 (primary),QDFL,0,0.8156084418296814
Azamuke 2024 (primary),QDFL,0,0.009831991046667099
Azamuke 2024 (primary),QDFL,0,0.02355610765516758
Azamuke 2024 (primary),QDFL,1,0.004950919188559055
Azamuke 2024 (primary),QDFL,0,0.8190274834632874
Azamuke 2024 (primary),QDFL,0,0.031505025923252106
Azamuke 2024 (primary),QDFL,0,0.001311622210778296
Azamuke 2024 (primary),QDFL,1,0.7036798000335693
Azamuke 2024 (primary),QDFL,1,0.7953100204467773
Azamuke 2024 (primary),QDFL,0,0.004622305743396282
Azamuke 2024 (primary),QDFL,1,0.8043668270111084
Azamuke 2024 (primary),QDFL,0,0.8062693476676941
Azamuke 2024 (primary),QDFL,0,0.0011126863537356257
Azamuke 2024 (primary),QDFL,1,0.7945346832275391
Azamuke 2024 (primary),QDFL,0,0.6865924596786499
Azamuke 2024 (primary),QDFL,1,0.8119485974311829
Azamuke 2024 (primary),QDFL,1,0.8122497797012329
Azamuke 2024 (primary),QDFL,0,0.08660394698381424
Azamuke 2024 (primary),QDFL,1,0.7937597036361694
Azamuke 2024 (primary),QDFL,0,0.0029370649717748165
Azamuke 2024 (primary),QDFL,1,0.7742823958396912
Azamuke 2024 (primary),QDFL,1,0.6813253164291382
Azamuke 2024 (primary),QDFL,0,0.0013758287532255054
Azamuke 2024 (primary),QDFL,1,0.8114041686058044
Azamuke 2024 (primary),QDFL,0,0.803925633430481
Azamuke 2024 (primary),QDFL,0,0.011487316340208054
Azamuke 2024 (primary),QDFL,0,0.7677629590034485
Azamuke 2024 (primary),QDFL,1,0.7975893616676331
Azamuke 2024 (primary),QDFL,1,0.7744995951652527
Azamuke 2024 (primary),QDFL,1,0.7440919876098633
Azamuke 2024 (primary),QDFL,1,0.8060160279273987
Azamuke 2024 (primary),QDFL,0,0.8157293796539307
Azamuke 2024 (primary),QDFL,0,0.8205278515815735
Azamuke 2024 (primary),QDFL,0,0.03210414573550224
Azamuke 2024 (primary),QDFL,0,0.004709934815764427
Azamuke 2024 (primary),QDFL,1,0.8049983978271484
Azamuke 2024 (primary),QDFL,0,0.0016387406503781676
Azamuke 2024 (primary),QDFL,0,0.7784838676452637
Azamuke 2024 (primary),QDFL,0,0.008788159117102623
Azamuke 2024 (primary),QDFL,0,0.0010169302113354206
Azamuke 2024 (primary),QDFL,1,0.7937860488891602
Azamuke 2024 (primary),QDFL,1,0.7883721590042114
Azamuke 2024 (primary),QDFL,0,0.00060152483638376
Azamuke 2024 (primary),QDFL,1,0.7502533197402954
Azamuke 2024 (primary),QDFL,0,0.7844757437705994
Azamuke 2024 (primary),QDFL,0,0.8172421455383301
Azamuke 2024 (primary),QDFL,0,0.07235182076692581
Azamuke 2024 (primary),QDFL,0,0.4948655366897583
Azamuke 2024 (primary),QDFL,1,0.8121187090873718
Azamuke 2024 (primary),QDFL,1,0.7886833548545837
Azamuke 2024 (primary),QDFL,1,0.8452324271202087
Azamuke 2024 (primary),QDFL,1,0.6702494025230408
Azamuke 2024 (primary),QDFL,0,0.011019550263881683
Azamuke 2024 (primary),QDFL,1,0.822381317615509
Azamuke 2024 (primary),QDFL,0,0.44956308603286743
Azamuke 2024 (primary),QDFL,1,0.825456976890564
Azamuke 2024 (primary),QDFL,0,0.006091178860515356
Azamuke 2024 (primary),QDFL,1,0.7861710786819458
Azamuke 2024 (primary),QDFL,0,0.008174368180334568
Azamuke 2024 (primary),QDFL,0,0.8152127861976624
Azamuke 2024 (primary),QDFL,0,0.194713294506073
Azamuke 2024 (primary),QDFL,1,0.8452842831611633
Azamuke 2024 (primary),QDFL,1,0.8199521899223328
Azamuke 2024 (primary),QDFL,0,0.7483027577400208
Azamuke 2024 (primary),QDFL,0,0.7628495693206787
Azamuke 2024 (primary),QDFL,1,0.8070473074913025
Azamuke 2024 (primary),QDFL,0,0.036574095487594604
Azamuke 2024 (primary),QDFL,1,0.7946176528930664
Azamuke 2024 (primary),QDFL,1,0.8150892853736877
Azamuke 2024 (primary),QDFL,0,0.0017933112103492022
Azamuke 2024 (primary),QDFL,0,0.02951965294778347
Azamuke 2024 (primary),QDFL,1,0.7832973003387451
Azamuke 2024 (primary),QDFL,0,0.0075308894738554955
Azamuke 2024 (primary),QDFL,1,0.726432204246521
Azamuke 2024 (primary),QDFL,0,0.0014901572139933705
Azamuke 2024 (primary),QDFL,0,0.002613926539197564
Azamuke 2024 (primary),QDFL,1,0.8250757455825806
Azamuke 2024 (primary),QDFL,0,0.7789385914802551
Azamuke 2024 (primary),QDFL,1,0.7854214906692505
Azamuke 2024 (primary),QDFL,1,0.783522367477417
Azamuke 2024 (primary),QDFL,1,0.8281124234199524
Azamuke 2024 (primary),QDFL,1,0.6629764437675476
Azamuke 2024 (primary),QDFL,0,0.005003354977816343
Azamuke 2024 (primary),QDFL,1,0.8240905404090881
Azamuke 2024 (primary),QDFL,0,0.02242266945540905
Azamuke 2024 (primary),QDFL,0,0.6749644875526428
Azamuke 2024 (primary),QDFL,0,0.030583860352635384
Azamuke 2024 (primary),QDFL,0,0.7050884366035461
Azamuke 2024 (primary),QDFL,1,0.7974827885627747
Azamuke 2024 (primary),QDFL,0,0.0012601142516359687
Azamuke 2024 (primary),QDFL,1,0.8070597648620605
Azamuke 2024 (primary),QDFL,0,0.040918927639722824
Azamuke 2024 (primary),QDFL,0,0.7311689853668213
Azamuke 2024 (primary),QDFL,0,0.005921248346567154
Azamuke 2024 (primary),QDFL,0,0.7686800360679626
Azamuke 2024 (primary),QDFL,0,0.34932610392570496
Azamuke 2024 (primary),QDFL,1,0.5287516713142395
Azamuke 2024 (primary),QDFL,0,0.39823824167251587
Azamuke 2024 (primary),QDFL,1,0.8104411363601685
Azamuke 2024 (primary),QDFL,1,0.78792405128479
Azamuke 2024 (primary),QDFL,1,0.7919032573699951
Azamuke 2024 (primary),QDFL,1,0.7939102649688721
Azamuke 2024 (primary),QDFL,0,0.003208541078492999
Azamuke 2024 (primary),QDFL,0,0.014038855209946632
Azamuke 2024 (primary),QDFL,0,0.015316326171159744
Azamuke 2024 (primary),QDFL,1,0.6840672492980957
Azamuke 2024 (primary),QDFL,0,0.0066167027689516544
Azamuke 2024 (primary),QDFL,0,0.10619784891605377
Azamuke 2024 (primary),QDFL,0,0.20700010657310486
Azamuke 2024 (primary),QDFL,1,0.7971994876861572
Azamuke 2024 (primary),QDFL,1,0.7964568138122559
Azamuke 2024 (primary),QDFL,0,0.7785200476646423
Azamuke 2024 (primary),QDFL,1,0.8189181685447693
Azamuke 2024 (primary),QDFL,0,0.041275911033153534
Azamuke 2024 (primary),QDFL,0,0.05133676528930664
Azamuke 2024 (primary),QDFL,1,0.6994940638542175
Azamuke 2024 (primary),QDFL,1,0.8341531157493591
Azamuke 2024 (primary),QDFL,0,0.806907594203949
Azamuke 2024 (primary),QDFL,0,0.7841572761535645
Azamuke 2024 (primary),QDFL,1,0.8063917756080627
Azamuke 2024 (primary),QDFL,0,0.003778274869546294
Azamuke 2024 (primary),QDFL,1,0.8182483315467834
Azamuke 2024 (primary),QDFL,1,0.7912765741348267
Azamuke 2024 (primary),QDFL,1,0.7847543358802795
Azamuke 2024 (primary),QDFL,1,0.75872802734375
Azamuke 2024 (primary),QDFL,0,0.0016470011323690414
Azamuke 2024 (primary),QDFL,1,0.8149418234825134
Azamuke 2024 (primary),QDFL,1,0.5332797765731812
Azamuke 2024 (primary),QDFL,0,0.797264814376831
Azamuke 2024 (primary),QDFL,0,0.0019765528850257397
Azamuke 2024 (primary),QDFL,1,0.7916480898857117
Azamuke 2024 (primary),QDFL,1,0.7415277361869812
Azamuke 2024 (primary),QDFL,1,0.8216407895088196
Azamuke 2024 (primary),QDFL,0,0.04029054939746857
Azamuke 2024 (primary),QDFL,1,0.8014248013496399
Azamuke 2024 (primary),QDFL,0,0.032197438180446625
Azamuke 2024 (primary),QDFL,0,0.7566852569580078
Azamuke 2024 (primary),QDFL,0,0.0026772283017635345
Azamuke 2024 (primary),QDFL,1,0.7880354523658752
Azamuke 2024 (primary),QDFL,0,0.7940605282783508
Azamuke 2024 (primary),QDFL,0,0.037437260150909424
Azamuke 2024 (primary),QDFL,0,0.03452606871724129
Azamuke 2024 (primary),QDFL,1,0.8498939275741577
Azamuke 2024 (primary),QDFL,1,0.7894436717033386
Azamuke 2024 (primary),QDFL,1,0.8078498840332031
Azamuke 2024 (primary),QDFL,1,0.786291778087616
Azamuke 2024 (primary),QDFL,1,0.813844621181488
Azamuke 2024 (primary),QDFL,1,0.8085359334945679
Azamuke 2024 (primary),QDFL,0,0.020987493917346
Azamuke 2024 (primary),QDFL,1,0.7640141248703003
Azamuke 2024 (primary),QDFL,0,0.00417722063139081
Azamuke 2024 (primary),QDFL,0,0.05270468816161156
Azamuke 2024 (primary),QDFL,1,0.7949897646903992
Azamuke 2024 (primary),QDFL,1,0.7412821650505066
Azamuke 2024 (primary),QDFL,0,0.1628434956073761
Azamuke 2024 (primary),QDFL,0,0.011208673007786274
Azamuke 2024 (primary),QDFL,1,0.5242143869400024
Azamuke 2024 (primary),QDFL,0,0.03283330053091049
Azamuke 2024 (primary),QDFL,0,0.016733158379793167
Azamuke 2024 (primary),QDFL,0,0.43225669860839844
Azamuke 2024 (primary),QDFL,1,0.8032980561256409
Azamuke 2024 (primary),QDFL,1,0.7860518097877502
Azamuke 2024 (primary),QDFL,1,0.7943709492683411
Azamuke 2024 (primary),QDFL,0,0.4779079854488373
Azamuke 2024 (primary),QDFL,1,0.7821710705757141
Azamuke 2024 (primary),QDFL,1,0.7994046807289124
Azamuke 2024 (primary),QDFL,1,0.7807888388633728
Azamuke 2024 (primary),QDFL,1,0.8049418330192566
Azamuke 2024 (primary),QDFL,1,0.7941502332687378
Azamuke 2024 (primary),QDFL,0,0.08281349390745163
Azamuke 2024 (primary),QDFL,0,0.6542391180992126
Azamuke 2024 (primary),QDFL,1,0.8054414987564087
Azamuke 2024 (primary),QDFL,0,0.1804269254207611
Azamuke 2024 (primary),QDFL,1,0.6546342372894287
Azamuke 2024 (primary),QDFL,0,0.002825268777087331
Azamuke 2024 (primary),QDFL,0,0.0033423902932554483
Azamuke 2024 (primary),QDFL,0,0.0012374799698591232
Azamuke 2024 (primary),QDFL,1,0.793641209602356
Azamuke 2024 (primary),QDFL,1,0.7856131792068481
Azamuke 2024 (primary),QDFL,0,0.004719215910881758
Azamuke 2024 (primary),QDFL,1,0.7264897227287292
Azamuke 2024 (primary),QDFL,1,0.7796503901481628
Azamuke 2024 (primary),QDFL,1,0.5048551559448242
Azamuke 2024 (primary),QDFL,1,0.8226929306983948
Azamuke 2024 (primary),QDFL,1,0.8124594688415527
Azamuke 2024 (primary),QDFL,0,0.007077648304402828
Azamuke 2024 (primary),QDFL,0,0.7922872304916382
Azamuke 2024 (primary),QDFL,1,0.7581508755683899
Azamuke 2024 (primary),QDFL,0,0.01655285805463791
Azamuke 2024 (primary),QDFL,0,0.7938742637634277
Azamuke 2024 (primary),QDFL,0,0.7106959819793701
Azamuke 2024 (primary),QDFL,0,0.5713915824890137
Azamuke 2024 (primary),QDFL,0,0.299062043428421
Azamuke 2024 (primary),QDFL,1,0.29885560274124146
Azamuke 2024 (primary),QDFL,1,0.7753129601478577
Azamuke 2024 (primary),QDFL,0,0.7799393534660339
Azamuke 2024 (primary),QDFL,1,0.817275881767273
Azamuke 2024 (primary),QDFL,1,0.01764649711549282
Azamuke 2024 (primary),QDFL,1,0.779657781124115
Azamuke 2024 (primary),QDFL,0,0.024401340633630753
Azamuke 2024 (primary),QDFL,0,0.00726049579679966
Azamuke 2024 (primary),QDFL,0,0.004619952291250229
Azamuke 2024 (primary),QDFL,0,0.047894179821014404
Azamuke 2024 (primary),QDFL,1,0.8077269792556763
Azamuke 2024 (primary),QDFL,0,0.8059421181678772
Azamuke 2024 (primary),QDFL,0,0.7969303727149963
Azamuke 2024 (primary),QDFL,0,0.7984423041343689
Azamuke 2024 (primary),QDFL,1,0.7588204145431519
Azamuke 2024 (primary),QDFL,1,0.787609875202179
Azamuke 2024 (primary),QDFL,0,0.48067623376846313
Azamuke 2024 (primary),QDFL,1,0.7748924493789673
Azamuke 2024 (primary),QDFL,0,0.7884662747383118
Azamuke 2024 (primary),QDFL,1,0.7984234690666199
Azamuke 2024 (primary),QDFL,1,0.8079876899719238
Azamuke 2024 (primary),QDFL,1,0.7928137183189392
Azamuke 2024 (primary),QDFL,1,0.7865613102912903
Azamuke 2024 (primary),QDFL,1,0.8144713640213013
Azamuke 2024 (primary),QDFL,0,0.45149698853492737
Azamuke 2024 (primary),QDFL,1,0.7854698300361633
Azamuke 2024 (primary),QDFL,1,0.8223074078559875
Azamuke 2024 (primary),QDFL,1,0.6201601624488831
Azamuke 2024 (primary),QDFL,1,0.772111713886261
Azamuke 2024 (primary),QDFL,1,0.823083221912384
Azamuke 2024 (primary),QDFL,0,0.0022944402880966663
Azamuke 2024 (primary),QDFL,1,0.8535329699516296
Azamuke 2024 (primary),QDFL,1,0.0037815861869603395
Azamuke 2024 (primary),QDFL,0,0.011720433831214905
Azamuke 2024 (primary),QDFL,0,0.0036603196058422327
Azamuke 2024 (primary),QDFL,1,0.8074084520339966
Azamuke 2024 (primary),QDFL,1,0.8202041387557983
Azamuke 2024 (primary),QDFL,1,0.8192594647407532
Azamuke 2024 (primary),QDFL,0,0.028431272134184837
Azamuke 2024 (primary),QDFL,1,0.8046411871910095
Azamuke 2024 (primary),QDFL,0,0.03034016117453575
Azamuke 2024 (primary),QDFL,1,0.8020968437194824
Azamuke 2024 (primary),QDFL,0,0.004072166047990322
Azamuke 2024 (primary),QDFL,1,0.8016617894172668
Azamuke 2024 (primary),QDFL,1,0.7847766876220703
Azamuke 2024 (primary),QDFL,0,0.010911411605775356
Azamuke 2024 (primary),QDFL,0,0.008638529106974602
Azamuke 2024 (primary),QDFL,1,0.7880477905273438
Azamuke 2024 (primary),QDFL,0,0.7953931093215942
Azamuke 2024 (primary),QDFL,1,0.7822788953781128
Azamuke 2024 (primary),QDFL,1,0.7779407501220703
Azamuke 2024 (primary),QDFL,0,0.782803475856781
Azamuke 2024 (primary),QDFL,1,0.7908161282539368
Azamuke 2024 (primary),QDFL,0,0.16421568393707275
Azamuke 2024 (primary),QDFL,1,0.7975748181343079
Azamuke 2024 (primary),QDFL,0,0.017023950815200806
Azamuke 2024 (primary),QDFL,0,0.0024238761980086565
Azamuke 2024 (primary),QDFL,1,0.8153167366981506
Azamuke 2024 (primary),QDFL,0,0.6302763819694519
Azamuke 2024 (primary),QDFL,0,0.002253954531624913
Azamuke 2024 (primary),QDFL,0,0.8131454586982727
Azamuke 2024 (primary),QDFL,1,0.8064799904823303
Azamuke 2024 (primary),QDFL,1,0.7748540043830872
Azamuke 2024 (primary),QDFL,1,0.7478361129760742
Azamuke 2024 (primary),QDFL,0,0.01820613071322441
Azamuke 2024 (primary),QDFL,1,0.8018500208854675
Azamuke 2024 (primary),QDFL,0,0.04422851279377937
Azamuke 2024 (primary),QDFL,0,0.011374291963875294
Azamuke 2024 (primary),QDFL,0,0.009214689023792744
Azamuke 2024 (primary),QDFL,0,0.004849573131650686
Azamuke 2024 (primary),QDFL,1,0.6871411204338074
Azamuke 2024 (primary),QDFL,0,0.023768562823534012
Azamuke 2024 (primary),QDFL,0,0.013903745450079441
Azamuke 2024 (primary),QDFL,0,0.011357836425304413
Azamuke 2024 (primary),QDFL,1,0.7681608200073242
Azamuke 2024 (primary),QDFL,0,0.04590042680501938
Azamuke 2024 (primary),QDFL,0,0.005472403019666672
Azamuke 2024 (primary),QDFL,0,0.803047239780426
Azamuke 2024 (primary),QDFL,1,0.7992729544639587
Azamuke 2024 (primary),QDFL,1,0.8188670873641968
Azamuke 2024 (primary),QDFL,1,0.814639687538147
Azamuke 2024 (primary),QDFL,1,0.8160126209259033
Azamuke 2024 (primary),QDFL,1,0.7988075017929077
Azamuke 2024 (primary),QDFL,1,0.8267037272453308
Azamuke 2024 (primary),QDFL,0,0.016788378357887268
Azamuke 2024 (primary),QDFL,0,0.013299443759024143
Azamuke 2024 (primary),QDFL,1,0.7815135717391968
Azamuke 2024 (primary),QDFL,1,0.8026729822158813
Azamuke 2024 (primary),QDFL,1,0.8008521199226379
Azamuke 2024 (primary),QDFL,0,0.0008427302236668766
Azamuke 2024 (primary),QDFL,1,0.826690673828125
Azamuke 2024 (primary),QDFL,0,0.0013024545041844249
Azamuke 2024 (primary),QDFL,0,0.004362054634839296
Azamuke 2024 (primary),QDFL,0,0.28160616755485535
Azamuke 2024 (primary),QDFL,1,0.8145904541015625
Azamuke 2024 (primary),QDFL,1,0.8001477122306824
Azamuke 2024 (primary),QDFL,1,0.7696552276611328
Azamuke 2024 (primary),QDFL,0,0.0037430354859679937
Azamuke 2024 (primary),QDFL,0,0.7983856797218323
Azamuke 2024 (primary),QDFL,1,0.6942975521087646
Azamuke 2024 (primary),QDFL,0,0.0017634554533287883
Azamuke 2024 (primary),QDFL,1,0.8143439888954163
Azamuke 2024 (primary),QDFL,0,0.038816094398498535
Azamuke 2024 (primary),QDFL,0,0.008751409128308296
Azamuke 2024 (primary),QDFL,1,0.7704529762268066
Azamuke 2024 (primary),QDFL,1,0.7859665751457214
Azamuke 2024 (primary),QDFL,0,0.017847534269094467
Azamuke 2024 (primary),QDFL,0,0.05633974075317383
Azamuke 2024 (primary),QDFL,1,0.8087806105613708
Azamuke 2024 (primary),QDFL,0,0.7585864067077637
Azamuke 2024 (primary),QDFL,1,0.7862235307693481
Azamuke 2024 (primary),QDFL,1,0.8029698729515076
Azamuke 2024 (primary),QDFL,1,0.7436800003051758
Azamuke 2024 (primary),QDFL,1,0.7976137399673462
Azamuke 2024 (primary),QDFL,1,0.8026606440544128
Azamuke 2024 (primary),QDFL,0,0.781430184841156
Azamuke 2024 (primary),QDFL,1,0.7886933088302612
Azamuke 2024 (primary),QDFL,1,0.7639781832695007
Azamuke 2024 (primary),QDFL,0,0.7831703424453735
Azamuke 2024 (primary),QDFL,0,0.006509809289127588
Azamuke 2024 (primary),QDFL,1,0.8483226299285889
Azamuke 2024 (primary),QDFL,0,0.7997044920921326
Azamuke 2024 (primary),QDFL,0,0.008647537790238857
Azamuke 2024 (primary),QDFL,0,0.007017847616225481
Azamuke 2024 (primary),QDFL,1,0.7642505764961243
Azamuke 2024 (primary),QDFL,1,0.7726179957389832
Azamuke 2024 (primary),QDFL,0,0.028170449659228325
Azamuke 2024 (primary),QDFL,1,0.6921715140342712
Azamuke 2024 (primary),QDFL,0,0.22945523262023926
Azamuke 2024 (primary),QDFL,1,0.7733614444732666
Azamuke 2024 (primary),QDFL,0,0.08866161853075027
Azamuke 2024 (primary),QDFL,0,0.024243025109171867
Azamuke 2024 (primary),QDFL,1,0.761846661567688
Azamuke 2024 (primary),QDFL,0,0.09782105684280396
Azamuke 2024 (primary),QDFL,0,0.003861286910250783
Azamuke 2024 (primary),QDFL,1,0.7708387970924377
Azamuke 2024 (primary),QDFL,1,0.7817127704620361
Azamuke 2024 (primary),QDFL,1,0.7744025588035583
Azamuke 2024 (primary),QDFL,1,0.8040518760681152
Azamuke 2024 (primary),QDFL,1,0.8538936972618103
Azamuke 2024 (primary),QDFL,0,0.14470593631267548
Azamuke 2024 (primary),QDFL,1,0.811307966709137
Azamuke 2024 (primary),QDFL,1,0.8219578266143799
Azamuke 2024 (primary),QDFL,0,0.8085162043571472
Azamuke 2024 (primary),QDFL,1,0.7788190245628357
Azamuke 2024 (primary),QDFL,1,0.8038634657859802
Azamuke 2024 (primary),QDFL,1,0.7865506410598755
Azamuke 2024 (primary),QDFL,1,0.785780668258667
Azamuke 2024 (primary),QDFL,0,0.7926790714263916
Azamuke 2024 (primary),QDFL,0,0.09525950998067856
Azamuke 2024 (primary),QDFL,1,0.8117645978927612
Azamuke 2024 (primary),QDFL,1,0.7662515044212341
Azamuke 2024 (primary),QDFL,1,0.7713074684143066
Azamuke 2024 (primary),QDFL,1,0.7808920741081238
Azamuke 2024 (primary),QDFL,0,0.02114221453666687
Azamuke 2024 (primary),QDFL,0,0.0012098742881789804
Azamuke 2024 (primary),QDFL,1,0.7098343968391418
Azamuke 2024 (primary),QDFL,1,0.788500189781189
Azamuke 2024 (primary),QDFL,0,0.143349289894104
Azamuke 2024 (primary),QDFL,0,0.0030896610114723444
Azamuke 2024 (primary),QDFL,1,0.8266660571098328
Azamuke 2024 (primary),QDFL,1,0.7401804327964783
Azamuke 2024 (primary),QDFL,0,0.0028938197065144777
Azamuke 2024 (primary),QDFL,0,0.006203928496688604
Azamuke 2024 (primary),QDFL,1,0.7541289925575256
Azamuke 2024 (primary),QDFL,1,0.7939431667327881
Azamuke 2024 (primary),QDFL,1,0.7894502282142639
Azamuke 2024 (primary),QDFL,1,0.7760034799575806
Azamuke 2024 (primary),QDFL,0,0.007556271739304066
Azamuke 2024 (primary),QDFL,1,0.7973614931106567
Azamuke 2024 (primary),QDFL,1,0.7961806654930115
Azamuke 2024 (primary),QDFL,0,0.005676702596247196
Azamuke 2024 (primary),QDFL,0,0.010174306109547615
Azamuke 2024 (primary),QDFL,0,0.7797126770019531
Azamuke 2024 (primary),QDFL,1,0.18385016918182373
Azamuke 2024 (primary),QDFL,0,0.02206176146864891
Azamuke 2024 (primary),QDFL,1,0.8200183510780334
Azamuke 2024 (primary),QDFL,1,0.8161336183547974
Azamuke 2024 (primary),QDFL,1,0.7746514081954956
Azamuke 2024 (primary),QDFL,1,0.7918307185173035
Azamuke 2024 (primary),QDFL,1,0.8034847974777222
Azamuke 2024 (primary),QDFL,1,0.7011021971702576
Azamuke 2024 (primary),QDFL,1,0.7749797105789185
Azamuke 2024 (primary),QDFL,0,0.0013476400636136532
Azamuke 2024 (primary),QDFL,0,0.819431722164154
Azamuke 2024 (primary),QDFL,0,0.8144826292991638
Azamuke 2024 (primary),QDFL,0,0.0110440943390131
Azamuke 2024 (primary),QDFL,0,0.0014361597131937742
Azamuke 2024 (primary),QDFL,1,0.7985353469848633
Azamuke 2024 (primary),QDFL,0,0.02424990013241768
Azamuke 2024 (primary),QDFL,0,0.07891052961349487
Azamuke 2024 (primary),QDFL,1,0.8254339694976807
Azamuke 2024 (primary),QDFL,0,0.029401153326034546
Azamuke 2024 (primary),QDFL,1,0.7449057102203369
Azamuke 2024 (primary),QDFL,1,0.7831779718399048
Azamuke 2024 (primary),QDFL,0,0.013003453612327576
Azamuke 2024 (primary),QDFL,1,0.7998878359794617
Azamuke 2024 (primary),QDFL,1,0.7847562432289124
Azamuke 2024 (primary),QDFL,0,0.11833210289478302
Azamuke 2024 (primary),QDFL,1,0.7993710041046143
Azamuke 2024 (primary),QDFL,0,0.7941247224807739
Azamuke 2024 (primary),QDFL,1,0.8158968091011047
Azamuke 2024 (primary),QDFL,0,0.8097171187400818
Azamuke 2024 (primary),QDFL,0,0.7963031530380249
Azamuke 2024 (primary),QDFL,0,0.024349303916096687
Azamuke 2024 (primary),QDFL,1,0.854051411151886
Azamuke 2024 (primary),QDFL,1,0.7652785778045654
Azamuke 2024 (primary),QDFL,1,0.8390960097312927
Azamuke 2024 (primary),QDFL,1,0.6192286610603333
Azamuke 2024 (primary),QDFL,1,0.6605013608932495
Azamuke 2024 (primary),QDFL,0,0.04819748178124428
Azamuke 2024 (primary),QDFL,0,0.01720862276852131
Azamuke 2024 (primary),QDFL,1,0.8239150047302246
Azamuke 2024 (primary),QDFL,0,0.8008874654769897
Azamuke 2024 (primary),QDFL,0,0.020531287416815758
Azamuke 2024 (primary),QDFL,0,0.8085457682609558
Azamuke 2024 (primary),QDFL,0,0.015492371283471584
Azamuke 2024 (primary),QDFL,1,0.7862975001335144
Azamuke 2024 (primary),QDFL,1,0.811438798904419
Azamuke 2024 (primary),QDFL,1,0.7583944201469421
Azamuke 2024 (primary),QDFL,0,0.48085105419158936
Azamuke 2024 (primary),QDFL,1,0.8079341053962708
Azamuke 2024 (primary),QDFL,0,0.0056513515301048756
Azamuke 2024 (primary),QDFL,1,0.8124800324440002
Azamuke 2024 (primary),QDFL,0,0.0021459758281707764
Azamuke 2024 (primary),QDFL,0,0.01754964143037796
Azamuke 2024 (primary),QDFL,0,0.791034460067749
Azamuke 2024 (primary),QDFL,1,0.7879035472869873
Azamuke 2024 (primary),QDFL,0,0.821605920791626
Azamuke 2024 (primary),QDFL,0,0.674612283706665
Azamuke 2024 (primary),QDFL,0,0.8080276846885681
Azamuke 2024 (primary),QDFL,1,0.8075366020202637
Azamuke 2024 (primary),QDFL,0,0.8141739368438721
Azamuke 2024 (primary),QDFL,0,0.01625354029238224
Azamuke 2024 (primary),QDFL,1,0.8100255727767944
Azamuke 2024 (primary),QDFL,1,0.8369994759559631
Azamuke 2024 (primary),QDFL,0,0.8297744989395142
Azamuke 2024 (primary),QDFL,0,0.0029067210853099823
Azamuke 2024 (primary),QDFL,1,0.792474091053009
Azamuke 2024 (primary),QDFL,1,0.8213323950767517
Azamuke 2024 (primary),QDFL,1,0.8230434060096741
Azamuke 2024 (primary),QDFL,0,0.016357604414224625
Azamuke 2024 (primary),QDFL,0,0.022274557501077652
Azamuke 2024 (primary),QDFL,0,0.043887145817279816
Azamuke 2024 (primary),QDFL,1,0.7387416362762451
Azamuke 2024 (primary),QDFL,1,0.7768296599388123
Azamuke 2024 (primary),QDFL,0,0.7809828519821167
Azamuke 2024 (primary),QDFL,1,0.8085932731628418
Azamuke 2024 (primary),QDFL,0,0.009822284802794456
Azamuke 2024 (primary),QDFL,1,0.6795515418052673
Azamuke 2024 (primary),QDFL,0,0.04213038831949234
Azamuke 2024 (primary),QDFL,1,0.8173376321792603
Azamuke 2024 (primary),QDFL,0,0.04288523271679878
Azamuke 2024 (primary),QDFL,0,0.11915276199579239
Azamuke 2024 (primary),QDFL,1,0.8095756769180298
Azamuke 2024 (primary),QDFL,1,0.788170576095581
Azamuke 2024 (primary),QDFL,1,0.6961760520935059
Azamuke 2024 (primary),QDFL,0,0.01691989228129387
Azamuke 2024 (primary),QDFL,1,0.8223617672920227
Azamuke 2024 (primary),QDFL,0,0.7490993142127991
Azamuke 2024 (primary),QDFL,1,0.7700902223587036
Azamuke 2024 (primary),QDFL,0,0.08506597578525543
Azamuke 2024 (primary),QDFL,1,0.7578450441360474
Azamuke 2024 (primary),QDFL,1,0.0016729508060961962
Azamuke 2024 (primary),QDFL,0,0.7546464800834656
Azamuke 2024 (primary),QDFL,1,0.03741053119301796
Azamuke 2024 (primary),QDFL,0,0.7964321374893188
Azamuke 2024 (primary),QDFL,1,0.8049878478050232
Azamuke 2024 (primary),QDFL,1,0.7749879360198975
Azamuke 2024 (primary),QDFL,0,0.00855383649468422
Azamuke 2024 (primary),QDFL,0,0.02849404327571392
Azamuke 2024 (primary),QDFL,0,0.002099481178447604
Azamuke 2024 (primary),QDFL,0,0.0034305755980312824
Azamuke 2024 (primary),QDFL,0,0.052591197192668915
Azamuke 2024 (primary),QDFL,0,0.009052539244294167
Azamuke 2024 (primary),QDFL,1,0.7979336380958557
Azamuke 2024 (primary),QDFL,1,0.830090343952179
Azamuke 2024 (primary),QDFL,1,0.8441545963287354
Azamuke 2024 (primary),QDFL,1,0.7921826243400574
Azamuke 2024 (primary),QDFL,1,0.8109789490699768
Azamuke 2024 (primary),QDFL,1,0.7355873584747314
Azamuke 2024 (primary),QDFL,0,0.21842820942401886
Azamuke 2024 (primary),QDFL,1,0.7582612633705139
Azamuke 2024 (primary),QDFL,1,0.7852391600608826
Azamuke 2024 (primary),QDFL,1,0.7005825638771057
Azamuke 2024 (primary),QDFL,0,0.21853792667388916
Azamuke 2024 (primary),QDFL,1,0.7850480079650879
Azamuke 2024 (primary),QDFL,1,0.7619920969009399
Azamuke 2024 (primary),QDFL,1,0.8100375533103943
Azamuke 2024 (primary),QDFL,1,0.713566243648529
Azamuke 2024 (primary),QDFL,0,0.7829830646514893
Azamuke 2024 (primary),QDFL,0,0.01140072476118803
Azamuke 2024 (primary),QDFL,1,0.8303126692771912
Azamuke 2024 (primary),QDFL,0,0.0010286674369126558
Azamuke 2024 (primary),QDFL,1,0.06325747072696686
Azamuke 2024 (primary),QDFL,1,0.6974303126335144
Azamuke 2024 (primary),QDFL,0,0.012478671967983246
Azamuke 2024 (primary),QDFL,1,0.7977569103240967
Azamuke 2024 (primary),QDFL,1,0.785479724407196
Azamuke 2024 (primary),QDFL,1,0.8099656105041504
Azamuke 2024 (primary),QDFL,1,0.8050175905227661
Azamuke 2024 (primary),QDFL,1,0.5400897264480591
Azamuke 2024 (primary),QDFL,1,0.8222933411598206
Azamuke 2024 (primary),QDFL,0,0.016142070293426514
Azamuke 2024 (primary),QDFL,0,0.4059426784515381
Azamuke 2024 (primary),QDFL,1,0.8456407189369202
Azamuke 2024 (primary),QDFL,1,0.6794312000274658
Azamuke 2024 (primary),QDFL,1,0.7753283977508545
Azamuke 2024 (primary),QDFL,1,0.7420395016670227
Azamuke 2024 (primary),QDFL,0,0.0014614382525905967
Azamuke 2024 (primary),QDFL,0,0.32398536801338196
Azamuke 2024 (primary),QDFL,0,0.06189547851681709
Azamuke 2024 (primary),QDFL,1,0.788073718547821
Azamuke 2024 (primary),QDFL,1,0.7842537760734558
Azamuke 2024 (primary),QDFL,0,0.7972384095191956
Azamuke 2024 (primary),QDFL,1,0.7992267608642578
Azamuke 2024 (primary),QDFL,0,0.013424932025372982
Azamuke 2024 (primary),QDFL,0,0.04872344806790352
Azamuke 2024 (primary),QDFL,1,0.7828550338745117
Azamuke 2024 (primary),QDFL,1,0.7939162254333496
Azamuke 2024 (primary),QDFL,1,0.6668141484260559
Azamuke 2024 (primary),QDFL,0,0.7433826923370361
Azamuke 2024 (primary),QDFL,1,0.7239318490028381
Azamuke 2024 (primary),QDFL,1,0.7964621186256409
Azamuke 2024 (primary),QDFL,0,0.008143085986375809
Azamuke 2024 (primary),QDFL,0,0.7579654455184937
Azamuke 2024 (primary),QDFL,1,0.04735075682401657
Azamuke 2024 (primary),QDFL,1,0.7849318385124207
Azamuke 2024 (primary),QDFL,0,0.0005186937050893903
Azamuke 2024 (primary),QDFL,1,0.7817438840866089
Azamuke 2024 (primary),QDFL,1,0.7965359091758728
Azamuke 2024 (primary),QDFL,0,0.01721983775496483
Azamuke 2024 (primary),QDFL,1,0.7796303629875183
Azamuke 2024 (primary),QDFL,1,0.822831928730011
Azamuke 2024 (primary),QDFL,0,0.016122210770845413
Azamuke 2024 (primary),QDFL,0,0.015908436849713326
Azamuke 2024 (primary),QDFL,0,0.003455710131675005
Azamuke 2024 (primary),QDFL,0,0.001053090556524694
Azamuke 2024 (primary),QDFL,0,0.016143260523676872
Azamuke 2024 (primary),QDFL,1,0.7949035167694092
Azamuke 2024 (primary),QDFL,0,0.014096896164119244
Azamuke 2024 (primary),QDFL,0,0.0011289750691503286
Azamuke 2024 (primary),QDFL,0,0.002911595394834876
Azamuke 2024 (primary),QDFL,1,0.7823519706726074
Azamuke 2024 (primary),QDFL,0,0.5154901146888733
Azamuke 2024 (primary),QDFL,0,0.0038134122733026743
Azamuke 2024 (primary),QDFL,0,0.003031147411093116
Azamuke 2024 (primary),QDFL,0,0.012258999980986118
Azamuke 2024 (primary),QDFL,0,0.000368313369108364
Azamuke 2024 (primary),QDFL,0,0.07341564446687698
Azamuke 2024 (primary),QDFL,1,0.7853903770446777
Azamuke 2024 (primary),QDFL,0,0.020614799112081528
Azamuke 2024 (primary),QDFL,1,0.7485327124595642
Azamuke 2024 (primary),QDFL,1,0.814250111579895
Azamuke 2024 (primary),QDFL,0,0.006374488119035959
Azamuke 2024 (primary),QDFL,1,0.800355851650238
Azamuke 2024 (primary),QDFL,1,0.7898164391517639
Azamuke 2024 (primary),QDFL,1,0.7341338396072388
Azamuke 2024 (primary),QDFL,1,0.6128262877464294
Azamuke 2024 (primary),QDFL,1,0.7299792766571045
Azamuke 2024 (primary),QDFL,1,0.731632649898529
Azamuke 2024 (primary),QDFL,0,0.004682178143411875
Azamuke 2024 (primary),QDFL,0,0.2527711093425751
Azamuke 2024 (primary),QDFL,0,0.03345516324043274
Azamuke 2024 (primary),QDFL,0,0.020358147099614143
Azamuke 2024 (primary),QDFL,0,0.014807832427322865
Azamuke 2024 (primary),QDFL,1,0.7104417681694031
Azamuke 2024 (primary),QDFL,1,0.7686597108840942
Azamuke 2024 (primary),QDFL,0,0.0010600675595924258
Azamuke 2024 (primary),QDFL,1,0.7825891375541687
Azamuke 2024 (primary),QDFL,1,0.7976891994476318
Azamuke 2024 (primary),QDFL,0,0.004847431089729071
Azamuke 2024 (primary),QDFL,1,0.7997515797615051
Azamuke 2024 (primary),QDFL,1,0.8177988529205322
Azamuke 2024 (primary),QDFL,0,0.0018400766421109438
Azamuke 2024 (primary),QDFL,1,0.7800614833831787
Azamuke 2024 (primary),QDFL,1,0.8259314298629761
Azamuke 2024 (primary),QDFL,1,0.8096169233322144
Azamuke 2024 (primary),QDFL,1,0.7934437394142151
Azamuke 2024 (primary),QDFL,1,0.7961464524269104
Azamuke 2024 (primary),QDFL,1,0.8255392909049988
Azamuke 2024 (primary),QDFL,1,0.7651706337928772
Azamuke 2024 (primary),QDFL,0,0.03369218111038208
Azamuke 2024 (primary),QDFL,0,0.012358021922409534
Azamuke 2024 (primary),QDFL,1,0.7820205092430115
Azamuke 2024 (primary),QDFL,0,0.060865774750709534
Azamuke 2024 (primary),QDFL,1,0.8071096539497375
Azamuke 2024 (primary),QDFL,0,0.019640479236841202
Azamuke 2024 (primary),QDFL,1,0.4436361789703369
Azamuke 2024 (primary),QDFL,1,0.7856264114379883
Azamuke 2024 (primary),QDFL,1,0.8130761981010437
Azamuke 2024 (primary),QDFL,0,0.00548321520909667
Azamuke 2024 (primary),QDFL,0,0.7090864181518555
Azamuke 2024 (primary),QDFL,1,0.7850179672241211
Azamuke 2024 (primary),QDFL,0,0.0007557077333331108
Azamuke 2024 (primary),QDFL,1,0.7714198231697083
Azamuke 2024 (primary),QDFL,1,0.7934436202049255
Azamuke 2024 (primary),QDFL,1,0.7912240624427795
Azamuke 2024 (primary),QDFL,0,0.0160756167024374
Azamuke 2024 (primary),QDFL,0,0.0198071151971817
Azamuke 2024 (primary),QDFL,1,0.7996400594711304
Azamuke 2024 (primary),QDFL,0,0.0006394095253199339
Azamuke 2024 (primary),QDFL,0,0.004209407139569521
Azamuke 2024 (primary),QDFL,1,0.7568857669830322
Azamuke 2024 (primary),QDFL,0,0.04891493543982506
Azamuke 2024 (primary),QDFL,1,0.8009618520736694
Azamuke 2024 (primary),QDFL,0,0.010549020022153854
Azamuke 2024 (primary),QDFL,1,0.8005250692367554
Azamuke 2024 (primary),QDFL,1,0.7833141088485718
Azamuke 2024 (primary),QDFL,1,0.8030127882957458
Azamuke 2024 (primary),QDFL,1,0.8233839869499207
Azamuke 2024 (primary),QDFL,1,0.8137515187263489
Azamuke 2024 (primary),QDFL,0,0.02803826332092285
Azamuke 2024 (primary),QDFL,1,0.8083563446998596
Azamuke 2024 (primary),QDFL,1,0.749112606048584
Azamuke 2024 (primary),QDFL,0,0.01028384454548359
Azamuke 2024 (primary),QDFL,1,0.8175103664398193
Azamuke 2024 (primary),QDFL,0,0.20257212221622467
Azamuke 2024 (primary),QDFL,1,0.8487080335617065
Azamuke 2024 (primary),QDFL,1,0.7888779044151306
Azamuke 2024 (primary),QDFL,0,0.007821038365364075
Azamuke 2024 (primary),QDFL,1,0.8043922185897827
Azamuke 2024 (primary),QDFL,0,0.8062708377838135
Azamuke 2024 (primary),QDFL,0,0.010060780681669712
Azamuke 2024 (primary),QDFL,1,0.7848435640335083
Azamuke 2024 (primary),QDFL,0,0.0495881661772728
Azamuke 2024 (primary),QDFL,1,0.7534592151641846
Azamuke 2024 (primary),QDFL,1,0.7168659567832947
Azamuke 2024 (primary),QDFL,1,0.8057094812393188
Azamuke 2024 (primary),QDFL,0,0.01619630679488182
Azamuke 2024 (primary),QDFL,1,0.8543388843536377
Azamuke 2024 (primary),QDFL,1,0.7550473809242249
Azamuke 2024 (primary),QDFL,0,0.011505361646413803
Azamuke 2024 (primary),QDFL,0,0.04856650531291962
Azamuke 2024 (primary),QDFL,1,0.8369895219802856
Azamuke 2024 (primary),QDFL,0,0.01691994071006775
Azamuke 2024 (primary),QDFL,1,0.8023389577865601
Azamuke 2024 (primary),QDFL,0,0.005295641720294952
Azamuke 2024 (primary),QDFL,0,0.00135282170958817
Azamuke 2024 (primary),QDFL,0,0.005248339846730232
Azamuke 2024 (primary),QDFL,1,0.8183308243751526
Azamuke 2024 (primary),QDFL,1,0.7734310030937195
Azamuke 2024 (primary),QDFL,0,0.014041079208254814
Azamuke 2024 (primary),QDFL,0,0.04672336205840111
Azamuke 2024 (primary),QDFL,1,0.7885114550590515
Azamuke 2024 (primary),QDFL,0,0.03280352056026459
Azamuke 2024 (primary),QDFL,0,0.6407440304756165
Azamuke 2024 (primary),QDFL,0,0.7957646250724792
Azamuke 2024 (primary),QDFL,0,0.009808089584112167
Azamuke 2024 (primary),QDFL,0,0.01673317514359951
Azamuke 2024 (primary),QDFL,0,0.017453357577323914
Azamuke 2024 (primary),QDFL,0,0.005983363837003708
Azamuke 2024 (primary),QDFL,1,0.8131623268127441
Azamuke 2024 (primary),QDFL,1,0.6936699748039246
Azamuke 2024 (primary),QDFL,0,0.0046108500100672245
Azamuke 2024 (primary),QDFL,0,0.008810626342892647
Azamuke 2024 (primary),QDFL,1,0.8166941404342651
Azamuke 2024 (primary),QDFL,0,0.7593389749526978
Azamuke 2024 (primary),QDFL,1,0.7748692035675049
Azamuke 2024 (primary),QDFL,0,0.7209914922714233
Azamuke 2024 (primary),QDFL,0,0.027204284444451332
Azamuke 2024 (primary),QDFL,0,0.011353367008268833
Azamuke 2024 (primary),QDFL,0,0.7090604305267334
Azamuke 2024 (primary),QDFL,1,0.7912347316741943
Azamuke 2024 (primary),QDFL,0,0.22191816568374634
Azamuke 2024 (primary),QDFL,0,0.0052144634537398815
Azamuke 2024 (primary),QDFL,1,0.7937713265419006
Azamuke 2024 (primary),QDFL,0,0.02450663410127163
Azamuke 2024 (primary),QDFL,0,0.7038711309432983
Azamuke 2024 (primary),QDFL,1,0.7688612341880798
Azamuke 2024 (primary),QDFL,1,0.8209229111671448
Azamuke 2024 (primary),QDFL,1,0.7995947003364563
Azamuke 2024 (primary),QDFL,0,0.003173545468598604
Azamuke 2024 (primary),QDFL,0,0.0008266919758170843
Azamuke 2024 (primary),QDFL,1,0.7785168886184692
Azamuke 2024 (primary),QDFL,1,0.6638807058334351
Azamuke 2024 (primary),QDFL,0,0.020677052438259125
Azamuke 2024 (primary),QDFL,1,0.7874736785888672
Azamuke 2024 (primary),QDFL,1,0.7910706400871277
Azamuke 2024 (primary),QDFL,0,0.5229958891868591
Azamuke 2024 (primary),QDFL,0,0.01345506589859724
Azamuke 2024 (primary),QDFL,0,0.01203781645745039
Azamuke 2024 (primary),QDFL,1,0.793936550617218
Azamuke 2024 (primary),QDFL,1,0.7635083198547363
Azamuke 2024 (primary),QDFL,0,0.03268459066748619
Azamuke 2024 (primary),QDFL,1,0.7655630111694336
Azamuke 2024 (primary),QDFL,1,0.8183965682983398
Azamuke 2024 (primary),QDFL,0,0.018603742122650146
Azamuke 2024 (primary),QDFL,0,0.018042929470539093
Azamuke 2024 (primary),QDFL,0,0.8071550130844116
Azamuke 2024 (primary),QDFL,1,0.7884546518325806
Azamuke 2024 (primary),QDFL,0,0.0022378552239388227
Azamuke 2024 (primary),QDFL,0,0.010830625891685486
Azamuke 2024 (primary),QDFL,1,0.7901528477668762
Azamuke 2024 (primary),QDFL,0,0.1720326542854309
Azamuke 2024 (primary),QDFL,0,0.0005164804751984775
Azamuke 2024 (primary),QDFL,0,0.06696522980928421
Azamuke 2024 (primary),QDFL,1,0.6693786978721619
Azamuke 2024 (primary),QDFL,0,0.0018069088691845536
Azamuke 2024 (primary),QDFL,0,0.003914224915206432
Azamuke 2024 (primary),QDFL,1,0.8327789306640625
Azamuke 2024 (primary),QDFL,0,0.8049465417861938
Azamuke 2024 (primary),QDFL,1,0.7921649217605591
Azamuke 2024 (primary),QDFL,1,0.7832335233688354
Azamuke 2024 (primary),QDFL,0,0.0006754809292033315
Azamuke 2024 (primary),QDFL,0,0.0009500648593530059
Azamuke 2024 (primary),QDFL,0,0.0012247388949617743
Azamuke 2024 (primary),QDFL,0,0.025950606912374496
Azamuke 2024 (primary),QDFL,1,0.8013918995857239
Azamuke 2024 (primary),QDFL,1,0.8002543449401855
Azamuke 2024 (primary),QDFL,1,0.7699522376060486
Azamuke 2024 (primary),QDFL,0,0.794417679309845
Azamuke 2024 (primary),QDFL,0,0.0181116946041584
Azamuke 2024 (primary),QDFL,0,0.8100418448448181
Azamuke 2024 (primary),QDFL,1,0.8059447407722473
Azamuke 2024 (primary),QDFL,0,0.010692890733480453
Azamuke 2024 (primary),QDFL,1,0.8077059388160706
Azamuke 2024 (primary),QDFL,0,0.03984726965427399
Azamuke 2024 (primary),QDFL,0,0.017440376803278923
Azamuke 2024 (primary),QDFL,1,0.7314702868461609
Azamuke 2024 (primary),QDFL,1,0.8029459714889526
Azamuke 2024 (primary),QDFL,1,0.8292127251625061
Azamuke 2024 (primary),QDFL,0,0.7600809335708618
Azamuke 2024 (primary),QDFL,0,0.03296078369021416
Azamuke 2024 (primary),QDFL,0,0.0780714750289917
Azamuke 2024 (primary),QDFL,1,0.797469437122345
Azamuke 2024 (primary),QDFL,0,0.756219744682312
Azamuke 2024 (primary),QDFL,1,0.7534003257751465
Azamuke 2024 (primary),QDFL,0,0.0005832031602039933
Azamuke 2024 (primary),QDFL,0,0.0040469663217663765
Azamuke 2024 (primary),QDFL,0,0.8180915117263794
Azamuke 2024 (primary),QDFL,0,0.8421226739883423
Azamuke 2024 (primary),QDFL,1,0.779843807220459
Azamuke 2024 (primary),QDFL,0,0.4957878887653351
Azamuke 2024 (primary),QDFL,0,0.003375158878043294
Azamuke 2024 (primary),QDFL,1,0.8234660029411316
Azamuke 2024 (primary),QDFL,1,0.8139136433601379
Azamuke 2024 (primary),QDFL,0,0.0008989648777060211
Azamuke 2024 (primary),QDFL,1,0.2750000059604645
Azamuke 2024 (primary),QDFL,1,0.7880359292030334
Azamuke 2024 (primary),QDFL,1,0.7693766951560974
Azamuke 2024 (primary),QDFL,0,0.8005965352058411
Azamuke 2024 (primary),QDFL,1,0.7941319346427917
Azamuke 2024 (primary),QDFL,1,0.8084532618522644
Azamuke 2024 (primary),QDFL,0,0.011554325930774212
Azamuke 2024 (primary),QDFL,1,0.748445451259613
Azamuke 2024 (primary),QDFL,0,0.056863099336624146
Azamuke 2024 (primary),QDFL,1,0.8199960589408875
Azamuke 2024 (primary),QDFL,0,0.017036570236086845
Azamuke 2024 (primary),QDFL,1,0.7662122845649719
Azamuke 2024 (primary),QDFL,0,0.7985787391662598
Azamuke 2024 (primary),QDFL,0,0.025696009397506714
Azamuke 2024 (primary),QDFL,0,0.03123411163687706
Azamuke 2024 (primary),QDFL,1,0.8157559037208557
Azamuke 2024 (primary),QDFL,1,0.7949094772338867
Azamuke 2024 (primary),QDFL,0,0.010175006464123726
Azamuke 2024 (primary),QDFL,1,0.8203938007354736
Azamuke 2024 (primary),QDFL,1,0.7417437434196472
Azamuke 2024 (primary),QDFL,0,0.04549342393875122
Azamuke 2024 (primary),QDFL,1,0.802410900592804
Azamuke 2024 (primary),QDFL,1,0.7087875008583069
Azamuke 2024 (primary),QDFL,1,0.7704707384109497
Azamuke 2024 (primary),QDFL,0,0.7965462803840637
Azamuke 2024 (primary),QDFL,1,0.7424823641777039
Azamuke 2024 (primary),QDFL,0,0.8024920225143433
Azamuke 2024 (primary),QDFL,1,0.7805289030075073
Azamuke 2024 (primary),QDFL,0,0.013068152591586113
Azamuke 2024 (primary),QDFL,1,0.8275530934333801
Azamuke 2024 (primary),QDFL,0,0.7863166332244873
Azamuke 2024 (primary),QDFL,1,0.8188518285751343
Azamuke 2024 (primary),QDFL,0,0.009980111382901669
Azamuke 2024 (primary),QDFL,0,0.7944156527519226
Azamuke 2024 (primary),QDFL,0,0.010593813844025135
Azamuke 2024 (primary),QDFL,1,0.837224006652832
Azamuke 2024 (primary),QDFL,0,0.7955929040908813
Azamuke 2024 (primary),QDFL,1,0.7762181758880615
Azamuke 2024 (primary),QDFL,0,0.01040920801460743
Azamuke 2024 (primary),QDFL,1,0.811353325843811
Azamuke 2024 (primary),QDFL,1,0.8026548027992249
Azamuke 2024 (primary),QDFL,0,0.035565704107284546
Azamuke 2024 (primary),QDFL,1,0.801871657371521
Azamuke 2024 (primary),QDFL,0,0.01376326847821474
Azamuke 2024 (primary),QDFL,1,0.6014202833175659
Azamuke 2024 (primary),QDFL,1,0.7699329257011414
Azamuke 2024 (primary),QDFL,0,0.782850444316864
Azamuke 2024 (primary),QDFL,0,0.02269877679646015
Azamuke 2024 (primary),QDFL,0,0.18454661965370178
Azamuke 2024 (primary),QDFL,0,0.6531944274902344
Azamuke 2024 (primary),QDFL,1,0.7749958634376526
Azamuke 2024 (primary),QDFL,0,0.0035415408201515675
Azamuke 2024 (primary),QDFL,0,0.7974978685379028
Azamuke 2024 (primary),QDFL,1,0.6057029962539673
Azamuke 2024 (primary),QDFL,0,0.04718063026666641
Azamuke 2024 (primary),QDFL,1,0.8364543318748474
Azamuke 2024 (primary),QDFL,1,0.7668908834457397
Azamuke 2024 (primary),QDFL,1,0.7964915633201599
Azamuke 2024 (primary),QDFL,1,0.802013099193573
Azamuke 2024 (primary),QDFL,1,0.8274722099304199
Azamuke 2024 (primary),QDFL,0,0.06909726560115814
Azamuke 2024 (primary),QDFL,0,0.0016961049987003207
Azamuke 2024 (primary),QDFL,0,0.006128520704805851
Azamuke 2024 (primary),QDFL,1,0.795555591583252
Azamuke 2024 (primary),QDFL,0,0.5238253474235535
Azamuke 2024 (primary),QDFL,1,0.8384406566619873
Azamuke 2024 (primary),QDFL,0,0.0026208972558379173
Azamuke 2024 (primary),QDFL,1,0.7883611917495728
Azamuke 2024 (primary),QDFL,0,0.009516730904579163
Azamuke 2024 (primary),QDFL,0,0.008490030653774738
Azamuke 2024 (primary),QDFL,1,0.7940195798873901
Azamuke 2024 (primary),QDFL,0,0.0066404142417013645
Azamuke 2024 (primary),QDFL,0,0.021842997521162033
Azamuke 2024 (primary),QDFL,0,0.009449724107980728
Azamuke 2024 (primary),QDFL,0,0.05965977907180786
Azamuke 2024 (primary),QDFL,1,0.002699689008295536
Azamuke 2024 (primary),QDFL,1,0.8196038603782654
Azamuke 2024 (primary),QDFL,0,0.001066448981873691
Azamuke 2024 (primary),QDFL,1,0.824951708316803
Azamuke 2024 (primary),QDFL,0,0.7832738757133484
Azamuke 2024 (primary),QDFL,1,0.7880211472511292
Azamuke 2024 (primary),QDFL,0,0.007628733292222023
Azamuke 2024 (primary),QDFL,1,0.7404079437255859
Azamuke 2024 (primary),QDFL,1,0.8194417357444763
Azamuke 2024 (primary),QDFL,0,0.5989987254142761
Azamuke 2024 (primary),QDFL,0,0.010280171409249306
Azamuke 2024 (primary),QDFL,0,0.012357928790152073
Azamuke 2024 (primary),QDFL,0,0.7982155680656433
Azamuke 2024 (primary),QDFL,0,0.04124273359775543
Azamuke 2024 (primary),QDFL,0,0.012505765073001385
Azamuke 2024 (primary),QDFL,1,0.7711507081985474
Azamuke 2024 (primary),QDFL,1,0.8055340647697449
Azamuke 2024 (primary),QDFL,0,0.35979151725769043
Azamuke 2024 (primary),QDFL,0,0.772555410861969
Azamuke 2024 (primary),QDFL,1,0.7676459550857544
Azamuke 2024 (primary),QDFL,0,0.7689602971076965
Azamuke 2024 (primary),QDFL,0,0.023326326161623
Azamuke 2024 (primary),QDFL,0,0.8203251361846924
Azamuke 2024 (primary),QDFL,1,0.8025122284889221
Azamuke 2024 (primary),QDFL,0,0.1296369433403015
Azamuke 2024 (primary),QDFL,1,0.7878873348236084
Azamuke 2024 (primary),QDFL,0,0.7923988699913025
Azamuke 2024 (primary),QDFL,0,0.799206554889679
Azamuke 2024 (primary),QDFL,1,0.8322509527206421
Azamuke 2024 (primary),QDFL,0,0.0007878097239881754
Azamuke 2024 (primary),QDFL,1,0.7934510707855225
Azamuke 2024 (primary),QDFL,1,0.8209947943687439
Azamuke 2024 (primary),QDFL,1,0.7885167002677917
Azamuke 2024 (primary),QDFL,0,0.002634229604154825
Azamuke 2024 (primary),QDFL,0,0.0016755019314587116
Azamuke 2024 (primary),QDFL,0,0.01957731321454048
Azamuke 2024 (primary),QDFL,0,0.04823519289493561
Azamuke 2024 (primary),QDFL,1,0.7978293895721436
Azamuke 2024 (primary),QDFL,0,0.49165189266204834
Azamuke 2024 (primary),QDFL,1,0.7817988395690918
Azamuke 2024 (primary),QDFL,1,0.8083969950675964
Azamuke 2024 (primary),QDFL,1,0.8167612552642822
Azamuke 2024 (primary),QDFL,0,0.034979455173015594
Azamuke 2024 (primary),QDFL,0,0.024712614715099335
Azamuke 2024 (primary),QDFL,0,0.028649404644966125
Azamuke 2024 (primary),QDFL,1,0.7891841530799866
Azamuke 2024 (primary),QDFL,1,0.7781057357788086
Azamuke 2024 (primary),QDFL,0,0.031213263049721718
Azamuke 2024 (primary),QDFL,0,0.0008199598523788154
Azamuke 2024 (primary),QDFL,1,0.44914162158966064
Azamuke 2024 (primary),QDFL,1,0.8204408884048462
Azamuke 2024 (primary),QDFL,1,0.6814966797828674
Azamuke 2024 (primary),QDFL,0,0.061180733144283295
Azamuke 2024 (primary),QDFL,1,0.817450761795044
Azamuke 2024 (primary),QDFL,1,0.7864536643028259
Azamuke 2024 (primary),QDFL,0,0.7850728034973145
Azamuke 2024 (primary),QDFL,1,0.7980620265007019
Azamuke 2024 (primary),QDFL,1,0.8053156733512878
Azamuke 2024 (primary),QDFL,1,0.7947226762771606
Azamuke 2024 (primary),QDFL,0,0.02106812596321106
Azamuke 2024 (primary),QDFL,1,0.7726743221282959
Azamuke 2024 (primary),QDFL,0,0.6124628186225891
Azamuke 2024 (primary),QDFL,1,0.8073370456695557
Azamuke 2024 (primary),QDFL,1,0.8030815124511719
Azamuke 2024 (primary),QDFL,0,0.47439509630203247
Azamuke 2024 (primary),QDFL,1,0.8123401403427124
Azamuke 2024 (primary),QDFL,1,0.7909460663795471
Azamuke 2024 (primary),QDFL,1,0.8028144240379333
Azamuke 2024 (primary),QDFL,0,0.8115338087081909
Azamuke 2024 (primary),QDFL,1,0.8107634782791138
Azamuke 2024 (primary),QDFL,1,0.8199853897094727
Azamuke 2024 (primary),QDFL,0,0.8010750412940979
Azamuke 2024 (primary),QDFL,0,0.00024458795087412
Azamuke 2024 (primary),QDFL,1,0.766968309879303
Azamuke 2024 (primary),QDFL,0,0.028083767741918564
Azamuke 2024 (primary),QDFL,1,0.7942095398902893
Azamuke 2024 (primary),QDFL,1,0.7897996306419373
Azamuke 2024 (primary),QDFL,0,0.0005842969985678792
Azamuke 2024 (primary),QDFL,0,0.00939278956502676
Azamuke 2024 (primary),QDFL,0,0.010998591780662537
Azamuke 2024 (primary),QDFL,1,0.785783052444458
Azamuke 2024 (primary),QDFL,0,0.019407305866479874
Azamuke 2024 (primary),QDFL,1,0.768471896648407
Azamuke 2024 (primary),QDFL,0,0.006001160945743322
Azamuke 2024 (primary),QDFL,1,0.6595765352249146
Azamuke 2024 (primary),QDFL,0,0.012106475420296192
Azamuke 2024 (primary),QDFL,0,0.8118170499801636
Azamuke 2024 (primary),QDFL,1,0.806315004825592
Azamuke 2024 (primary),QDFL,0,0.01329684630036354
Azamuke 2024 (primary),QDFL,1,0.8132272362709045
Azamuke 2024 (primary),QDFL,1,0.8038915991783142
Azamuke 2024 (primary),QDFL,0,0.0011337428586557508
Azamuke 2024 (primary),QDFL,1,0.8175867199897766
Azamuke 2024 (primary),QDFL,0,0.001338647911325097
Azamuke 2024 (primary),QDFL,0,0.6211097240447998
Azamuke 2024 (primary),QDFL,0,0.03193603456020355
Azamuke 2024 (primary),QDFL,1,0.7787806987762451
Azamuke 2024 (primary),QDFL,0,0.0007989579462446272
Azamuke 2024 (primary),QDFL,0,0.00938479881733656
Azamuke 2024 (primary),QDFL,0,0.024805553257465363
Azamuke 2024 (primary),QDFL,1,0.803385853767395
Azamuke 2024 (primary),QDFL,1,0.8208726048469543
Azamuke 2024 (primary),QDFL,1,0.7946058511734009
Azamuke 2024 (primary),QDFL,1,0.7537940144538879
Azamuke 2024 (primary),QDFL,0,0.06630823016166687
Azamuke 2024 (primary),QDFL,1,0.7889073491096497
Azamuke 2024 (primary),QDFL,1,0.8046258091926575
Azamuke 2024 (primary),QDFL,1,0.8192892074584961
Azamuke 2024 (primary),QDFL,1,0.785334050655365
Azamuke 2024 (primary),QDFL,1,0.8002450466156006
Azamuke 2024 (primary),QDFL,0,0.056623201817274094
Azamuke 2024 (primary),QDFL,1,0.8003179430961609
Azamuke 2024 (primary),QDFL,1,0.7853819727897644
Azamuke 2024 (primary),QDFL,1,0.711294949054718
Azamuke 2024 (primary),QDFL,0,0.0008620169828645885
Azamuke 2024 (primary),QDFL,1,0.767895519733429
Azamuke 2024 (primary),QDFL,0,0.032069239765405655
Azamuke 2024 (primary),QDFL,1,0.8240417838096619
Azamuke 2024 (primary),QDFL,1,0.6505632400512695
Azamuke 2024 (primary),QDFL,0,0.7871286869049072
Azamuke 2024 (primary),QDFL,1,0.8273195028305054
Azamuke 2024 (primary),QDFL,1,0.8250033259391785
Azamuke 2024 (primary),QDFL,0,0.0006126710795797408
Azamuke 2024 (primary),QDFL,1,0.7872284650802612
Azamuke 2024 (primary),QDFL,1,0.8069790005683899
Azamuke 2024 (primary),QDFL,1,0.764782726764679
Azamuke 2024 (primary),QDFL,0,0.6423583626747131
Azamuke 2024 (primary),QDFL,0,0.01832117885351181
Azamuke 2024 (primary),QDFL,1,0.7591889500617981
Azamuke 2024 (primary),QDFL,1,0.8117808699607849
Azamuke 2024 (primary),QDFL,0,0.8018014430999756
Azamuke 2024 (primary),QDFL,0,0.01580926403403282
Azamuke 2024 (primary),QDFL,0,0.0027325088158249855
Azamuke 2024 (primary),QDFL,1,0.8313218951225281
Azamuke 2024 (primary),QDFL,0,0.06603239476680756
Azamuke 2024 (primary),QDFL,1,0.828571081161499
Azamuke 2024 (primary),QDFL,1,0.7646631002426147
Azamuke 2024 (primary),QDFL,0,0.029729088768363
Azamuke 2024 (primary),QDFL,1,0.18960876762866974
Azamuke 2024 (primary),QDFL,0,0.033313605934381485
Azamuke 2024 (primary),QDFL,0,0.016828715801239014
Azamuke 2024 (primary),QDFL,1,0.7411900162696838
Azamuke 2024 (primary),QDFL,1,0.7872951030731201
Azamuke 2024 (primary),QDFL,0,0.1568470299243927
Azamuke 2024 (primary),QDFL,0,0.00474484171718359
Azamuke 2024 (primary),QDFL,1,0.7968435287475586
Azamuke 2024 (primary),QDFL,1,0.818594753742218
Azamuke 2024 (primary),QDFL,0,0.7889638543128967
Azamuke 2024 (primary),QDFL,1,0.8109278082847595
Azamuke 2024 (primary),QDFL,1,0.8091198205947876
Azamuke 2024 (primary),QDFL,1,0.8023524880409241
Azamuke 2024 (primary),QDFL,1,0.8117580413818359
Azamuke 2024 (primary),QDFL,1,0.8381454348564148
Azamuke 2024 (primary),QDFL,1,0.833352267742157
Azamuke 2024 (primary),QDFL,0,0.03400809317827225
Azamuke 2024 (primary),QDFL,1,0.7764079570770264
Azamuke 2024 (primary),QDFL,1,0.7903519868850708
Azamuke 2024 (primary),QDFL,1,0.7959136962890625
Azamuke 2024 (primary),QDFL,1,0.7656793594360352
Azamuke 2024 (primary),QDFL,1,0.7409080266952515
Azamuke 2024 (primary),QDFL,0,0.05157838761806488
Azamuke 2024 (primary),QDFL,1,0.8412255644798279
Azamuke 2024 (primary),QDFL,0,0.004758032504469156
Azamuke 2024 (primary),QDFL,1,0.8268949389457703
Azamuke 2024 (primary),QDFL,0,0.002994499634951353
Azamuke 2024 (primary),QDFL,0,0.029738450422883034
Azamuke 2024 (primary),QDFL,1,0.8036621809005737
Azamuke 2024 (primary),QDFL,0,0.0033019764814525843
Azamuke 2024 (primary),QDFL,1,0.8132537007331848
Azamuke 2024 (primary),QDFL,0,0.023412736132740974
Azamuke 2024 (primary),QDFL,1,0.7812677621841431
Azamuke 2024 (primary),QDFL,0,0.008420315571129322
Azamuke 2024 (primary),QDFL,0,0.7495324015617371
Azamuke 2024 (primary),QDFL,0,0.01377086341381073
Azamuke 2024 (primary),QDFL,0,0.8097125887870789
Azamuke 2024 (primary),QDFL,1,0.7894503474235535
Azamuke 2024 (primary),QDFL,0,0.01270829327404499
Azamuke 2024 (primary),QDFL,0,0.7943529486656189
Azamuke 2024 (primary),QDFL,0,0.0751899778842926
Azamuke 2024 (primary),QDFL,1,0.7922973036766052
Azamuke 2024 (primary),QDFL,0,0.8008321523666382
Azamuke 2024 (primary),QDFL,0,0.14238405227661133
Azamuke 2024 (primary),QDFL,1,0.7833598852157593
Azamuke 2024 (primary),QDFL,1,0.7396327257156372
Azamuke 2024 (primary),QDFL,0,0.011246946640312672
Azamuke 2024 (primary),QDFL,0,0.028922736644744873
Azamuke 2024 (primary),QDFL,0,0.0297135841101408
Azamuke 2024 (primary),QDFL,0,0.7980871796607971
Azamuke 2024 (primary),QDFL,0,0.7433560490608215
Azamuke 2024 (primary),QDFL,1,0.7608019709587097
Azamuke 2024 (primary),QDFL,0,0.80585777759552
Azamuke 2024 (primary),QDFL,0,0.006975151132792234
Azamuke 2024 (primary),QDFL,1,0.759068489074707
Azamuke 2024 (primary),QDFL,1,0.8186663389205933
Azamuke 2024 (primary),QDFL,1,0.8300537467002869
Azamuke 2024 (primary),QDFL,0,0.8026056289672852
Azamuke 2024 (primary),QDFL,1,0.7610415816307068
Azamuke 2024 (primary),QDFL,0,0.7879303097724915
Azamuke 2024 (primary),QDFL,1,0.7839365601539612
Azamuke 2024 (primary),QDFL,1,0.7009539008140564
Azamuke 2024 (primary),QDFL,0,0.0064370837062597275
Azamuke 2024 (primary),QDFL,1,0.8264350295066833
Azamuke 2024 (primary),QDFL,1,0.8217629790306091
Azamuke 2024 (primary),QDFL,0,0.004019277635961771
Azamuke 2024 (primary),QDFL,1,0.7983251810073853
Azamuke 2024 (primary),QDFL,0,0.7968013286590576
Azamuke 2024 (primary),QDFL,1,0.7395310997962952
Azamuke 2024 (primary),QDFL,0,0.7879520058631897
Azamuke 2024 (primary),QDFL,0,0.8076232075691223
Azamuke 2024 (primary),QDFL,0,0.8220585584640503
Azamuke 2024 (primary),QDFL,0,0.009761334396898746
Azamuke 2024 (primary),QDFL,0,0.0007344523910433054
Azamuke 2024 (primary),QDFL,1,0.5050585269927979
Azamuke 2024 (primary),QDFL,0,0.8094800114631653
Azamuke 2024 (primary),QDFL,0,0.06849875301122665
Azamuke 2024 (primary),QDFL,0,0.8111786842346191
Azamuke 2024 (primary),QDFL,1,0.828458845615387
Azamuke 2024 (primary),QDFL,0,0.08436072617769241
Azamuke 2024 (primary),QDFL,0,0.7804527878761292
Azamuke 2024 (primary),QDFL,0,0.012856834568083286
Azamuke 2024 (primary),QDFL,1,0.7840216755867004
Azamuke 2024 (primary),QDFL,0,0.013685801066458225
Azamuke 2024 (primary),QDFL,0,0.05747360363602638
Azamuke 2024 (primary),QDFL,1,0.7208130955696106
Azamuke 2024 (primary),QDFL,0,0.8002769947052002
Azamuke 2024 (primary),QDFL,1,0.7955063581466675
Azamuke 2024 (primary),QDFL,1,0.7568891048431396
Azamuke 2024 (primary),QDFL,1,0.8022676110267639
Azamuke 2024 (primary),QDFL,1,0.7649455666542053
Azamuke 2024 (primary),QDFL,0,0.8063090443611145
Azamuke 2024 (primary),QDFL,0,0.005623971112072468
Azamuke 2024 (primary),QDFL,0,0.7867384552955627
Azamuke 2024 (primary),QDFL,0,0.7735234498977661
Azamuke 2024 (primary),QDFL,0,0.014300917275249958
Azamuke 2024 (primary),QDFL,1,0.8162251710891724
Azamuke 2024 (primary),QDFL,1,0.8037307858467102
Azamuke 2024 (primary),QDFL,0,0.0075167822651565075
Azamuke 2024 (primary),QDFL,1,0.8019871711730957
Azamuke 2024 (primary),QDFL,1,0.8150027394294739
Azamuke 2024 (primary),QDFL,0,0.01312240120023489
Azamuke 2024 (primary),QDFL,1,0.8041165471076965
Azamuke 2024 (primary),QDFL,0,0.016254279762506485
Azamuke 2024 (primary),QDFL,0,0.023301277309656143
Azamuke 2024 (primary),QDFL,1,0.7799820899963379
Azamuke 2024 (primary),QDFL,1,0.8012555241584778
Azamuke 2024 (primary),QDFL,0,0.0012320635141804814
Azamuke 2024 (primary),QDFL,0,0.001925452146679163
Azamuke 2024 (primary),QDFL,1,0.7931948304176331
Azamuke 2024 (primary),QDFL,1,0.8100982904434204
Azamuke 2024 (primary),QDFL,1,0.796535849571228
Azamuke 2024 (primary),QDFL,0,0.07235570251941681
Azamuke 2024 (primary),QDFL,0,0.01191672869026661
Azamuke 2024 (primary),QDFL,1,0.8197352886199951
Azamuke 2024 (primary),QDFL,0,0.4736807346343994
Azamuke 2024 (primary),QDFL,1,0.7742870450019836
Azamuke 2024 (primary),QDFL,0,0.01657666638493538
Azamuke 2024 (primary),QDFL,0,0.0431978777050972
Azamuke 2024 (primary),QDFL,1,0.8237499594688416
Azamuke 2024 (primary),QDFL,0,0.011210977099835873
Azamuke 2024 (primary),QDFL,0,0.011005367152392864
Azamuke 2024 (primary),QDFL,1,0.7903321385383606
Azamuke 2024 (primary),QDFL,0,0.707904577255249
Azamuke 2024 (primary),QDFL,1,0.7597782015800476
Azamuke 2024 (primary),QDFL,1,0.7902754545211792
Azamuke 2024 (primary),QDFL,0,0.007459789048880339
Azamuke 2024 (primary),QDFL,1,0.8221343159675598
Azamuke 2024 (primary),QDFL,0,0.027505533769726753
Azamuke 2024 (primary),QDFL,0,0.02889609895646572
Azamuke 2024 (primary),QDFL,0,0.8126538395881653
Azamuke 2024 (primary),QDFL,1,0.8031779527664185
Azamuke 2024 (primary),QDFL,0,0.004636174067854881
Azamuke 2024 (primary),QDFL,1,0.7736170291900635
Azamuke 2024 (primary),QDFL,0,0.006749517749994993
Azamuke 2024 (primary),QDFL,0,0.07572691142559052
Azamuke 2024 (primary),QDFL,1,0.8047960996627808
Azamuke 2024 (primary),QDFL,1,0.7631396651268005
Azamuke 2024 (primary),QDFL,1,0.7953017354011536
Azamuke 2024 (primary),QDFL,1,0.7405059337615967
Azamuke 2024 (primary),QDFL,0,0.0029335496947169304
Azamuke 2024 (primary),QDFL,0,0.006668971851468086
Azamuke 2024 (primary),QDFL,1,0.7777957320213318
Azamuke 2024 (primary),QDFL,0,0.008647766895592213
Azamuke 2024 (primary),QDFL,1,0.7601708769798279
Azamuke 2024 (primary),QDFL,1,0.7442980408668518
Azamuke 2024 (primary),QDFL,1,0.79002845287323
Azamuke 2024 (primary),QDFL,1,0.7932403087615967
Azamuke 2024 (primary),QDFL,0,0.0042158761061728
Azamuke 2024 (primary),QDFL,1,0.8055275678634644
Azamuke 2024 (primary),QDFL,1,0.7976102232933044
Azamuke 2024 (primary),QDFL,1,0.7885413765907288
Azamuke 2024 (primary),QDFL,0,0.016861505806446075
Azamuke 2024 (primary),QDFL,1,0.7892391085624695
Azamuke 2024 (primary),QDFL,0,0.010634324513375759
Azamuke 2024 (primary),QDFL,0,0.41638875007629395
Azamuke 2024 (primary),QDFL,0,0.0022475039586424828
Azamuke 2024 (primary),QDFL,0,0.02049497328698635
Azamuke 2024 (primary),QDFL,0,0.8002694845199585
Azamuke 2024 (primary),QDFL,1,0.7330794334411621
Azamuke 2024 (primary),QDFL,1,0.6804257035255432
Azamuke 2024 (primary),QDFL,0,0.011058921925723553
Azamuke 2024 (primary),QDFL,1,0.7865162491798401
Azamuke 2024 (primary),QDFL,0,0.8088782429695129
Azamuke 2024 (primary),QDFL,1,0.8110024333000183
Azamuke 2024 (primary),QDFL,1,0.8098162412643433
Azamuke 2024 (primary),QDFL,0,0.012749304994940758
Azamuke 2024 (primary),QDFL,1,0.8160701394081116
Azamuke 2024 (primary),QDFL,1,0.6920134425163269
Azamuke 2024 (primary),QDFL,1,0.5075269937515259
Azamuke 2024 (primary),QDFL,1,0.7349569797515869
Azamuke 2024 (primary),QDFL,0,0.7927137613296509
Azamuke 2024 (primary),QDFL,0,0.7990199327468872
Azamuke 2024 (primary),QDFL,0,0.0030479696579277515
Azamuke 2024 (primary),QDFL,1,0.7915215492248535
Azamuke 2024 (primary),QDFL,0,0.8197328448295593
Azamuke 2024 (primary),QDFL,1,0.7990671992301941
Azamuke 2024 (primary),QDFL,1,0.8018649816513062
Azamuke 2024 (primary),QDFL,1,0.7440609335899353
Azamuke 2024 (primary),QDFL,0,0.8229043483734131
Azamuke 2024 (primary),QDFL,0,0.8150801658630371
Azamuke 2024 (primary),QDFL,1,0.7442878484725952
Azamuke 2024 (primary),QDFL,1,0.8081319332122803
Azamuke 2024 (primary),QDFL,0,0.7901431918144226
Azamuke 2024 (primary),QDFL,0,0.01430062111467123
Azamuke 2024 (primary),QDFL,0,0.0007631457410752773
Azamuke 2024 (primary),QDFL,0,0.0021285414695739746
Azamuke 2024 (primary),QDFL,1,0.800419807434082
Azamuke 2024 (primary),QDFL,1,0.7966683506965637
Azamuke 2024 (primary),QDFL,1,0.7926139831542969
Azamuke 2024 (primary),QDFL,1,0.727341890335083
Azamuke 2024 (primary),QDFL,0,0.823599636554718
Azamuke 2024 (primary),QDFL,1,0.7604690790176392
Azamuke 2024 (primary),QDFL,1,0.8139627575874329
Azamuke 2024 (primary),QDFL,1,0.8111727237701416
Azamuke 2024 (primary),QDFL,0,0.03752173110842705
Azamuke 2024 (primary),QDFL,0,0.0018899309216067195
Azamuke 2024 (primary),QDFL,1,0.7756727933883667
Azamuke 2024 (primary),QDFL,1,0.8018776178359985
Azamuke 2024 (primary),QDFL,0,0.5663725137710571
Azamuke 2024 (primary),QDFL,0,0.33514776825904846
Azamuke 2024 (primary),QDFL,0,0.13915999233722687
Azamuke 2024 (primary),QDFL,1,0.8271627426147461
Azamuke 2024 (primary),QDFL,1,0.819430947303772
Azamuke 2024 (primary),QDFL,1,0.7783193588256836
Azamuke 2024 (primary),QDFL,1,0.4002465009689331
Azamuke 2024 (primary),QDFL,0,0.018239760771393776
Azamuke 2024 (primary),QDFL,1,0.7836100459098816
Azamuke 2024 (primary),QDFL,0,0.0015293187461793423
Azamuke 2024 (primary),QDFL,1,0.7843580842018127
Azamuke 2024 (primary),QDFL,1,0.7722036838531494
Azamuke 2024 (primary),QDFL,0,0.6609172821044922
Azamuke 2024 (primary),QDFL,0,0.0007118633366189897
Azamuke 2024 (primary),QDFL,0,0.6822544932365417
Azamuke 2024 (primary),QDFL,1,0.7394721508026123
Azamuke 2024 (primary),QDFL,0,0.08669425547122955
Azamuke 2024 (primary),QDFL,1,0.7970250844955444
Azamuke 2024 (primary),QDFL,1,0.8122839331626892
Azamuke 2024 (primary),QDFL,1,0.773557722568512
Azamuke 2024 (primary),QDFL,1,0.7930290102958679
Azamuke 2024 (primary),QDFL,1,0.8301319479942322
Azamuke 2024 (primary),QDFL,1,0.8182156085968018
Azamuke 2024 (primary),QDFL,1,0.7845617532730103
Azamuke 2024 (primary),QDFL,0,0.8378586173057556
Azamuke 2024 (primary),QDFL,1,0.8236699104309082
Azamuke 2024 (primary),QDFL,1,0.7593508362770081
Azamuke 2024 (primary),QDFL,1,0.7932924032211304
Azamuke 2024 (primary),QDFL,0,0.8290257453918457
Azamuke 2024 (primary),QDFL,1,0.8234363794326782
Azamuke 2024 (primary),QDFL,1,0.7934494614601135
Azamuke 2024 (primary),QDFL,0,0.18695026636123657
Azamuke 2024 (primary),QDFL,0,0.003347249934449792
Azamuke 2024 (primary),QDFL,0,0.001003779238089919
Azamuke 2024 (primary),QDFL,1,0.7844310402870178
Azamuke 2024 (primary),QDFL,0,0.006004683207720518
Azamuke 2024 (primary),QDFL,1,0.8308688402175903
Azamuke 2024 (primary),QDFL,0,0.6031168699264526
Azamuke 2024 (primary),QDFL,0,0.0023072680924087763
Azamuke 2024 (primary),QDFL,0,0.10312651097774506
Azamuke 2024 (primary),QDFL,0,0.0302354134619236
Azamuke 2024 (primary),QDFL,0,0.0309878122061491
Azamuke 2024 (primary),QDFL,1,0.8079469203948975
Azamuke 2024 (primary),QDFL,1,0.788775622844696
Azamuke 2024 (primary),QDFL,0,0.009945697151124477
Azamuke 2024 (primary),QDFL,0,0.20923738181591034
Azamuke 2024 (primary),QDFL,0,0.07786437124013901
Azamuke 2024 (primary),QDFL,0,0.0850149542093277
Azamuke 2024 (primary),QDFL,1,0.7925765514373779
Azamuke 2024 (primary),QDFL,1,0.7944321632385254
Azamuke 2024 (primary),QDFL,0,0.13133668899536133
Azamuke 2024 (primary),QDFL,0,0.8018013834953308
Azamuke 2024 (primary),QDFL,0,0.6437021493911743
Azamuke 2024 (primary),QDFL,0,0.30143487453460693
Azamuke 2024 (primary),QDFL,0,0.0066523770801723
Azamuke 2024 (primary),QDFL,0,0.04246902093291283
Azamuke 2024 (primary),QDFL,0,0.011541355401277542
Azamuke 2024 (primary),QDFL,1,0.8090360760688782
Azamuke 2024 (primary),QDFL,0,0.04252784326672554
Azamuke 2024 (primary),QDFL,0,0.44152626395225525
Azamuke 2024 (primary),QDFL,1,0.8092014789581299
Azamuke 2024 (primary),QDFL,0,0.009696390479803085
Azamuke 2024 (primary),QDFL,0,0.0019831520039588213
Azamuke 2024 (primary),QDFL,0,0.07185117155313492
Azamuke 2024 (primary),QDFL,1,0.7767576575279236
Azamuke 2024 (primary),QDFL,0,0.01761440373957157
Azamuke 2024 (primary),QDFL,1,0.8002053499221802
Azamuke 2024 (primary),QDFL,1,0.7679446339607239
Azamuke 2024 (primary),QDFL,0,0.37224292755126953
Azamuke 2024 (primary),QDFL,1,0.797572672367096
Azamuke 2024 (primary),QDFL,0,0.011002767831087112
Azamuke 2024 (primary),QDFL,0,0.0014898307854309678
Azamuke 2024 (primary),QDFL,0,0.0024494612589478493
Azamuke 2024 (primary),QDFL,1,0.7021982669830322
Azamuke 2024 (primary),QDFL,1,0.6983262300491333
Azamuke 2024 (primary),QDFL,0,0.007495400961488485
Azamuke 2024 (primary),QDFL,0,0.008434828370809555
Azamuke 2024 (primary),QDFL,1,0.8112480044364929
Azamuke 2024 (primary),QDFL,0,0.7869276404380798
Azamuke 2024 (primary),QDFL,1,0.8164977431297302
Azamuke 2024 (primary),QDFL,0,0.7269509434700012
Azamuke 2024 (primary),QDFL,1,0.8021513223648071
Azamuke 2024 (primary),QDFL,1,0.6389316916465759
Azamuke 2024 (primary),QDFL,1,0.7984949350357056
Azamuke 2024 (primary),QDFL,1,0.8176217675209045
Azamuke 2024 (primary),QDFL,0,0.7920124530792236
Azamuke 2024 (primary),QDFL,0,0.8007605075836182
Azamuke 2024 (primary),QDFL,0,0.03559698909521103
Azamuke 2024 (primary),QDFL,1,0.7864524722099304
Azamuke 2024 (primary),QDFL,0,0.0008749877451919019
Azamuke 2024 (primary),QDFL,0,0.7483943700790405
Azamuke 2024 (primary),QDFL,0,0.008484256453812122
Azamuke 2024 (primary),QDFL,0,0.01479868683964014
Azamuke 2024 (primary),QDFL,1,0.828005313873291
Azamuke 2024 (primary),QDFL,1,0.7977060079574585
Azamuke 2024 (primary),QDFL,0,0.022440264001488686
Azamuke 2024 (primary),QDFL,1,0.6412923336029053
Azamuke 2024 (primary),QDFL,1,0.6746417880058289
Azamuke 2024 (primary),QDFL,1,0.7400085926055908
Azamuke 2024 (primary),QDFL,1,0.7826037406921387
Azamuke 2024 (primary),QDFL,0,0.7793743014335632
Azamuke 2024 (primary),QDFL,0,0.2280312329530716
Azamuke 2024 (primary),QDFL,1,0.8270655870437622
Azamuke 2024 (primary),QDFL,0,0.02276485040783882
Azamuke 2024 (primary),QDFL,1,0.8022593259811401
Azamuke 2024 (primary),QDFL,1,0.773938000202179
Azamuke 2024 (primary),QDFL,1,0.7745825052261353
Azamuke 2024 (primary),QDFL,1,0.7920308709144592
Azamuke 2024 (primary),QDFL,1,0.8051372766494751
Azamuke 2024 (primary),QDFL,0,0.015600370243191719
Azamuke 2024 (primary),QDFL,1,0.7644330263137817
Azamuke 2024 (primary),QDFL,1,0.7726426720619202
Azamuke 2024 (primary),QDFL,1,0.7900780439376831
Azamuke 2024 (primary),QDFL,1,0.8340241312980652
Azamuke 2024 (primary),QDFL,0,0.012205205857753754
Azamuke 2024 (primary),QDFL,0,0.001198984682559967
Azamuke 2024 (primary),QDFL,0,0.8053591251373291
Azamuke 2024 (primary),QDFL,0,0.82122802734375
Azamuke 2024 (primary),QDFL,0,0.009077292867004871
Azamuke 2024 (primary),QDFL,1,0.7974792718887329
Azamuke 2024 (primary),QDFL,0,0.02887469157576561
Azamuke 2024 (primary),QDFL,0,0.005815646145492792
Azamuke 2024 (primary),QDFL,1,0.7992862462997437
Azamuke 2024 (primary),QDFL,1,0.8167675733566284
Azamuke 2024 (primary),QDFL,0,0.7127217650413513
Azamuke 2024 (primary),QDFL,0,0.7999588847160339
Azamuke 2024 (primary),QDFL,0,0.770710825920105
Azamuke 2024 (primary),QDFL,0,0.023926706984639168
Azamuke 2024 (primary),QDFL,0,0.049516234546899796
Azamuke 2024 (primary),QDFL,0,0.01609455794095993
Azamuke 2024 (primary),QDFL,1,0.6488754153251648
Azamuke 2024 (primary),QDFL,1,0.7042282223701477
Azamuke 2024 (primary),QDFL,1,0.804742693901062
Azamuke 2024 (primary),QDFL,0,0.02613776922225952
Azamuke 2024 (primary),QDFL,0,0.08885946869850159
Azamuke 2024 (primary),QDFL,0,0.007957713678479195
Azamuke 2024 (primary),QDFL,0,0.020642606541514397
Azamuke 2024 (primary),QDFL,0,0.8002455234527588
Azamuke 2024 (primary),QDFL,0,0.03252960368990898
Azamuke 2024 (primary),QDFL,1,0.8096839189529419
Azamuke 2024 (primary),QDFL,0,0.028034565970301628
Azamuke 2024 (primary),QDFL,1,0.7897451519966125
Azamuke 2024 (primary),QDFL,0,0.022019149735569954
Azamuke 2024 (primary),QDFL,1,0.7696131467819214
Azamuke 2024 (primary),QDFL,0,0.019534308463335037
Azamuke 2024 (primary),QDFL,0,0.009277725592255592
Azamuke 2024 (primary),QDFL,1,0.8055973649024963
Azamuke 2024 (primary),QDFL,0,0.07012732326984406
Azamuke 2024 (primary),QDFL,0,0.003939379472285509
Azamuke 2024 (primary),QDFL,1,0.7630020380020142
Azamuke 2024 (primary),QDFL,1,0.7861783504486084
Azamuke 2024 (primary),QDFL,0,0.29184436798095703
Azamuke 2024 (primary),QDFL,1,0.7754767537117004
Azamuke 2024 (primary),QDFL,1,0.732341468334198
Azamuke 2024 (primary),QDFL,0,0.001459200051613152
Azamuke 2024 (primary),QDFL,1,0.7529007792472839
Azamuke 2024 (primary),QDFL,1,0.8002884984016418
Azamuke 2024 (primary),QDFL,0,0.018917983397841454
Azamuke 2024 (primary),QDFL,0,0.7757925391197205
Azamuke 2024 (primary),QDFL,1,0.7980409860610962
Azamuke 2024 (primary),QDFL,0,0.7855845093727112
Azamuke 2024 (primary),QDFL,1,0.804920494556427
Azamuke 2024 (primary),QDFL,0,0.0010299879359081388
Azamuke 2024 (primary),QDFL,0,0.04369048401713371
Azamuke 2024 (primary),QDFL,0,0.06639136373996735
Azamuke 2024 (primary),QDFL,1,0.7867159843444824
Azamuke 2024 (primary),QDFL,0,0.02993503399193287
Azamuke 2024 (primary),QDFL,0,0.012868125922977924
Azamuke 2024 (primary),QDFL,1,0.8158803582191467
Azamuke 2024 (primary),QDFL,1,0.72737056016922
Azamuke 2024 (primary),QDFL,1,0.7568032145500183
Azamuke 2024 (primary),QDFL,0,0.27739498019218445
Azamuke 2024 (primary),QDFL,0,0.7882798314094543
Azamuke 2024 (primary),QDFL,1,0.7843157052993774
Azamuke 2024 (primary),QDFL,0,0.7112154960632324
Azamuke 2024 (primary),QDFL,1,0.6038394570350647
Azamuke 2024 (primary),QDFL,0,0.052732914686203
Azamuke 2024 (primary),QDFL,1,0.8014485239982605
Azamuke 2024 (primary),QDFL,0,0.01715153083205223
Azamuke 2024 (primary),QDFL,1,0.8412608504295349
Azamuke 2024 (primary),QDFL,1,0.7214053273200989
Azamuke 2024 (primary),QDFL,0,0.061106640845537186
Azamuke 2024 (primary),QDFL,0,0.8103492856025696
Azamuke 2024 (primary),QDFL,0,0.6154793500900269
Azamuke 2024 (primary),QDFL,1,0.7801790237426758
Azamuke 2024 (primary),QDFL,1,0.7499772906303406
Azamuke 2024 (primary),QDFL,1,0.8235686421394348
Azamuke 2024 (primary),QDFL,0,0.014226624742150307
Azamuke 2024 (primary),QDFL,0,0.7100486159324646
Azamuke 2024 (primary),QDFL,1,0.7855465412139893
Azamuke 2024 (primary),QDFL,0,0.8218956589698792
Azamuke 2024 (primary),QDFL,0,0.7793169617652893
Azamuke 2024 (primary),QDFL,0,0.01522285956889391
Azamuke 2024 (primary),QDFL,0,0.14542554318904877
Azamuke 2024 (primary),QDFL,1,0.8269824385643005
Azamuke 2024 (primary),QDFL,0,0.005987381096929312
Azamuke 2024 (primary),QDFL,1,0.8226082921028137
Azamuke 2024 (primary),QDFL,1,0.8312085866928101
Azamuke 2024 (primary),QDFL,0,0.0033638649620115757
Azamuke 2024 (primary),QDFL,1,0.8027428388595581
Azamuke 2024 (primary),QDFL,1,0.8015159964561462
Azamuke 2024 (primary),QDFL,0,0.029332099482417107
Azamuke 2024 (primary),QDFL,0,0.3718719184398651
Azamuke 2024 (primary),QDFL,1,0.7134502530097961
Azamuke 2024 (primary),QDFL,1,0.7956803441047668
Azamuke 2024 (primary),QDFL,1,0.8020209074020386
Azamuke 2024 (primary),QDFL,1,0.8067076802253723
Azamuke 2024 (primary),QDFL,1,0.7978593111038208
Azamuke 2024 (primary),QDFL,1,0.7533642649650574
Azamuke 2024 (primary),QDFL,1,0.7732334136962891
Azamuke 2024 (primary),QDFL,0,0.0012579197064042091
Azamuke 2024 (primary),QDFL,1,0.8164597749710083
Azamuke 2024 (primary),QDFL,1,0.7899830937385559
Azamuke 2024 (primary),QDFL,0,0.036155618727207184
Azamuke 2024 (primary),QDFL,0,0.01641843281686306
Azamuke 2024 (primary),QDFL,0,0.019633878022432327
Azamuke 2024 (primary),QDFL,1,0.8003833889961243
Azamuke 2024 (primary),QDFL,1,0.7733091115951538
Azamuke 2024 (primary),QDFL,0,0.0483718141913414
Azamuke 2024 (primary),QDFL,0,0.7988277673721313
Azamuke 2024 (primary),QDFL,0,0.009321718476712704
Azamuke 2024 (primary),QDFL,1,0.7896519303321838
Azamuke 2024 (primary),QDFL,1,0.7903993725776672
Azamuke 2024 (primary),QDFL,1,0.7942350506782532
Azamuke 2024 (primary),QDFL,0,0.043316785246133804
Azamuke 2024 (primary),QDFL,0,0.011966305784881115
Azamuke 2024 (primary),QDFL,0,0.7900250554084778
Azamuke 2024 (primary),QDFL,0,0.01648813672363758
Azamuke 2024 (primary),QDFL,0,0.0008954714285209775
Azamuke 2024 (primary),QDFL,1,0.8011283278465271
Azamuke 2024 (primary),QDFL,1,0.7758830785751343
Azamuke 2024 (primary),QDFL,0,0.8097563982009888
Azamuke 2024 (primary),QDFL,0,0.013983532786369324
Azamuke 2024 (primary),QDFL,1,0.6014014482498169
Azamuke 2024 (primary),QDFL,1,0.8149603009223938
Azamuke 2024 (primary),QDFL,0,0.026124130934476852
Azamuke 2024 (primary),QDFL,0,0.010088467039167881
Azamuke 2024 (primary),QDFL,0,0.819208025932312
Azamuke 2024 (primary),QDFL,1,0.798291027545929
Azamuke 2024 (primary),QDFL,1,0.8602813482284546
Azamuke 2024 (primary),QDFL,0,0.008274778723716736
Azamuke 2024 (primary),QDFL,0,0.7962302565574646
Azamuke 2024 (primary),QDFL,1,0.7875328660011292
Azamuke 2024 (primary),QDFL,0,0.02753358893096447
Azamuke 2024 (primary),QDFL,1,0.7578528523445129
Azamuke 2024 (primary),QDFL,1,0.7839564681053162
Azamuke 2024 (primary),QDFL,0,0.11501448601484299
Azamuke 2024 (primary),QDFL,0,0.004494710825383663
Azamuke 2024 (primary),QDFL,0,0.7996245622634888
Azamuke 2024 (primary),QDFL,0,0.7617313861846924
Azamuke 2024 (primary),QDFL,1,0.785011351108551
Azamuke 2024 (primary),QDFL,0,0.7734280824661255
Azamuke 2024 (primary),QDFL,0,0.22960631549358368
Azamuke 2024 (primary),QDFL,1,0.7779984474182129
Azamuke 2024 (primary),QDFL,1,0.7717287540435791
Azamuke 2024 (primary),QDFL,1,0.8210012316703796
Azamuke 2024 (primary),QDFL,1,0.7742555737495422
Azamuke 2024 (primary),QDFL,0,0.7428696751594543
Azamuke 2024 (primary),QDFL,1,0.7343847155570984
Azamuke 2024 (primary),QDFL,1,0.7906602025032043
Azamuke 2024 (primary),QDFL,1,0.8066837191581726
Azamuke 2024 (primary),QDFL,0,0.7413685917854309
Azamuke 2024 (primary),QDFL,1,0.8018054366111755
Azamuke 2024 (primary),QDFL,1,0.7553403973579407
Azamuke 2024 (primary),QDFL,1,0.7765452861785889
Azamuke 2024 (primary),QDFL,0,0.2568955719470978
Azamuke 2024 (primary),QDFL,0,0.06563274562358856
Azamuke 2024 (primary),QDFL,0,0.02512172982096672
Azamuke 2024 (primary),QDFL,1,0.8120423555374146
Azamuke 2024 (primary),QDFL,0,0.006692527327686548
Azamuke 2024 (primary),QDFL,0,0.0028057696763426065
Azamuke 2024 (primary),QDFL,1,0.7897863388061523
Azamuke 2024 (primary),QDFL,0,0.012234410271048546
Azamuke 2024 (primary),QDFL,0,0.8274920582771301
Azamuke 2024 (primary),QDFL,1,0.799538791179657
Azamuke 2024 (primary),QDFL,0,0.017550602555274963
Azamuke 2024 (primary),QDFL,0,0.005248636472970247
Azamuke 2024 (primary),QDFL,1,0.7977108955383301
Azamuke 2024 (primary),QDFL,0,0.026664087548851967
Azamuke 2024 (primary),QDFL,1,0.7926725745201111
Azamuke 2024 (primary),QDFL,0,0.4944441020488739
Azamuke 2024 (primary),QDFL,0,0.010812469758093357
Azamuke 2024 (primary),QDFL,0,0.06402187794446945
Azamuke 2024 (primary),QDFL,1,0.8336828947067261
Azamuke 2024 (primary),QDFL,1,0.8189674019813538
Azamuke 2024 (primary),QDFL,0,0.10591994225978851
Azamuke 2024 (primary),QDFL,1,0.6943419575691223
Azamuke 2024 (primary),QDFL,0,0.04009976610541344
Azamuke 2024 (primary),QDFL,1,0.7964206337928772
Azamuke 2024 (primary),QDFL,0,0.007293460890650749
Azamuke 2024 (primary),QDFL,1,0.8314418196678162
Azamuke 2024 (primary),QDFL,0,0.8240984082221985
Azamuke 2024 (primary),QDFL,0,0.778656542301178
Azamuke 2024 (primary),QDFL,1,0.6010395288467407
Azamuke 2024 (primary),QDFL,0,0.6340329647064209
Azamuke 2024 (primary),QDFL,1,0.8124910593032837
Azamuke 2024 (primary),QDFL,1,0.7762107849121094
Azamuke 2024 (primary),QDFL,1,0.7966188192367554
Azamuke 2024 (primary),QDFL,1,0.7877597808837891
Azamuke 2024 (primary),QDFL,1,0.7149945497512817
Azamuke 2024 (primary),QDFL,0,0.0023560612462460995
Azamuke 2024 (primary),QDFL,1,0.8265304565429688
Azamuke 2024 (primary),QDFL,1,0.7926652431488037
Azamuke 2024 (primary),QDFL,1,0.7912893295288086
Azamuke 2024 (primary),QDFL,0,0.013581281527876854
Azamuke 2024 (primary),QDFL,0,0.6109203100204468
Azamuke 2024 (primary),QDFL,1,0.7841408848762512
Azamuke 2024 (primary),QDFL,0,0.8183906674385071
Azamuke 2024 (primary),QDFL,0,0.022481434047222137
Azamuke 2024 (primary),QDFL,0,0.7961843609809875
Azamuke 2024 (primary),QDFL,0,0.00977196916937828
Azamuke 2024 (primary),QDFL,0,0.040292393416166306
Azamuke 2024 (primary),QDFL,0,0.006540479138493538
Azamuke 2024 (primary),QDFL,1,0.7982195615768433
Azamuke 2024 (primary),QDFL,1,0.6983852386474609
Azamuke 2024 (primary),QDFL,1,0.8085171580314636
Azamuke 2024 (primary),QDFL,1,0.7906998991966248
Azamuke 2024 (primary),QDFL,0,0.027184827253222466
Azamuke 2024 (primary),QDFL,0,0.00916497502475977
Azamuke 2024 (primary),QDFL,0,0.760820209980011
Azamuke 2024 (primary),QDFL,1,0.7605886459350586
Azamuke 2024 (primary),QDFL,0,0.0007197167142294347
Azamuke 2024 (primary),QDFL,1,0.8101276755332947
Azamuke 2024 (primary),QDFL,1,0.7142612934112549
Azamuke 2024 (primary),QDFL,1,0.8007763028144836
Azamuke 2024 (primary),QDFL,1,0.8253621459007263
Azamuke 2024 (primary),QDFL,1,0.8248276710510254
Azamuke 2024 (primary),QDFL,1,0.8004627823829651
Azamuke 2024 (primary),QDFL,1,0.7535111308097839
Azamuke 2024 (primary),QDFL,0,0.1497439593076706
Azamuke 2024 (primary),QDFL,1,0.7822179794311523
Azamuke 2024 (primary),QDFL,1,0.8184658288955688
Azamuke 2024 (primary),QDFL,1,0.7369644045829773
Azamuke 2024 (primary),QDFL,0,0.007990787737071514
Azamuke 2024 (primary),QDFL,0,0.7880746126174927
Azamuke 2024 (primary),QDFL,0,0.043691448867321014
Azamuke 2024 (primary),QDFL,1,0.7889624834060669
Azamuke 2024 (primary),QDFL,0,0.7711712718009949
Azamuke 2024 (primary),QDFL,0,0.5028911828994751
Azamuke 2024 (primary),QDFL,0,0.1910589337348938
Azamuke 2024 (primary),QDFL,1,0.7930980920791626
Azamuke 2024 (primary),QDFL,1,0.8231552243232727
Azamuke 2024 (primary),QDFL,1,0.801948070526123
Azamuke 2024 (primary),QDFL,1,0.7827686667442322
Azamuke 2024 (primary),QDFL,0,0.0017560222186148167
Azamuke 2024 (primary),QDFL,1,0.8450536131858826
Azamuke 2024 (primary),QDFL,1,0.7594505548477173
Azamuke 2024 (primary),QDFL,0,0.04598201811313629
Azamuke 2024 (primary),QDFL,0,0.4807426929473877
Azamuke 2024 (primary),QDFL,0,0.667945146560669
Azamuke 2024 (primary),QDFL,0,0.006378216668963432
Azamuke 2024 (primary),QDFL,1,0.7573881149291992
Azamuke 2024 (primary),QDFL,0,0.8099476099014282
Azamuke 2024 (primary),QDFL,0,0.20638257265090942
Azamuke 2024 (primary),QDFL,1,0.7139410376548767
Azamuke 2024 (primary),QDFL,1,0.8003514409065247
Azamuke 2024 (primary),QDFL,1,0.6132757663726807
Azamuke 2024 (primary),QDFL,0,0.7749634981155396
Azamuke 2024 (primary),QDFL,0,0.49980825185775757
Azamuke 2024 (primary),QDFL,1,0.789723813533783
Azamuke 2024 (primary),QDFL,1,0.8317164182662964
Azamuke 2024 (primary),QDFL,1,0.8049901723861694
Azamuke 2024 (primary),QDFL,1,0.7900181412696838
Azamuke 2024 (primary),QDFL,0,0.03724818304181099
Azamuke 2024 (primary),QDFL,0,0.3773234486579895
Azamuke 2024 (primary),QDFL,1,0.7900758385658264
Azamuke 2024 (primary),QDFL,0,0.0007292238879017532
Azamuke 2024 (primary),QDFL,1,0.791927695274353
Azamuke 2024 (primary),QDFL,1,0.7844832539558411
Azamuke 2024 (primary),QDFL,0,0.0014453248586505651
Azamuke 2024 (primary),QDFL,1,0.8093141317367554
Azamuke 2024 (primary),QDFL,0,0.025576656684279442
Azamuke 2024 (primary),QDFL,0,0.014977362006902695
Azamuke 2024 (primary),QDFL,1,0.7706037759780884
Azamuke 2024 (primary),QDFL,0,0.09443816542625427
Azamuke 2024 (primary),QDFL,0,0.005517970304936171
Azamuke 2024 (primary),QDFL,0,0.13576386868953705
Azamuke 2024 (primary),QDFL,1,0.800331175327301
Azamuke 2024 (primary),QDFL,0,0.0014493115013465285
Azamuke 2024 (primary),QDFL,0,0.7936497330665588
Azamuke 2024 (primary),QDFL,0,0.04650222137570381
Azamuke 2024 (primary),QDFL,1,0.7513249516487122
Azamuke 2024 (primary),QDFL,0,0.0020642862655222416
Azamuke 2024 (primary),QDFL,1,0.8115497827529907
Azamuke 2024 (primary),QDFL,0,0.0005525542073883116
Azamuke 2024 (primary),QDFL,0,0.024451052770018578
Azamuke 2024 (primary),QDFL,0,0.0033825563732534647
Azamuke 2024 (primary),QDFL,1,0.7409361600875854
Azamuke 2024 (primary),QDFL,0,0.7880849838256836
Azamuke 2024 (primary),QDFL,1,0.8085727691650391
Azamuke 2024 (primary),QDFL,1,0.7827065587043762
Azamuke 2024 (primary),QDFL,1,0.792187511920929
Azamuke 2024 (primary),QDFL,0,0.009958500042557716
Azamuke 2024 (primary),QDFL,0,0.2663035988807678
Azamuke 2024 (primary),QDFL,0,0.05681469663977623
Azamuke 2024 (primary),QDFL,1,0.8115108013153076
Azamuke 2024 (primary),QDFL,1,0.8196675181388855
Azamuke 2024 (primary),QDFL,0,0.009585801512002945
Azamuke 2024 (primary),QDFL,1,0.7486905455589294
Azamuke 2024 (primary),QDFL,0,0.0009763169218786061
Azamuke 2024 (primary),QDFL,1,0.7725147604942322
Azamuke 2024 (primary),QDFL,1,0.7808443903923035
Azamuke 2024 (primary),QDFL,0,0.005677415989339352
Azamuke 2024 (primary),QDFL,0,0.1215977668762207
Azamuke 2024 (primary),QDFL,0,0.03823179379105568
Azamuke 2024 (primary),QDFL,1,0.8022962212562561
Azamuke 2024 (primary),QDFL,1,0.810212254524231
Azamuke 2024 (primary),QDFL,0,0.01219749916344881
Azamuke 2024 (primary),QDFL,1,0.818708062171936
Azamuke 2024 (primary),QDFL,0,0.0006812155479565263
Azamuke 2024 (primary),QDFL,1,0.7823399901390076
Azamuke 2024 (primary),QDFL,0,0.013120708987116814
Azamuke 2024 (primary),QDFL,1,0.7780873775482178
Azamuke 2024 (primary),QDFL,1,0.7997856140136719
Azamuke 2024 (primary),QDFL,1,0.4164793789386749
Azamuke 2024 (primary),QDFL,0,0.015183963812887669
Azamuke 2024 (primary),QDFL,0,0.06587594747543335
Azamuke 2024 (primary),QDFL,0,0.24484576284885406
Azamuke 2024 (primary),QDFL,1,0.804427981376648
Azamuke 2024 (primary),QDFL,1,0.8006189465522766
Azamuke 2024 (primary),QDFL,0,0.8053109645843506
Azamuke 2024 (primary),QDFL,0,0.8111496567726135
Azamuke 2024 (primary),QDFL,1,0.8074769973754883
Azamuke 2024 (primary),QDFL,0,0.7979115843772888
Azamuke 2024 (primary),QDFL,1,0.7787267565727234
Azamuke 2024 (primary),QDFL,1,0.7986844778060913
Azamuke 2024 (primary),QDFL,0,0.8388631343841553
Azamuke 2024 (primary),QDFL,1,0.19941727817058563
Azamuke 2024 (primary),QDFL,1,0.1596827656030655
Azamuke 2024 (primary),QDFL,1,0.7998777031898499
Azamuke 2024 (primary),QDFL,0,0.010864080861210823
Azamuke 2024 (primary),QDFL,0,0.003981322515755892
Azamuke 2024 (primary),QDFL,0,0.26657775044441223
Azamuke 2024 (primary),QDFL,0,0.0015753635670989752
Azamuke 2024 (primary),QDFL,0,0.001155421370640397
Azamuke 2024 (primary),QDFL,0,0.001933029037900269
Azamuke 2024 (primary),QDFL,1,0.7632244229316711
Azamuke 2024 (primary),QDFL,1,0.10028184950351715
Azamuke 2024 (primary),QDFL,1,0.7036726474761963
Azamuke 2024 (primary),QDFL,0,0.007522383704781532
Azamuke 2024 (primary),QDFL,0,0.7000969052314758
Azamuke 2024 (primary),QDFL,1,0.7809610962867737
Azamuke 2024 (primary),QDFL,1,0.8028683066368103
Azamuke 2024 (primary),QDFL,0,0.8235158324241638
Azamuke 2024 (primary),QDFL,0,0.00490125035867095
Azamuke 2024 (primary),QDFL,0,0.7786514163017273
Azamuke 2024 (primary),QDFL,1,0.7867543697357178
Azamuke 2024 (primary),QDFL,0,0.003382493741810322
Azamuke 2024 (primary),QDFL,0,0.10268828272819519
Azamuke 2024 (primary),QDFL,1,0.8018898367881775
Azamuke 2024 (primary),QDFL,0,0.2760027348995209
Azamuke 2024 (primary),QDFL,1,0.7175592184066772
Azamuke 2024 (primary),QDFL,0,0.0019903904758393764
Azamuke 2024 (primary),QDFL,0,0.6497765183448792
Azamuke 2024 (primary),QDFL,1,0.7869088649749756
Azamuke 2024 (primary),QDFL,1,0.7893610596656799
Azamuke 2024 (primary),QDFL,0,0.0010840859031304717
Azamuke 2024 (primary),QDFL,1,0.7931544780731201
Azamuke 2024 (primary),QDFL,0,0.0269169919192791
Azamuke 2024 (primary),QDFL,1,0.8119503259658813
Azamuke 2024 (primary),QDFL,0,0.013026037253439426
Azamuke 2024 (primary),QDFL,0,0.014525718986988068
Azamuke 2024 (primary),QDFL,0,0.0163801908493042
Azamuke 2024 (primary),QDFL,1,0.7879741191864014
Azamuke 2024 (primary),QDFL,0,0.019689073786139488
Azamuke 2024 (primary),QDFL,0,0.001961573725566268
Azamuke 2024 (primary),QDFL,0,0.15340234339237213
Azamuke 2024 (primary),QDFL,0,0.06523741781711578
Azamuke 2024 (primary),QDFL,1,0.8350802063941956
Azamuke 2024 (primary),QDFL,1,0.39410585165023804
Azamuke 2024 (primary),QDFL,0,0.7730319499969482
Azamuke 2024 (primary),QDFL,0,0.7568572759628296
Azamuke 2024 (primary),QDFL,0,0.022403718903660774
Azamuke 2024 (primary),QDFL,1,0.8266204595565796
Azamuke 2024 (primary),QDFL,1,0.789999783039093
Azamuke 2024 (primary),QDFL,1,0.7637048959732056
Azamuke 2024 (primary),QDFL,1,0.8130955100059509
Azamuke 2024 (primary),QDFL,0,0.017181934788823128
Azamuke 2024 (primary),QDFL,1,0.7835997939109802
Azamuke 2024 (primary),QDFL,0,0.7252316474914551
Azamuke 2024 (primary),QDFL,1,0.812049388885498
Azamuke 2024 (primary),QDFL,0,0.0011834623292088509
Azamuke 2024 (primary),QDFL,0,0.007748355157673359
Azamuke 2024 (primary),QDFL,1,0.7950301766395569
Azamuke 2024 (primary),QDFL,1,0.817872166633606
Azamuke 2024 (primary),QDFL,0,0.011886022984981537
Azamuke 2024 (primary),QDFL,1,0.7854269742965698
Azamuke 2024 (primary),QDFL,0,0.0012653532903641462
Azamuke 2024 (primary),QDFL,1,0.7544844150543213
Azamuke 2024 (primary),QDFL,0,0.0007132883765734732
Azamuke 2024 (primary),QDFL,0,0.006631927099078894
Azamuke 2024 (primary),QDFL,1,0.7785010933876038
Azamuke 2024 (primary),QDFL,1,0.8013774156570435
Azamuke 2024 (primary),QDFL,1,0.7992405295372009
Azamuke 2024 (primary),QDFL,1,0.8022585511207581
Azamuke 2024 (primary),QDFL,0,0.7915947437286377
Azamuke 2024 (primary),QDFL,1,0.8095884323120117
Azamuke 2024 (primary),QDFL,1,0.7984555959701538
Azamuke 2024 (primary),QDFL,1,0.7312987446784973
Azamuke 2024 (primary),QDFL,1,0.8183460235595703
Azamuke 2024 (primary),QDFL,1,0.806943416595459
Azamuke 2024 (primary),QDFL,1,0.7650336623191833
Azamuke 2024 (primary),QDFL,1,0.7852587103843689
Azamuke 2024 (primary),QDFL,0,0.020715735852718353
Azamuke 2024 (primary),QDFL,0,0.7182333469390869
Azamuke 2024 (primary),QDFL,0,0.0017871317686513066
Azamuke 2024 (primary),QDFL,0,0.00665711797773838
Azamuke 2024 (primary),QDFL,1,0.7825021743774414
Azamuke 2024 (primary),QDFL,0,0.003587570507079363
Azamuke 2024 (primary),QDFL,0,0.5075823664665222
Azamuke 2024 (primary),QDFL,0,0.7565712928771973
Azamuke 2024 (primary),QDFL,0,0.8339438438415527
Azamuke 2024 (primary),QDFL,1,0.8011918067932129
Azamuke 2024 (primary),QDFL,1,0.7894488573074341
Azamuke 2024 (primary),QDFL,0,0.10520916432142258
Azamuke 2024 (primary),QDFL,1,0.6474083065986633
Azamuke 2024 (primary),QDFL,0,0.7887490391731262
Azamuke 2024 (primary),QDFL,1,0.8344967365264893
Azamuke 2024 (primary),QDFL,0,0.7876343727111816
Azamuke 2024 (primary),QDFL,1,0.7942647337913513
Azamuke 2024 (primary),QDFL,1,0.7817183136940002
Azamuke 2024 (primary),QDFL,1,0.7974573969841003
Azamuke 2024 (primary),QDFL,1,0.8411368131637573
Azamuke 2024 (primary),QDFL,1,0.6733201742172241
Azamuke 2024 (primary),QDFL,0,0.014801036566495895
Azamuke 2024 (primary),QDFL,0,0.03539358451962471
Azamuke 2024 (primary),QDFL,1,0.7786879539489746
Azamuke 2024 (primary),QDFL,1,0.594868540763855
Azamuke 2024 (primary),QDFL,0,0.02706131711602211
Azamuke 2024 (primary),QDFL,1,0.8044132590293884
Azamuke 2024 (primary),QDFL,1,0.5852391123771667
Azamuke 2024 (primary),QDFL,0,0.003171042539179325
Azamuke 2024 (primary),QDFL,1,0.7972830533981323
Azamuke 2024 (primary),QDFL,1,0.00690441345795989
Azamuke 2024 (primary),QDFL,0,0.019988346844911575
Azamuke 2024 (primary),QDFL,0,0.49359026551246643
Azamuke 2024 (primary),QDFL,1,0.7830153107643127
Azamuke 2024 (primary),QDFL,0,0.08819478005170822
Azamuke 2024 (primary),QDFL,0,0.7950397729873657
Azamuke 2024 (primary),QDFL,1,0.7494794726371765
Azamuke 2024 (primary),QDFL,0,0.023211246356368065
Azamuke 2024 (primary),QDFL,0,0.2686469554901123
Azamuke 2024 (primary),QDFL,0,0.7316190600395203
Azamuke 2024 (primary),QDFL,1,0.8306416869163513
Azamuke 2024 (primary),QDFL,1,0.6098171472549438
Azamuke 2024 (primary),QDFL,0,0.036966655403375626
Azamuke 2024 (primary),QDFL,1,0.797702968120575
Azamuke 2024 (primary),QDFL,1,0.7911720871925354
Azamuke 2024 (primary),QDFL,1,0.8281305432319641
Azamuke 2024 (primary),QDFL,0,0.7888467311859131
Azamuke 2024 (primary),QDFL,1,0.7796435356140137
Azamuke 2024 (primary),QDFL,0,0.007331657689064741
Azamuke 2024 (primary),QDFL,0,0.7990646362304688
Azamuke 2024 (primary),QDFL,1,0.7871467471122742
Azamuke 2024 (primary),QDFL,1,0.7479202747344971
Azamuke 2024 (primary),QDFL,1,0.8445043563842773
Azamuke 2024 (primary),QDFL,0,0.04718250781297684
Azamuke 2024 (primary),QDFL,1,0.7329241037368774
Azamuke 2024 (primary),QDFL,0,0.008314146660268307
Azamuke 2024 (primary),QDFL,1,0.8029313683509827
Azamuke 2024 (primary),QDFL,0,0.008570387959480286
Azamuke 2024 (primary),QDFL,1,0.8220871686935425
Azamuke 2024 (primary),QDFL,0,0.012449447996914387
Azamuke 2024 (primary),QDFL,1,0.7970960736274719
Azamuke 2024 (primary),QDFL,0,0.04209725558757782
Azamuke 2024 (primary),QDFL,0,0.10375039279460907
Azamuke 2024 (primary),QDFL,0,0.00399146880954504
Azamuke 2024 (primary),QDFL,1,0.7603706121444702
Azamuke 2024 (primary),QDFL,1,0.7897709012031555
Azamuke 2024 (primary),QDFL,0,0.6207963824272156
Azamuke 2024 (primary),QDFL,1,0.8117185831069946
Azamuke 2024 (primary),QDFL,1,0.7638294100761414
Azamuke 2024 (primary),QDFL,1,0.7847099900245667
Azamuke 2024 (primary),QDFL,1,0.7844541072845459
Azamuke 2024 (primary),QDFL,1,0.7943511605262756
Azamuke 2024 (primary),QDFL,1,0.671293318271637
Azamuke 2024 (primary),QDFL,1,0.7864285111427307
Azamuke 2024 (primary),QDFL,0,0.06405352801084518
Azamuke 2024 (primary),QDFL,0,0.026463231071829796
Azamuke 2024 (primary),QDFL,1,0.7839339375495911
Azamuke 2024 (primary),QDFL,0,0.7695410251617432
Azamuke 2024 (primary),QDFL,1,0.4786386787891388
Azamuke 2024 (primary),QDFL,0,0.015237112529575825
Azamuke 2024 (primary),QDFL,0,0.007877318188548088
Azamuke 2024 (primary),QDFL,1,0.770771324634552
Azamuke 2024 (primary),QDFL,0,0.02350449375808239
Azamuke 2024 (primary),QDFL,1,0.7651010751724243
Azamuke 2024 (primary),QDFL,1,0.8049294948577881
Azamuke 2024 (primary),QDFL,1,0.7878499031066895
Azamuke 2024 (primary),QDFL,0,0.8080883622169495
Azamuke 2024 (primary),QDFL,1,0.768708348274231
Azamuke 2024 (primary),QDFL,1,0.8260557651519775
Azamuke 2024 (primary),QDFL,1,0.8145207166671753
Azamuke 2024 (primary),QDFL,1,0.81369549036026
Azamuke 2024 (primary),QDFL,1,0.7968352437019348
Azamuke 2024 (primary),QDFL,0,0.7718202471733093
Azamuke 2024 (primary),QDFL,1,0.7990229725837708
Azamuke 2024 (primary),QDFL,1,0.823257327079773
Azamuke 2024 (primary),QDFL,1,0.8069829344749451
Azamuke 2024 (primary),QDFL,1,0.7920622825622559
Azamuke 2024 (primary),QDFL,1,0.8007996678352356
Azamuke 2024 (primary),QDFL,1,0.8025030493736267
Azamuke 2024 (primary),QDFL,1,0.7657806873321533
Azamuke 2024 (primary),QDFL,1,0.7990849018096924
Azamuke 2024 (primary),QDFL,1,0.8329302668571472
Azamuke 2024 (primary),QDFL,1,0.7744665145874023
Azamuke 2024 (primary),QDFL,0,0.7915427088737488
Azamuke 2024 (primary),QDFL,0,0.028155308216810226
Azamuke 2024 (primary),QDFL,0,0.006483673118054867
Azamuke 2024 (primary),QDFL,0,0.011404206976294518
Azamuke 2024 (primary),QDFL,1,0.8221109509468079
Azamuke 2024 (primary),QDFL,0,0.008356339298188686
Azamuke 2024 (primary),QDFL,0,0.8036738038063049
Azamuke 2024 (primary),QDFL,0,0.04605414718389511
Azamuke 2024 (primary),QDFL,1,0.8055629134178162
Azamuke 2024 (primary),QDFL,0,0.00845418032258749
Azamuke 2024 (primary),QDFL,1,0.8143502473831177
Azamuke 2024 (primary),QDFL,1,0.7165319919586182
Azamuke 2024 (primary),QDFL,0,0.017212405800819397
Azamuke 2024 (primary),QDFL,1,0.8179148435592651
Azamuke 2024 (primary),QDFL,1,0.6904172301292419
Azamuke 2024 (primary),QDFL,1,0.8121108412742615
Azamuke 2024 (primary),QDFL,0,0.7928487658500671
Azamuke 2024 (primary),QDFL,1,0.830251157283783
Azamuke 2024 (primary),QDFL,0,0.5398259162902832
Azamuke 2024 (primary),QDFL,0,0.8267856240272522
Azamuke 2024 (primary),QDFL,0,0.7962000966072083
Azamuke 2024 (primary),QDFL,1,0.5109452605247498
Azamuke 2024 (primary),QDFL,1,0.8069222569465637
Azamuke 2024 (primary),QDFL,1,0.7899340987205505
Azamuke 2024 (primary),QDFL,1,0.8169350624084473
Azamuke 2024 (primary),QDFL,0,0.8172798156738281
Azamuke 2024 (primary),QDFL,0,0.013456117361783981
Azamuke 2024 (primary),QDFL,1,0.7877405285835266
Azamuke 2024 (primary),QDFL,1,0.7996140718460083
Azamuke 2024 (primary),QDFL,1,0.806949257850647
Azamuke 2024 (primary),QDFL,1,0.8052955865859985
Azamuke 2024 (primary),QDFL,1,0.8171828985214233
Azamuke 2024 (primary),QDFL,1,0.7583850026130676
Azamuke 2024 (primary),QDFL,0,0.8010158538818359
Azamuke 2024 (primary),QDFL,0,0.008959818631410599
Azamuke 2024 (primary),QDFL,0,0.0007022289792075753
Azamuke 2024 (primary),QDFL,1,0.5387929677963257
Azamuke 2024 (primary),QDFL,1,0.8114117383956909
Azamuke 2024 (primary),QDFL,1,0.7446070313453674
Azamuke 2024 (primary),QDFL,1,0.7962068915367126
Azamuke 2024 (primary),QDFL,0,0.09962331503629684
Azamuke 2024 (primary),QDFL,1,0.7961400747299194
Azamuke 2024 (primary),QDFL,1,0.8508450984954834
Azamuke 2024 (primary),QDFL,1,0.7499613165855408
Azamuke 2024 (primary),QDFL,1,0.819765031337738
Azamuke 2024 (primary),QDFL,0,0.01102432794868946
Azamuke 2024 (primary),QDFL,1,0.7758092284202576
Azamuke 2024 (primary),QDFL,1,0.7363829612731934
Azamuke 2024 (primary),QDFL,1,0.7926613092422485
Azamuke 2024 (primary),QDFL,0,0.019056286662817
Azamuke 2024 (primary),QDFL,0,0.00842931866645813
Azamuke 2024 (primary),QDFL,0,0.0034349358174949884
Azamuke 2024 (primary),QDFL,1,0.8175367712974548
Azamuke 2024 (primary),QDFL,1,0.794728696346283
Azamuke 2024 (primary),QDFL,1,0.8022297620773315
Azamuke 2024 (primary),QDFL,1,0.7837551236152649
Azamuke 2024 (primary),QDFL,0,0.02666705660521984
Azamuke 2024 (primary),QDFL,1,0.791719913482666
Azamuke 2024 (primary),QDFL,1,0.7680142521858215
Azamuke 2024 (primary),QDFL,1,0.7992045879364014
Azamuke 2024 (primary),QDFL,1,0.7929655313491821
Azamuke 2024 (primary),QDFL,1,0.8126772046089172
Azamuke 2024 (primary),QDFL,0,0.008834928274154663
Azamuke 2024 (primary),QDFL,0,0.02617310732603073
Azamuke 2024 (primary),QDFL,0,0.00484050065279007
Azamuke 2024 (primary),QDFL,1,0.8208746314048767
Azamuke 2024 (primary),QDFL,1,0.8082407712936401
Azamuke 2024 (primary),QDFL,1,0.7942173480987549
Azamuke 2024 (primary),QDFL,0,0.011241094209253788
Azamuke 2024 (primary),QDFL,0,0.7961307764053345
Azamuke 2024 (primary),QDFL,1,0.8138881921768188
Azamuke 2024 (primary),QDFL,1,0.8051088452339172
Azamuke 2024 (primary),QDFL,0,0.012229030020534992
Azamuke 2024 (primary),QDFL,0,0.007161601912230253
Azamuke 2024 (primary),QDFL,0,0.20811480283737183
Azamuke 2024 (primary),QDFL,1,0.780126690864563
Azamuke 2024 (primary),QDFL,0,0.0019658715464174747
Azamuke 2024 (primary),QDFL,0,0.007705871481448412
Azamuke 2024 (primary),QDFL,1,0.784598171710968
Azamuke 2024 (primary),QDFL,1,0.8009437322616577
Azamuke 2024 (primary),QDFL,1,0.8249472975730896
Azamuke 2024 (primary),QDFL,1,0.8293936848640442
Azamuke 2024 (primary),QDFL,0,0.0024783199187368155
Azamuke 2024 (primary),QDFL,1,0.7661347389221191
Azamuke 2024 (primary),QDFL,0,0.006803055293858051
Azamuke 2024 (primary),QDFL,1,0.8026047348976135
Azamuke 2024 (primary),QDFL,1,0.7741988301277161
Azamuke 2024 (primary),QDFL,0,0.0015547911170870066
Azamuke 2024 (primary),QDFL,0,0.0512927882373333
Azamuke 2024 (primary),QDFL,0,0.7223764061927795
Azamuke 2024 (primary),QDFL,1,0.7262506484985352
Azamuke 2024 (primary),QDFL,1,0.8024949431419373
Azamuke 2024 (primary),QDFL,0,0.02546553686261177
Azamuke 2024 (primary),QDFL,1,0.7863956093788147
Azamuke 2024 (primary),QDFL,1,0.7823392152786255
Azamuke 2024 (primary),QDFL,0,0.01427774503827095
Azamuke 2024 (primary),QDFL,1,0.8016554713249207
Azamuke 2024 (primary),QDFL,0,0.1289854347705841
Azamuke 2024 (primary),QDFL,0,0.03333055600523949
Azamuke 2024 (primary),QDFL,1,0.8206091523170471
Azamuke 2024 (primary),QDFL,0,0.009974638931453228
Azamuke 2024 (primary),QDFL,0,0.027734866365790367
Azamuke 2024 (primary),QDFL,0,0.005805894732475281
Azamuke 2024 (primary),QDFL,0,0.814814567565918
Azamuke 2024 (primary),QDFL,0,0.03409072756767273
Azamuke 2024 (primary),QDFL,0,0.021145835518836975
Azamuke 2024 (primary),QDFL,1,0.8229772448539734
Azamuke 2024 (primary),QDFL,1,0.822983980178833
Azamuke 2024 (primary),QDFL,0,0.016962530091404915
Azamuke 2024 (primary),QDFL,0,0.0007995329215191305
Azamuke 2024 (primary),QDFL,1,0.7394599318504333
Azamuke 2024 (primary),QDFL,1,0.8142181634902954
Azamuke 2024 (primary),QDFL,1,0.8192247748374939
Azamuke 2024 (primary),QDFL,1,0.8073027729988098
Azamuke 2024 (primary),QDFL,0,0.05752080678939819
Azamuke 2024 (primary),QDFL,1,0.7747495174407959
Azamuke 2024 (primary),QDFL,1,0.7730122208595276
Azamuke 2024 (primary),QDFL,1,0.7988858819007874
Azamuke 2024 (primary),QDFL,0,0.7470058798789978
Azamuke 2024 (primary),QDFL,0,0.04573193937540054
Azamuke 2024 (primary),QDFL,0,0.01776878535747528
Azamuke 2024 (primary),QDFL,1,0.7947598099708557
Azamuke 2024 (primary),QDFL,1,0.8256852030754089
Azamuke 2024 (primary),QDFL,1,0.820659339427948
Azamuke 2024 (primary),QDFL,1,0.6880845427513123
Azamuke 2024 (primary),QDFL,0,0.0006728393491357565
Azamuke 2024 (primary),QDFL,0,0.035931602120399475
Azamuke 2024 (primary),QDFL,1,0.8008742332458496
Azamuke 2024 (primary),QDFL,1,0.714679479598999
Azamuke 2024 (primary),QDFL,1,0.7815478444099426
Azamuke 2024 (primary),QDFL,0,0.043481968343257904
Azamuke 2024 (primary),QDFL,1,0.7877815365791321
Azamuke 2024 (primary),QDFL,0,0.14171376824378967
Azamuke 2024 (primary),QDFL,0,0.0010980310617014766
Azamuke 2024 (primary),QDFL,1,0.802582323551178
Azamuke 2024 (primary),QDFL,1,0.8005185127258301
Azamuke 2024 (primary),QDFL,0,0.007858669385313988
Azamuke 2024 (primary),QDFL,1,0.8050740957260132
Azamuke 2024 (primary),QDFL,0,0.8230301737785339
Azamuke 2024 (primary),QDFL,0,0.028227683156728745
Azamuke 2024 (primary),QDFL,1,0.7102709412574768
Azamuke 2024 (primary),QDFL,1,0.8197473883628845
Azamuke 2024 (primary),QDFL,0,0.005681282840669155
Azamuke 2024 (primary),QDFL,0,0.293131023645401
Azamuke 2024 (primary),QDFL,1,0.800166130065918
Azamuke 2024 (primary),QDFL,0,0.013627346605062485
Azamuke 2024 (primary),QDFL,1,0.8080307841300964
Azamuke 2024 (primary),QDFL,0,0.7805889844894409
Azamuke 2024 (primary),QDFL,0,0.005015663802623749
Azamuke 2024 (primary),QDFL,0,0.016675082966685295
Azamuke 2024 (primary),QDFL,1,0.7506107687950134
Azamuke 2024 (primary),QDFL,0,0.7897283434867859
Azamuke 2024 (primary),QDFL,0,0.004310187883675098
Azamuke 2024 (primary),QDFL,0,0.002989155938848853
Azamuke 2024 (primary),QDFL,0,0.003110012039542198
Azamuke 2024 (primary),QDFL,0,0.40422171354293823
Azamuke 2024 (primary),QDFL,0,0.6991602778434753
Azamuke 2024 (primary),QDFL,1,0.8177645206451416
Azamuke 2024 (primary),QDFL,0,0.7778173685073853
Azamuke 2024 (primary),QDFL,1,0.8220489025115967
Azamuke 2024 (primary),QDFL,0,0.7483053803443909
Azamuke 2024 (primary),QDFL,0,0.005623245611786842
Azamuke 2024 (primary),QDFL,1,0.7541831135749817
Azamuke 2024 (primary),QDFL,1,0.7834087610244751
Azamuke 2024 (primary),QDFL,0,0.789405345916748
Azamuke 2024 (primary),QDFL,0,0.39986392855644226
Azamuke 2024 (primary),QDFL,0,0.004930023103952408
Azamuke 2024 (primary),QDFL,1,0.7503036856651306
Azamuke 2024 (primary),QDFL,0,0.009641312062740326
Azamuke 2024 (primary),QDFL,0,0.003310790518298745
Azamuke 2024 (primary),QDFL,1,0.8233119249343872
Azamuke 2024 (primary),QDFL,0,0.03156888112425804
Azamuke 2024 (primary),QDFL,1,0.7786486744880676
Azamuke 2024 (primary),QDFL,1,0.7970428466796875
Azamuke 2024 (primary),QDFL,1,0.7995254993438721
Azamuke 2024 (primary),QDFL,1,0.7946575880050659
Azamuke 2024 (primary),QDFL,0,0.0227116197347641
Azamuke 2024 (primary),QDFL,1,0.766849935054779
Azamuke 2024 (primary),QDFL,0,0.7701098322868347
Azamuke 2024 (primary),QDFL,0,0.00598484743386507
Azamuke 2024 (primary),QDFL,1,0.7958505749702454
Azamuke 2024 (primary),QDFL,0,0.6560395956039429
Azamuke 2024 (primary),QDFL,1,0.8079816102981567
Azamuke 2024 (primary),QDFL,1,0.8087780475616455
Azamuke 2024 (primary),QDFL,1,0.729297935962677
Azamuke 2024 (primary),QDFL,1,0.7940563559532166
Azamuke 2024 (primary),QDFL,0,0.011089800857007504
Azamuke 2024 (primary),QDFL,0,0.7478457093238831
Azamuke 2024 (primary),QDFL,0,0.02465570718050003
Azamuke 2024 (primary),QDFL,1,0.7621734738349915
Azamuke 2024 (primary),QDFL,0,0.011450603604316711
Azamuke 2024 (primary),QDFL,0,0.21330717206001282
Azamuke 2024 (primary),QDFL,1,0.7659637331962585
Azamuke 2024 (primary),QDFL,1,0.776034951210022
Azamuke 2024 (primary),QDFL,1,0.7100434899330139
Azamuke 2024 (primary),QDFL,1,0.7969875335693359
Azamuke 2024 (primary),QDFL,1,0.8041239976882935
Azamuke 2024 (primary),QDFL,0,0.720005214214325
Azamuke 2024 (primary),QDFL,0,0.7759832143783569
Azamuke 2024 (primary),QDFL,1,0.780710756778717
Azamuke 2024 (primary),QDFL,0,0.7593943476676941
Azamuke 2024 (primary),QDFL,1,0.7883349061012268
Azamuke 2024 (primary),QDFL,1,0.7825236320495605
Azamuke 2024 (primary),QDFL,0,0.000610864139162004
Azamuke 2024 (primary),QDFL,0,0.5018515586853027
Azamuke 2024 (primary),QDFL,1,0.8334949016571045
Azamuke 2024 (primary),QDFL,1,0.8152384757995605
Azamuke 2024 (primary),QDFL,1,0.8008167147636414
Azamuke 2024 (primary),QDFL,0,0.00580824026837945
Azamuke 2024 (primary),QDFL,1,0.7561512589454651
Azamuke 2024 (primary),QDFL,1,0.48357242345809937
Azamuke 2024 (primary),QDFL,1,0.7986555099487305
Azamuke 2024 (primary),QDFL,0,0.8296331763267517
Azamuke 2024 (primary),QDFL,0,0.035618290305137634
Azamuke 2024 (primary),QDFL,1,0.8411751985549927
Azamuke 2024 (primary),QDFL,1,0.8193604350090027
Azamuke 2024 (primary),QDFL,1,0.7726606130599976
Azamuke 2024 (primary),QDFL,1,0.8002032041549683
Azamuke 2024 (primary),QDFL,1,0.7925659418106079
Azamuke 2024 (primary),QDFL,0,0.002421331824734807
Azamuke 2024 (primary),QDFL,1,0.7819491624832153
Azamuke 2024 (primary),QDFL,0,0.010595133528113365
Azamuke 2024 (primary),QDFL,0,0.04822316765785217
Azamuke 2024 (primary),QDFL,1,0.7636343240737915
Azamuke 2024 (primary),QDFL,0,0.013362809084355831
Azamuke 2024 (primary),QDFL,1,0.8104677796363831
Azamuke 2024 (primary),QDFL,1,0.7814449071884155
Azamuke 2024 (primary),QDFL,0,0.0008089854381978512
Azamuke 2024 (primary),QDFL,1,0.7990795969963074
Azamuke 2024 (primary),QDFL,0,0.6754624843597412
Azamuke 2024 (primary),QDFL,0,0.0012764788698405027
Azamuke 2024 (primary),QDFL,1,0.7863775491714478
Azamuke 2024 (primary),QDFL,1,0.7931784987449646
Azamuke 2024 (primary),QDFL,1,0.7898836731910706
Azamuke 2024 (primary),QDFL,0,0.03626779094338417
Azamuke 2024 (primary),QDFL,0,0.07075919955968857
Azamuke 2024 (primary),QDFL,1,0.7591907382011414
Azamuke 2024 (primary),QDFL,0,0.7881629467010498
Azamuke 2024 (primary),QDFL,0,0.12615175545215607
Azamuke 2024 (primary),QDFL,0,0.016529075801372528
Azamuke 2024 (primary),QDFL,0,0.020188942551612854
Azamuke 2024 (primary),QDFL,1,0.8050806522369385
Azamuke 2024 (primary),QDFL,0,0.003093559993430972
Azamuke 2024 (primary),QDFL,1,0.7955777049064636
Azamuke 2024 (primary),QDFL,0,0.011236770078539848
Azamuke 2024 (primary),QDFL,1,0.7896480560302734
Azamuke 2024 (primary),QDFL,0,0.7827258110046387
Azamuke 2024 (primary),QDFL,1,0.8034812808036804
Azamuke 2024 (primary),QDFL,1,0.7544083595275879
Azamuke 2024 (primary),QDFL,0,0.007280218880623579
Azamuke 2024 (primary),QDFL,1,0.7925757765769958
Azamuke 2024 (primary),QDFL,1,0.7436122298240662
Azamuke 2024 (primary),QDFL,1,0.807036280632019
Azamuke 2024 (primary),QDFL,0,0.015227006748318672
Azamuke 2024 (primary),QDFL,0,0.018484460189938545
Azamuke 2024 (primary),QDFL,0,0.03798278793692589
Azamuke 2024 (primary),QDFL,1,0.8019433617591858
Azamuke 2024 (primary),QDFL,1,0.7727406024932861
Azamuke 2024 (primary),QDFL,0,0.04744990915060043
Azamuke 2024 (primary),QDFL,0,0.01489601843059063
Azamuke 2024 (primary),QDFL,0,0.005927632097154856
Azamuke 2024 (primary),QDFL,0,0.7957976460456848
Azamuke 2024 (primary),QDFL,1,0.7789743542671204
Azamuke 2024 (primary),QDFL,1,0.785995364189148
Azamuke 2024 (primary),QDFL,0,0.009990341030061245
Azamuke 2024 (primary),QDFL,1,0.852414071559906
Azamuke 2024 (primary),QDFL,0,0.23422329127788544
Azamuke 2024 (primary),QDFL,1,0.8366568088531494
Azamuke 2024 (primary),QDFL,0,0.8129746913909912
Azamuke 2024 (primary),QDFL,1,0.8203404545783997
Azamuke 2024 (primary),QDFL,1,0.8188424706459045
Azamuke 2024 (primary),QDFL,0,0.028545288369059563
Azamuke 2024 (primary),QDFL,0,0.013601194135844707
Azamuke 2024 (primary),QDFL,1,0.7522891163825989
Azamuke 2024 (primary),QDFL,1,0.7954270839691162
Azamuke 2024 (primary),QDFL,0,0.000877007725648582
Azamuke 2024 (primary),QDFL,1,0.791241466999054
Azamuke 2024 (primary),QDFL,0,0.14174765348434448
Azamuke 2024 (primary),QDFL,1,0.7755345702171326
Azamuke 2024 (primary),QDFL,1,0.8180748820304871
Azamuke 2024 (primary),QDFL,1,0.8015427589416504
Azamuke 2024 (primary),QDFL,1,0.7891801595687866
Azamuke 2024 (primary),QDFL,0,0.11582891643047333
Azamuke 2024 (primary),QDFL,1,0.8248768448829651
Azamuke 2024 (primary),QDFL,1,0.7914556264877319
Azamuke 2024 (primary),QDFL,0,0.7426329255104065
Azamuke 2024 (primary),QDFL,1,0.7396795153617859
Azamuke 2024 (primary),QDFL,0,0.004600975196808577
Azamuke 2024 (primary),QDFL,1,0.790619432926178
Azamuke 2024 (primary),QDFL,0,0.017809275537729263
Azamuke 2024 (primary),QDFL,1,0.668616771697998
Azamuke 2024 (primary),QDFL,1,0.7460677027702332
Azamuke 2024 (primary),QDFL,0,0.7557309865951538
Azamuke 2024 (primary),QDFL,0,0.8198096752166748
Azamuke 2024 (primary),QDFL,0,0.7814764976501465
Azamuke 2024 (primary),QDFL,1,0.7769875526428223
Azamuke 2024 (primary),QDFL,0,0.8042298555374146
Azamuke 2024 (primary),QDFL,0,0.01641055755317211
Azamuke 2024 (primary),QDFL,0,0.011903412640094757
Azamuke 2024 (primary),QDFL,0,0.3346957862377167
Azamuke 2024 (primary),QDFL,1,0.754347026348114
Azamuke 2024 (primary),QDFL,0,0.001315387082286179
Azamuke 2024 (primary),QDFL,1,0.78277987241745
Azamuke 2024 (primary),QDFL,1,0.8244302868843079
Azamuke 2024 (primary),QDFL,1,0.7499001622200012
Azamuke 2024 (primary),QDFL,1,0.80103999376297
Azamuke 2024 (primary),QDFL,0,0.010681455954909325
Azamuke 2024 (primary),QDFL,0,0.008180629462003708
Azamuke 2024 (primary),QDFL,0,0.03258350491523743
Azamuke 2024 (primary),QDFL,0,0.05899583920836449
Azamuke 2024 (primary),QDFL,0,0.6114495396614075
Azamuke 2024 (primary),QDFL,0,0.7990683317184448
Azamuke 2024 (primary),QDFL,1,0.7970291972160339
Azamuke 2024 (primary),QDFL,1,0.7830904126167297
Azamuke 2024 (primary),QDFL,0,0.030241256579756737
Azamuke 2024 (primary),QDFL,0,0.016716739162802696
Azamuke 2024 (primary),QDFL,0,0.026620598509907722
Azamuke 2024 (primary),QDFL,1,0.7600831985473633
Azamuke 2024 (primary),QDFL,0,0.011905347928404808
Azamuke 2024 (primary),QDFL,0,0.3325269818305969
Azamuke 2024 (primary),QDFL,1,0.5033212304115295
Azamuke 2024 (primary),QDFL,1,0.78691166639328
Azamuke 2024 (primary),QDFL,1,0.7697791457176208
Azamuke 2024 (primary),QDFL,0,0.024779601022601128
Azamuke 2024 (primary),QDFL,1,0.7984393239021301
Azamuke 2024 (primary),QDFL,1,0.8245195150375366
Azamuke 2024 (primary),QDFL,0,0.02577887661755085
Azamuke 2024 (primary),QDFL,1,0.8174781203269958
Azamuke 2024 (primary),QDFL,0,0.033777087926864624
Azamuke 2024 (primary),QDFL,1,0.7690489292144775
Azamuke 2024 (primary),QDFL,1,0.7981608510017395
Azamuke 2024 (primary),QDFL,1,0.8057098388671875
Azamuke 2024 (primary),QDFL,0,0.004731673281639814
Azamuke 2024 (primary),QDFL,0,0.06085779890418053
Azamuke 2024 (primary),QDFL,0,0.0005024209967814386
Azamuke 2024 (primary),QDFL,0,0.003151160664856434
Azamuke 2024 (primary),QDFL,1,0.8072918653488159
Azamuke 2024 (primary),QDFL,0,0.002253933111205697
Azamuke 2024 (primary),QDFL,1,0.8052062392234802
Azamuke 2024 (primary),QDFL,1,0.7535519599914551
Azamuke 2024 (primary),QDFL,0,0.5182297825813293
Azamuke 2024 (primary),QDFL,0,0.7927373647689819
Azamuke 2024 (primary),QDFL,0,0.02304312400519848
Azamuke 2024 (primary),QDFL,1,0.7712916135787964
Azamuke 2024 (primary),QDFL,1,0.8182138800621033
Azamuke 2024 (primary),QDFL,0,0.7963618636131287
Azamuke 2024 (primary),QDFL,0,0.7664404511451721
Azamuke 2024 (primary),QDFL,1,0.7528679966926575
Azamuke 2024 (primary),QDFL,0,0.00480034202337265
Azamuke 2024 (primary),QDFL,1,0.8115782141685486
Azamuke 2024 (primary),QDFL,1,0.7911181449890137
Azamuke 2024 (primary),QDFL,0,0.7796566486358643
Azamuke 2024 (primary),QDFL,1,0.7974911332130432
Azamuke 2024 (primary),QDFL,1,0.8062137365341187
Azamuke 2024 (primary),QDFL,1,0.8520355820655823
Azamuke 2024 (primary),QDFL,0,0.003699350170791149
Azamuke 2024 (primary),QDFL,0,0.0316503532230854
Azamuke 2024 (primary),QDFL,0,0.01785316877067089
Azamuke 2024 (primary),QDFL,1,0.7820559144020081
Azamuke 2024 (primary),QDFL,0,0.7833868861198425
Azamuke 2024 (primary),QDFL,0,0.03525048866868019
Azamuke 2024 (primary),QDFL,1,0.8013173937797546
Azamuke 2024 (primary),QDFL,0,0.773243248462677
Azamuke 2024 (primary),QDFL,1,0.7625169157981873
Azamuke 2024 (primary),QDFL,0,0.5646591782569885
Azamuke 2024 (primary),QDFL,0,0.8059189915657043
Azamuke 2024 (primary),QDFL,0,0.44965532422065735
Azamuke 2024 (primary),QDFL,1,0.8220358490943909
Azamuke 2024 (primary),QDFL,0,0.005985287018120289
Azamuke 2024 (primary),QDFL,0,0.7755011320114136
Azamuke 2024 (primary),QDFL,1,0.7973397970199585
Azamuke 2024 (primary),QDFL,1,0.7522063255310059
Azamuke 2024 (primary),QDFL,1,0.7934158444404602
Azamuke 2024 (primary),QDFL,1,0.7868960499763489
Azamuke 2024 (primary),QDFL,1,0.8023440837860107
Azamuke 2024 (primary),QDFL,1,0.8060951232910156
Azamuke 2024 (primary),QDFL,1,0.7898121476173401
Azamuke 2024 (primary),QDFL,0,0.7848352789878845
Azamuke 2024 (primary),QDFL,1,0.8203316330909729
Azamuke 2024 (primary),QDFL,0,0.0011093339417129755
Azamuke 2024 (primary),QDFL,0,0.013433258980512619
Azamuke 2024 (primary),QDFL,0,0.46619290113449097
Azamuke 2024 (primary),QDFL,1,0.801609992980957
Azamuke 2024 (primary),QDFL,1,0.7944030165672302
Azamuke 2024 (primary),QDFL,0,0.001036258996464312
Azamuke 2024 (primary),QDFL,1,0.8242614269256592
Azamuke 2024 (primary),QDFL,1,0.8217873573303223
Azamuke 2024 (primary),QDFL,0,0.7533199191093445
Azamuke 2024 (primary),QDFL,0,0.003518324112519622
Azamuke 2024 (primary),QDFL,0,0.002558342181146145
Azamuke 2024 (primary),QDFL,0,0.0379614494740963
Azamuke 2024 (primary),QDFL,0,0.13342630863189697
Azamuke 2024 (primary),QDFL,0,0.0036730291321873665
Azamuke 2024 (primary),QDFL,1,0.7852782607078552
Azamuke 2024 (primary),QDFL,1,0.7915221452713013
Azamuke 2024 (primary),QDFL,0,0.38206422328948975
Azamuke 2024 (primary),QDFL,0,0.017116310074925423
Azamuke 2024 (primary),QDFL,0,0.013719738461077213
Azamuke 2024 (primary),QDFL,1,0.7587147951126099
Azamuke 2024 (primary),QDFL,0,0.0034743305295705795
Azamuke 2024 (primary),QDFL,1,0.8169076442718506
Azamuke 2024 (primary),QDFL,1,0.7922849059104919
Azamuke 2024 (primary),QDFL,0,0.4958486557006836
Azamuke 2024 (primary),QDFL,0,0.014917402528226376
Azamuke 2024 (primary),QDFL,0,0.0183668602257967
Azamuke 2024 (primary),QDFL,0,0.02979866974055767
Azamuke 2024 (primary),QDFL,0,0.00782917533069849
Azamuke 2024 (primary),QDFL,0,0.028283746913075447
Azamuke 2024 (primary),QDFL,0,0.828887403011322
Azamuke 2024 (primary),QDFL,0,0.04707544669508934
Azamuke 2024 (primary),QDFL,0,0.009858840145170689
Azamuke 2024 (primary),QDFL,1,0.8297199606895447
Azamuke 2024 (primary),QDFL,0,0.0036064961459487677
Azamuke 2024 (primary),QDFL,0,0.8210872411727905
Azamuke 2024 (primary),QDFL,1,0.8268285989761353
Azamuke 2024 (primary),QDFL,1,0.7819859981536865
Azamuke 2024 (primary),QDFL,1,0.6699680089950562
Azamuke 2024 (primary),QDFL,0,0.7912824153900146
Azamuke 2024 (primary),QDFL,1,0.803540825843811
Azamuke 2024 (primary),QDFL,1,0.8214839696884155
Azamuke 2024 (primary),QDFL,1,0.8180239200592041
Azamuke 2024 (primary),QDFL,1,0.7951793670654297
Azamuke 2024 (primary),QDFL,1,0.7869753837585449
Azamuke 2024 (primary),QDFL,1,0.7914707064628601
Azamuke 2024 (primary),QDFL,0,0.7905897498130798
Azamuke 2024 (primary),QDFL,1,0.7915474772453308
Azamuke 2024 (primary),QDFL,1,0.7157877087593079
Azamuke 2024 (primary),QDFL,0,0.013259799219667912
Azamuke 2024 (primary),QDFL,1,0.799360990524292
Azamuke 2024 (primary),QDFL,0,0.03258693590760231
Azamuke 2024 (primary),QDFL,1,0.7832940816879272
Azamuke 2024 (primary),QDFL,0,0.7987961173057556
Azamuke 2024 (primary),QDFL,1,0.7682139277458191
Azamuke 2024 (primary),QDFL,0,0.22428788244724274
Azamuke 2024 (primary),QDFL,0,0.009667097590863705
Azamuke 2024 (primary),QDFL,0,0.018049756065011024
Azamuke 2024 (primary),QDFL,1,0.8327071070671082
Azamuke 2024 (primary),QDFL,1,0.7645398378372192
Azamuke 2024 (primary),QDFL,0,0.0049303434789180756
Azamuke 2024 (primary),QDFL,0,0.01949598640203476
Azamuke 2024 (primary),QDFL,0,0.573356032371521
Azamuke 2024 (primary),QDFL,0,0.007598548661917448
Azamuke 2024 (primary),QDFL,1,0.8084732294082642
Azamuke 2024 (primary),QDFL,1,0.8171260356903076
Azamuke 2024 (primary),QDFL,1,0.8046960830688477
Azamuke 2024 (primary),QDFL,1,0.7798919677734375
Azamuke 2024 (primary),QDFL,1,0.8017751574516296
Azamuke 2024 (primary),QDFL,1,0.3083863854408264
Azamuke 2024 (primary),QDFL,1,0.7937400937080383
Azamuke 2024 (primary),QDFL,1,0.7934080958366394
Azamuke 2024 (primary),QDFL,0,0.19440165162086487
Azamuke 2024 (primary),QDFL,0,0.20804116129875183
Azamuke 2024 (primary),QDFL,0,0.00867079570889473
Azamuke 2024 (primary),QDFL,1,0.8237683773040771
Azamuke 2024 (primary),QDFL,0,0.005861619487404823
Azamuke 2024 (primary),QDFL,0,0.049749549478292465
Azamuke 2024 (primary),QDFL,1,0.7996952533721924
Azamuke 2024 (primary),QDFL,0,0.23450608551502228
Azamuke 2024 (primary),QDFL,0,0.8068652153015137
Azamuke 2024 (primary),QDFL,1,0.8227092027664185
Azamuke 2024 (primary),QDFL,0,0.7855004668235779
Azamuke 2024 (primary),QDFL,1,0.7031331658363342
Azamuke 2024 (primary),QDFL,1,0.8038755655288696
Azamuke 2024 (primary),QDFL,1,0.8065730333328247
Azamuke 2024 (primary),QDFL,0,0.013299768790602684
Azamuke 2024 (primary),QDFL,0,0.005374645348638296
Azamuke 2024 (primary),QDFL,1,0.7640617489814758
Azamuke 2024 (primary),QDFL,0,0.79082190990448
Azamuke 2024 (primary),QDFL,1,0.7737851142883301
Azamuke 2024 (primary),QDFL,0,0.007457667496055365
Azamuke 2024 (primary),QDFL,1,0.7693744897842407
Azamuke 2024 (primary),QDFL,1,0.7992901802062988
Azamuke 2024 (primary),QDFL,0,0.8089192509651184
Azamuke 2024 (primary),QDFL,1,0.7864309549331665
Azamuke 2024 (primary),QDFL,1,0.8387774229049683
Azamuke 2024 (primary),QDFL,1,0.8215910196304321
Azamuke 2024 (primary),QDFL,1,0.7946765422821045
Azamuke 2024 (primary),QDFL,0,0.7898612022399902
Azamuke 2024 (primary),QDFL,1,0.8228053450584412
Azamuke 2024 (primary),QDFL,1,0.7929294109344482
Azamuke 2024 (primary),QDFL,1,0.7220894694328308
Azamuke 2024 (primary),QDFL,0,0.14881302416324615
Azamuke 2024 (primary),QDFL,0,0.005199625622481108
Azamuke 2024 (primary),QDFL,1,0.8030544519424438
Azamuke 2024 (primary),QDFL,0,0.7998631596565247
Azamuke 2024 (primary),QDFL,0,0.8095836639404297
Azamuke 2024 (primary),QDFL,1,0.6628398895263672
Azamuke 2024 (primary),QDFL,0,0.08105984330177307
Azamuke 2024 (primary),QDFL,0,0.7956624627113342
Azamuke 2024 (primary),QDFL,0,0.03182508423924446
Azamuke 2024 (primary),QDFL,1,0.6805622577667236
Azamuke 2024 (primary),QDFL,0,0.007339139468967915
Azamuke 2024 (primary),QDFL,1,0.8234187364578247
Azamuke 2024 (primary),QDFL,0,0.0023189655039459467
Azamuke 2024 (primary),QDFL,1,0.7541882395744324
Azamuke 2024 (primary),QDFL,1,0.8108976483345032
Azamuke 2024 (primary),QDFL,0,0.08700159937143326
Azamuke 2024 (primary),QDFL,1,0.7573139071464539
Azamuke 2024 (primary),QDFL,0,0.13932237029075623
Azamuke 2024 (primary),QDFL,1,0.795818567276001
Azamuke 2024 (primary),QDFL,0,0.03807983174920082
Azamuke 2024 (primary),QDFL,0,0.07661780714988708
Azamuke 2024 (primary),QDFL,1,0.7948650121688843
Azamuke 2024 (primary),QDFL,1,0.8206068277359009
Azamuke 2024 (primary),QDFL,1,0.7866983413696289
Azamuke 2024 (primary),QDFL,1,0.820912778377533
Azamuke 2024 (primary),QDFL,1,0.7980206608772278
Azamuke 2024 (primary),QDFL,0,0.07120531052350998
Azamuke 2024 (primary),QDFL,0,0.005995042622089386
Azamuke 2024 (primary),QDFL,0,0.05731424316763878
Azamuke 2024 (primary),QDFL,1,0.8027843832969666
Azamuke 2024 (primary),QDFL,1,0.7940313816070557
Azamuke 2024 (primary),QDFL,1,0.8071205615997314
Azamuke 2024 (primary),QDFL,1,0.7480041980743408
Azamuke 2024 (primary),QDFL,1,0.7678093910217285
Azamuke 2024 (primary),QDFL,0,0.0007448713877238333
Azamuke 2024 (primary),QDFL,1,0.7858964800834656
Azamuke 2024 (primary),QDFL,0,0.025357685983181
Azamuke 2024 (primary),QDFL,1,0.7958895564079285
Azamuke 2024 (primary),QDFL,1,0.7698963284492493
Azamuke 2024 (primary),QDFL,1,0.794796884059906
Azamuke 2024 (primary),QDFL,1,0.7716503739356995
Azamuke 2024 (primary),QDFL,1,0.7776159048080444
Azamuke 2024 (primary),QDFL,1,0.7935715913772583
Azamuke 2024 (primary),QDFL,0,0.08375917375087738
Azamuke 2024 (primary),QDFL,0,0.01144244521856308
Azamuke 2024 (primary),QDFL,1,0.47632867097854614
Azamuke 2024 (primary),QDFL,1,0.5609468817710876
Azamuke 2024 (primary),QDFL,0,0.006045166403055191
Azamuke 2024 (primary),QDFL,1,0.7593507170677185
Azamuke 2024 (primary),QDFL,0,0.0006315575446933508
Azamuke 2024 (primary),QDFL,0,0.007056414615362883
Azamuke 2024 (primary),QDFL,0,0.8219363689422607
Azamuke 2024 (primary),QDFL,1,0.7789347767829895
Azamuke 2024 (primary),QDFL,1,0.8078932762145996
Azamuke 2024 (primary),QDFL,1,0.8231629133224487
Azamuke 2024 (primary),QDFL,1,0.824295163154602
Azamuke 2024 (primary),QDFL,1,0.780792772769928
Azamuke 2024 (primary),QDFL,0,0.05349203571677208
Azamuke 2024 (primary),QDFL,1,0.7791732549667358
Azamuke 2024 (primary),QDFL,1,0.7964814305305481
Azamuke 2024 (primary),QDFL,0,0.004268013406544924
Azamuke 2024 (primary),QDFL,1,0.7737935185432434
Azamuke 2024 (primary),QDFL,1,0.8195099830627441
Azamuke 2024 (primary),QDFL,0,0.05631139129400253
Azamuke 2024 (primary),QDFL,0,0.7489430904388428
Azamuke 2024 (primary),QDFL,1,0.7945622205734253
Azamuke 2024 (primary),QDFL,0,0.8024216294288635
Azamuke 2024 (primary),QDFL,1,0.8056626915931702
Azamuke 2024 (primary),QDFL,0,0.003205815562978387
Azamuke 2024 (primary),QDFL,1,0.8082005977630615
Azamuke 2024 (primary),QDFL,0,0.0012808253522962332
Azamuke 2024 (primary),QDFL,0,0.0027163452468812466
Azamuke 2024 (primary),QDFL,1,0.7452928423881531
Azamuke 2024 (primary),QDFL,1,0.7903492450714111
Azamuke 2024 (primary),QDFL,0,0.5541523098945618
Azamuke 2024 (primary),QDFL,1,0.8062065243721008
Azamuke 2024 (primary),QDFL,0,0.023747500032186508
Azamuke 2024 (primary),QDFL,0,0.7967114448547363
Azamuke 2024 (primary),XGBoost,1,0.9711238741874695
Azamuke 2024 (primary),XGBoost,1,0.805406928062439
Azamuke 2024 (primary),XGBoost,0,0.0001373911800328642
Azamuke 2024 (primary),XGBoost,1,0.8920438289642334
Azamuke 2024 (primary),XGBoost,1,0.9560748934745789
Azamuke 2024 (primary),XGBoost,0,0.0002510611084289849
Azamuke 2024 (primary),XGBoost,1,0.9752582907676697
Azamuke 2024 (primary),XGBoost,1,0.8990511298179626
Azamuke 2024 (primary),XGBoost,1,0.8859031200408936
Azamuke 2024 (primary),XGBoost,1,0.8579896092414856
Azamuke 2024 (primary),XGBoost,0,0.9324468374252319
Azamuke 2024 (primary),XGBoost,1,0.8407314419746399
Azamuke 2024 (primary),XGBoost,1,0.8299263119697571
Azamuke 2024 (primary),XGBoost,0,8.012589387362823e-05
Azamuke 2024 (primary),XGBoost,1,0.9953292608261108
Azamuke 2024 (primary),XGBoost,0,0.00022612648899666965
Azamuke 2024 (primary),XGBoost,1,0.953468382358551
Azamuke 2024 (primary),XGBoost,0,7.224793080240488e-05
Azamuke 2024 (primary),XGBoost,1,0.8198025822639465
Azamuke 2024 (primary),XGBoost,0,0.9231433272361755
Azamuke 2024 (primary),XGBoost,0,0.8403693437576294
Azamuke 2024 (primary),XGBoost,1,0.9962477087974548
Azamuke 2024 (primary),XGBoost,1,0.8279313445091248
Azamuke 2024 (primary),XGBoost,0,0.00024345955171156675
Azamuke 2024 (primary),XGBoost,1,0.8468225598335266
Azamuke 2024 (primary),XGBoost,0,0.8146814703941345
Azamuke 2024 (primary),XGBoost,1,0.6361337304115295
Azamuke 2024 (primary),XGBoost,0,0.00019375316333025694
Azamuke 2024 (primary),XGBoost,1,0.9977612495422363
Azamuke 2024 (primary),XGBoost,0,6.249874422792345e-05
Azamuke 2024 (primary),XGBoost,1,0.8371835947036743
Azamuke 2024 (primary),XGBoost,0,0.00013742040027864277
Azamuke 2024 (primary),XGBoost,0,0.9339040517807007
Azamuke 2024 (primary),XGBoost,1,0.9524207711219788
Azamuke 2024 (primary),XGBoost,1,0.9936072826385498
Azamuke 2024 (primary),XGBoost,1,0.9777880311012268
Azamuke 2024 (primary),XGBoost,0,0.00025809375802055
Azamuke 2024 (primary),XGBoost,1,0.717116117477417
Azamuke 2024 (primary),XGBoost,0,7.771791570121422e-05
Azamuke 2024 (primary),XGBoost,0,0.00019728996267076582
Azamuke 2024 (primary),XGBoost,0,0.0003691705933306366
Azamuke 2024 (primary),XGBoost,0,0.0008023202535696328
Azamuke 2024 (primary),XGBoost,1,0.6689676642417908
Azamuke 2024 (primary),XGBoost,0,0.0003418192791286856
Azamuke 2024 (primary),XGBoost,1,0.796395480632782
Azamuke 2024 (primary),XGBoost,1,0.9253835082054138
Azamuke 2024 (primary),XGBoost,1,0.821527898311615
Azamuke 2024 (primary),XGBoost,1,0.7995243668556213
Azamuke 2024 (primary),XGBoost,1,0.8402777314186096
Azamuke 2024 (primary),XGBoost,0,0.00026068452280014753
Azamuke 2024 (primary),XGBoost,0,0.0003186371468473226
Azamuke 2024 (primary),XGBoost,0,3.841314901364967e-05
Azamuke 2024 (primary),XGBoost,1,0.796466052532196
Azamuke 2024 (primary),XGBoost,0,7.538107456639409e-05
Azamuke 2024 (primary),XGBoost,1,0.8697800040245056
Azamuke 2024 (primary),XGBoost,0,0.00042903461144305766
Azamuke 2024 (primary),XGBoost,0,0.9551562070846558
Azamuke 2024 (primary),XGBoost,1,0.8719640374183655
Azamuke 2024 (primary),XGBoost,1,0.7512257099151611
Azamuke 2024 (primary),XGBoost,0,0.00010650582407834008
Azamuke 2024 (primary),XGBoost,0,0.8935772180557251
Azamuke 2024 (primary),XGBoost,0,0.00026857960619963706
Azamuke 2024 (primary),XGBoost,0,0.9036207795143127
Azamuke 2024 (primary),XGBoost,0,6.0111011407570913e-05
Azamuke 2024 (primary),XGBoost,0,0.000261904759099707
Azamuke 2024 (primary),XGBoost,0,9.61421974352561e-05
Azamuke 2024 (primary),XGBoost,0,8.863734547048807e-05
Azamuke 2024 (primary),XGBoost,0,0.935226321220398
Azamuke 2024 (primary),XGBoost,0,0.00017330783884972334
Azamuke 2024 (primary),XGBoost,1,0.9744176864624023
Azamuke 2024 (primary),XGBoost,0,0.0001665149029577151
Azamuke 2024 (primary),XGBoost,1,0.5458847284317017
Azamuke 2024 (primary),XGBoost,0,0.00029829100822098553
Azamuke 2024 (primary),XGBoost,1,0.7531230449676514
Azamuke 2024 (primary),XGBoost,0,8.717709715710953e-05
Azamuke 2024 (primary),XGBoost,0,0.0004599762905854732
Azamuke 2024 (primary),XGBoost,0,0.8234866857528687
Azamuke 2024 (primary),XGBoost,0,0.0003323510172776878
Azamuke 2024 (primary),XGBoost,1,0.7582993507385254
Azamuke 2024 (primary),XGBoost,0,0.00027190588298253715
Azamuke 2024 (primary),XGBoost,0,0.0012653641169890761
Azamuke 2024 (primary),XGBoost,1,0.7931355237960815
Azamuke 2024 (primary),XGBoost,1,0.945529043674469
Azamuke 2024 (primary),XGBoost,0,0.1090402752161026
Azamuke 2024 (primary),XGBoost,1,0.8559582233428955
Azamuke 2024 (primary),XGBoost,1,0.9839723110198975
Azamuke 2024 (primary),XGBoost,1,0.6369977593421936
Azamuke 2024 (primary),XGBoost,0,8.785775571595877e-05
Azamuke 2024 (primary),XGBoost,1,0.881313145160675
Azamuke 2024 (primary),XGBoost,0,6.415678217308596e-05
Azamuke 2024 (primary),XGBoost,0,0.00017187707999255508
Azamuke 2024 (primary),XGBoost,0,0.0001794389681890607
Azamuke 2024 (primary),XGBoost,1,0.7279167175292969
Azamuke 2024 (primary),XGBoost,0,0.0003524128987919539
Azamuke 2024 (primary),XGBoost,0,4.570746750687249e-05
Azamuke 2024 (primary),XGBoost,0,5.811216396978125e-05
Azamuke 2024 (primary),XGBoost,0,9.304091508965939e-05
Azamuke 2024 (primary),XGBoost,0,0.019418422132730484
Azamuke 2024 (primary),XGBoost,0,0.0009468343341723084
Azamuke 2024 (primary),XGBoost,0,0.7864785194396973
Azamuke 2024 (primary),XGBoost,1,0.7765407562255859
Azamuke 2024 (primary),XGBoost,1,0.8118076324462891
Azamuke 2024 (primary),XGBoost,0,0.00030711261206306517
Azamuke 2024 (primary),XGBoost,0,0.8649619817733765
Azamuke 2024 (primary),XGBoost,1,0.759587287902832
Azamuke 2024 (primary),XGBoost,0,0.8115974068641663
Azamuke 2024 (primary),XGBoost,1,0.6987468004226685
Azamuke 2024 (primary),XGBoost,0,6.484845653176308e-05
Azamuke 2024 (primary),XGBoost,0,0.00013582661631517112
Azamuke 2024 (primary),XGBoost,1,0.7408038377761841
Azamuke 2024 (primary),XGBoost,1,0.8447262644767761
Azamuke 2024 (primary),XGBoost,0,0.00014140986604616046
Azamuke 2024 (primary),XGBoost,1,0.9072678089141846
Azamuke 2024 (primary),XGBoost,0,6.63394239381887e-05
Azamuke 2024 (primary),XGBoost,1,0.8618621826171875
Azamuke 2024 (primary),XGBoost,1,0.8329786658287048
Azamuke 2024 (primary),XGBoost,1,0.8751803636550903
Azamuke 2024 (primary),XGBoost,0,0.7707713842391968
Azamuke 2024 (primary),XGBoost,0,0.0002757816400844604
Azamuke 2024 (primary),XGBoost,0,0.8664748072624207
Azamuke 2024 (primary),XGBoost,0,0.6993401646614075
Azamuke 2024 (primary),XGBoost,1,0.8121658563613892
Azamuke 2024 (primary),XGBoost,0,0.000111679699330125
Azamuke 2024 (primary),XGBoost,1,0.9453645348548889
Azamuke 2024 (primary),XGBoost,0,0.0007058093906380236
Azamuke 2024 (primary),XGBoost,1,0.7176665663719177
Azamuke 2024 (primary),XGBoost,1,0.8078173398971558
Azamuke 2024 (primary),XGBoost,1,0.6959264278411865
Azamuke 2024 (primary),XGBoost,0,0.00018622913921717554
Azamuke 2024 (primary),XGBoost,0,0.00047983802505768836
Azamuke 2024 (primary),XGBoost,0,0.0003865451435558498
Azamuke 2024 (primary),XGBoost,0,0.00043625658145174384
Azamuke 2024 (primary),XGBoost,0,0.0003147327806800604
Azamuke 2024 (primary),XGBoost,0,8.476665243506432e-05
Azamuke 2024 (primary),XGBoost,0,0.0001510492729721591
Azamuke 2024 (primary),XGBoost,0,0.00011482405534479767
Azamuke 2024 (primary),XGBoost,0,0.0001936534245032817
Azamuke 2024 (primary),XGBoost,0,0.0002904146385844797
Azamuke 2024 (primary),XGBoost,0,4.615418947651051e-05
Azamuke 2024 (primary),XGBoost,1,0.9500418305397034
Azamuke 2024 (primary),XGBoost,1,0.9311825037002563
Azamuke 2024 (primary),XGBoost,0,0.0003281040699221194
Azamuke 2024 (primary),XGBoost,1,0.991044282913208
Azamuke 2024 (primary),XGBoost,1,0.8286252617835999
Azamuke 2024 (primary),XGBoost,0,0.549364447593689
Azamuke 2024 (primary),XGBoost,1,0.48228031396865845
Azamuke 2024 (primary),XGBoost,0,0.00027661718195304275
Azamuke 2024 (primary),XGBoost,1,0.9961400628089905
Azamuke 2024 (primary),XGBoost,1,0.927514910697937
Azamuke 2024 (primary),XGBoost,0,0.00010523571108933538
Azamuke 2024 (primary),XGBoost,1,0.5852673053741455
Azamuke 2024 (primary),XGBoost,1,0.7711994051933289
Azamuke 2024 (primary),XGBoost,0,7.415922300424427e-05
Azamuke 2024 (primary),XGBoost,1,0.8711508512496948
Azamuke 2024 (primary),XGBoost,1,0.9226168990135193
Azamuke 2024 (primary),XGBoost,0,0.00019298413826618344
Azamuke 2024 (primary),XGBoost,0,0.00020312248670961708
Azamuke 2024 (primary),XGBoost,0,0.0004861451161559671
Azamuke 2024 (primary),XGBoost,0,0.00032078445656225085
Azamuke 2024 (primary),XGBoost,0,0.00013981580559629947
Azamuke 2024 (primary),XGBoost,1,0.7523713111877441
Azamuke 2024 (primary),XGBoost,0,0.8597140312194824
Azamuke 2024 (primary),XGBoost,1,0.7645021080970764
Azamuke 2024 (primary),XGBoost,0,0.001485606306232512
Azamuke 2024 (primary),XGBoost,0,0.0004490247229114175
Azamuke 2024 (primary),XGBoost,0,5.024764686822891e-05
Azamuke 2024 (primary),XGBoost,0,0.00014171641669236124
Azamuke 2024 (primary),XGBoost,1,0.8037827014923096
Azamuke 2024 (primary),XGBoost,0,0.0001929909485625103
Azamuke 2024 (primary),XGBoost,1,0.816727876663208
Azamuke 2024 (primary),XGBoost,0,0.8890559077262878
Azamuke 2024 (primary),XGBoost,0,0.9312244653701782
Azamuke 2024 (primary),XGBoost,0,6.30571084911935e-05
Azamuke 2024 (primary),XGBoost,0,0.7318850159645081
Azamuke 2024 (primary),XGBoost,1,0.9963129162788391
Azamuke 2024 (primary),XGBoost,0,0.0168299563229084
Azamuke 2024 (primary),XGBoost,0,0.7827802896499634
Azamuke 2024 (primary),XGBoost,0,4.3783402361441404e-05
Azamuke 2024 (primary),XGBoost,0,0.8452248573303223
Azamuke 2024 (primary),XGBoost,0,0.6058560609817505
Azamuke 2024 (primary),XGBoost,0,0.00010784389451146126
Azamuke 2024 (primary),XGBoost,0,0.0004066019901074469
Azamuke 2024 (primary),XGBoost,0,0.8729276657104492
Azamuke 2024 (primary),XGBoost,1,0.8065789341926575
Azamuke 2024 (primary),XGBoost,1,0.7539327144622803
Azamuke 2024 (primary),XGBoost,1,0.7152359485626221
Azamuke 2024 (primary),XGBoost,1,0.7939907312393188
Azamuke 2024 (primary),XGBoost,1,0.7648464441299438
Azamuke 2024 (primary),XGBoost,0,0.9106810092926025
Azamuke 2024 (primary),XGBoost,0,7.245760934893042e-05
Azamuke 2024 (primary),XGBoost,1,0.6817557215690613
Azamuke 2024 (primary),XGBoost,0,0.8236910700798035
Azamuke 2024 (primary),XGBoost,1,0.7291630506515503
Azamuke 2024 (primary),XGBoost,1,0.9974205493927002
Azamuke 2024 (primary),XGBoost,1,0.930383563041687
Azamuke 2024 (primary),XGBoost,1,0.9956412315368652
Azamuke 2024 (primary),XGBoost,1,0.8378622531890869
Azamuke 2024 (primary),XGBoost,1,0.8881140947341919
Azamuke 2024 (primary),XGBoost,1,0.8001545071601868
Azamuke 2024 (primary),XGBoost,0,0.6554355025291443
Azamuke 2024 (primary),XGBoost,0,0.0002853891928680241
Azamuke 2024 (primary),XGBoost,0,0.00024831152404658496
Azamuke 2024 (primary),XGBoost,0,0.9272376894950867
Azamuke 2024 (primary),XGBoost,1,0.8037060499191284
Azamuke 2024 (primary),XGBoost,0,0.00013342802412807941
Azamuke 2024 (primary),XGBoost,0,9.009024506667629e-05
Azamuke 2024 (primary),XGBoost,0,0.9181103110313416
Azamuke 2024 (primary),XGBoost,1,0.8806883692741394
Azamuke 2024 (primary),XGBoost,0,0.00025296746753156185
Azamuke 2024 (primary),XGBoost,0,0.00013605528511106968
Azamuke 2024 (primary),XGBoost,1,0.838080883026123
Azamuke 2024 (primary),XGBoost,1,0.8956840634346008
Azamuke 2024 (primary),XGBoost,1,0.8756176233291626
Azamuke 2024 (primary),XGBoost,1,0.8377949595451355
Azamuke 2024 (primary),XGBoost,1,0.9484359622001648
Azamuke 2024 (primary),XGBoost,1,0.8330819010734558
Azamuke 2024 (primary),XGBoost,0,0.0004695018578786403
Azamuke 2024 (primary),XGBoost,1,0.8065302968025208
Azamuke 2024 (primary),XGBoost,1,0.9104024767875671
Azamuke 2024 (primary),XGBoost,0,0.7209740877151489
Azamuke 2024 (primary),XGBoost,1,0.8376917839050293
Azamuke 2024 (primary),XGBoost,0,0.7364577054977417
Azamuke 2024 (primary),XGBoost,1,0.6191083788871765
Azamuke 2024 (primary),XGBoost,1,0.7126510143280029
Azamuke 2024 (primary),XGBoost,1,0.9954694509506226
Azamuke 2024 (primary),XGBoost,0,0.0001410593104083091
Azamuke 2024 (primary),XGBoost,0,0.00019341317238286138
Azamuke 2024 (primary),XGBoost,0,4.6855639084242284e-05
Azamuke 2024 (primary),XGBoost,1,0.856802761554718
Azamuke 2024 (primary),XGBoost,1,0.8072966933250427
Azamuke 2024 (primary),XGBoost,1,0.7881630659103394
Azamuke 2024 (primary),XGBoost,1,0.8690972328186035
Azamuke 2024 (primary),XGBoost,0,7.134781480999663e-05
Azamuke 2024 (primary),XGBoost,1,0.6280800104141235
Azamuke 2024 (primary),XGBoost,1,0.5720382332801819
Azamuke 2024 (primary),XGBoost,0,0.7259779572486877
Azamuke 2024 (primary),XGBoost,1,0.6843172311782837
Azamuke 2024 (primary),XGBoost,1,0.8642145395278931
Azamuke 2024 (primary),XGBoost,1,0.8344204425811768
Azamuke 2024 (primary),XGBoost,0,0.00012206897372379899
Azamuke 2024 (primary),XGBoost,0,7.892995927250013e-05
Azamuke 2024 (primary),XGBoost,0,0.00011865654232678935
Azamuke 2024 (primary),XGBoost,0,0.0002967493492178619
Azamuke 2024 (primary),XGBoost,1,0.8394692540168762
Azamuke 2024 (primary),XGBoost,0,0.00010137363278772682
Azamuke 2024 (primary),XGBoost,0,0.00010899351764237508
Azamuke 2024 (primary),XGBoost,1,0.8338726758956909
Azamuke 2024 (primary),XGBoost,1,0.5020633339881897
Azamuke 2024 (primary),XGBoost,1,0.9433422684669495
Azamuke 2024 (primary),XGBoost,1,0.9246385097503662
Azamuke 2024 (primary),XGBoost,1,0.9233338236808777
Azamuke 2024 (primary),XGBoost,1,0.8480830192565918
Azamuke 2024 (primary),XGBoost,0,0.44265976548194885
Azamuke 2024 (primary),XGBoost,0,0.00010560595546849072
Azamuke 2024 (primary),XGBoost,1,0.918204128742218
Azamuke 2024 (primary),XGBoost,1,0.7268643379211426
Azamuke 2024 (primary),XGBoost,1,0.9980055689811707
Azamuke 2024 (primary),XGBoost,0,0.8451104164123535
Azamuke 2024 (primary),XGBoost,0,0.9035652875900269
Azamuke 2024 (primary),XGBoost,0,0.0002785605611279607
Azamuke 2024 (primary),XGBoost,0,0.00024200085317716002
Azamuke 2024 (primary),XGBoost,0,0.0002518997935112566
Azamuke 2024 (primary),XGBoost,1,0.9026669859886169
Azamuke 2024 (primary),XGBoost,1,0.7238382697105408
Azamuke 2024 (primary),XGBoost,0,0.7753267884254456
Azamuke 2024 (primary),XGBoost,1,0.9973697662353516
Azamuke 2024 (primary),XGBoost,1,0.79825758934021
Azamuke 2024 (primary),XGBoost,1,0.985724151134491
Azamuke 2024 (primary),XGBoost,0,5.292945934343152e-05
Azamuke 2024 (primary),XGBoost,1,0.9465157985687256
Azamuke 2024 (primary),XGBoost,1,0.666977047920227
Azamuke 2024 (primary),XGBoost,1,0.883124053478241
Azamuke 2024 (primary),XGBoost,0,7.081165676936507e-05
Azamuke 2024 (primary),XGBoost,1,0.8583109974861145
Azamuke 2024 (primary),XGBoost,0,0.7741779088973999
Azamuke 2024 (primary),XGBoost,1,0.8015806674957275
Azamuke 2024 (primary),XGBoost,1,0.7956740856170654
Azamuke 2024 (primary),XGBoost,0,0.00011724927026079968
Azamuke 2024 (primary),XGBoost,0,0.00042325627873651683
Azamuke 2024 (primary),XGBoost,1,0.9218872785568237
Azamuke 2024 (primary),XGBoost,0,0.00021526300406549126
Azamuke 2024 (primary),XGBoost,0,0.8451234102249146
Azamuke 2024 (primary),XGBoost,1,0.8793863654136658
Azamuke 2024 (primary),XGBoost,0,7.11637330823578e-05
Azamuke 2024 (primary),XGBoost,0,0.0003526545478962362
Azamuke 2024 (primary),XGBoost,0,0.0005799830541945994
Azamuke 2024 (primary),XGBoost,0,0.0002071142807835713
Azamuke 2024 (primary),XGBoost,1,0.9093207716941833
Azamuke 2024 (primary),XGBoost,0,0.7196058630943298
Azamuke 2024 (primary),XGBoost,0,0.9245967268943787
Azamuke 2024 (primary),XGBoost,1,0.9704632759094238
Azamuke 2024 (primary),XGBoost,0,0.7452502250671387
Azamuke 2024 (primary),XGBoost,0,0.019483953714370728
Azamuke 2024 (primary),XGBoost,1,0.8309164643287659
Azamuke 2024 (primary),XGBoost,0,0.0011956647504121065
Azamuke 2024 (primary),XGBoost,0,0.9276432394981384
Azamuke 2024 (primary),XGBoost,1,0.9801886081695557
Azamuke 2024 (primary),XGBoost,1,0.7545674443244934
Azamuke 2024 (primary),XGBoost,1,0.7006252408027649
Azamuke 2024 (primary),XGBoost,0,0.0010289928177371621
Azamuke 2024 (primary),XGBoost,0,8.69965588208288e-05
Azamuke 2024 (primary),XGBoost,0,0.0002694131399039179
Azamuke 2024 (primary),XGBoost,1,0.7668808698654175
Azamuke 2024 (primary),XGBoost,0,0.939540445804596
Azamuke 2024 (primary),XGBoost,0,7.289213681360707e-05
Azamuke 2024 (primary),XGBoost,0,0.00019462767522782087
Azamuke 2024 (primary),XGBoost,0,0.00046191111323423684
Azamuke 2024 (primary),XGBoost,0,0.00016937668260652572
Azamuke 2024 (primary),XGBoost,0,0.9135329127311707
Azamuke 2024 (primary),XGBoost,1,0.5707173347473145
Azamuke 2024 (primary),XGBoost,0,0.00033353178878314793
Azamuke 2024 (primary),XGBoost,0,0.0003153166326228529
Azamuke 2024 (primary),XGBoost,1,0.8074163198471069
Azamuke 2024 (primary),XGBoost,0,0.0001384057686664164
Azamuke 2024 (primary),XGBoost,0,0.00034205970587208867
Azamuke 2024 (primary),XGBoost,1,0.6386562585830688
Azamuke 2024 (primary),XGBoost,1,0.7518412470817566
Azamuke 2024 (primary),XGBoost,1,0.8226359486579895
Azamuke 2024 (primary),XGBoost,0,0.9222856760025024
Azamuke 2024 (primary),XGBoost,0,0.9254482388496399
Azamuke 2024 (primary),XGBoost,0,0.00018046297191176564
Azamuke 2024 (primary),XGBoost,0,8.756893657846376e-05
Azamuke 2024 (primary),XGBoost,1,0.19764749705791473
Azamuke 2024 (primary),XGBoost,0,0.00013047621177975088
Azamuke 2024 (primary),XGBoost,0,8.727541717234999e-05
Azamuke 2024 (primary),XGBoost,0,0.7813485264778137
Azamuke 2024 (primary),XGBoost,0,0.0003355436201673001
Azamuke 2024 (primary),XGBoost,0,0.7606973052024841
Azamuke 2024 (primary),XGBoost,1,0.5518607497215271
Azamuke 2024 (primary),XGBoost,1,0.6882340312004089
Azamuke 2024 (primary),XGBoost,1,0.9812930226325989
Azamuke 2024 (primary),XGBoost,1,0.9966297745704651
Azamuke 2024 (primary),XGBoost,0,4.353650365374051e-05
Azamuke 2024 (primary),XGBoost,1,0.8280544281005859
Azamuke 2024 (primary),XGBoost,1,0.8474454879760742
Azamuke 2024 (primary),XGBoost,1,0.7383154034614563
Azamuke 2024 (primary),XGBoost,0,0.7002506256103516
Azamuke 2024 (primary),XGBoost,0,0.8196574449539185
Azamuke 2024 (primary),XGBoost,1,0.7312619090080261
Azamuke 2024 (primary),XGBoost,1,0.9072211980819702
Azamuke 2024 (primary),XGBoost,1,0.8988898396492004
Azamuke 2024 (primary),XGBoost,0,0.33717450499534607
Azamuke 2024 (primary),XGBoost,1,0.8977681994438171
Azamuke 2024 (primary),XGBoost,1,0.6368801593780518
Azamuke 2024 (primary),XGBoost,1,0.8454487919807434
Azamuke 2024 (primary),XGBoost,1,0.9708958268165588
Azamuke 2024 (primary),XGBoost,1,0.9430800080299377
Azamuke 2024 (primary),XGBoost,1,0.9079739451408386
Azamuke 2024 (primary),XGBoost,0,0.00015552820696029812
Azamuke 2024 (primary),XGBoost,0,0.00022586405975744128
Azamuke 2024 (primary),XGBoost,1,0.8330403566360474
Azamuke 2024 (primary),XGBoost,1,0.9751136302947998
Azamuke 2024 (primary),XGBoost,0,0.00021620694315060973
Azamuke 2024 (primary),XGBoost,0,9.42464976105839e-05
Azamuke 2024 (primary),XGBoost,0,0.000615777273196727
Azamuke 2024 (primary),XGBoost,1,0.7733460068702698
Azamuke 2024 (primary),XGBoost,0,0.8084666728973389
Azamuke 2024 (primary),XGBoost,0,6.321437103906646e-05
Azamuke 2024 (primary),XGBoost,1,0.8420913815498352
Azamuke 2024 (primary),XGBoost,0,0.0003354297368787229
Azamuke 2024 (primary),XGBoost,1,0.5873848795890808
Azamuke 2024 (primary),XGBoost,0,4.902416549157351e-05
Azamuke 2024 (primary),XGBoost,1,0.5651127099990845
Azamuke 2024 (primary),XGBoost,0,0.0002814688778016716
Azamuke 2024 (primary),XGBoost,0,0.00022920078481547534
Azamuke 2024 (primary),XGBoost,0,8.621734741609544e-05
Azamuke 2024 (primary),XGBoost,1,0.7247359752655029
Azamuke 2024 (primary),XGBoost,1,0.8569445610046387
Azamuke 2024 (primary),XGBoost,0,7.957604975672439e-05
Azamuke 2024 (primary),XGBoost,0,0.0010500105563551188
Azamuke 2024 (primary),XGBoost,0,0.00019973104645032436
Azamuke 2024 (primary),XGBoost,0,9.780909749679267e-05
Azamuke 2024 (primary),XGBoost,1,0.9947100877761841
Azamuke 2024 (primary),XGBoost,1,0.8495231866836548
Azamuke 2024 (primary),XGBoost,1,0.9751965999603271
Azamuke 2024 (primary),XGBoost,1,0.7260317206382751
Azamuke 2024 (primary),XGBoost,1,0.8563413619995117
Azamuke 2024 (primary),XGBoost,1,0.7236208319664001
Azamuke 2024 (primary),XGBoost,0,0.7881757616996765
Azamuke 2024 (primary),XGBoost,1,0.9458544254302979
Azamuke 2024 (primary),XGBoost,0,0.757430911064148
Azamuke 2024 (primary),XGBoost,1,0.6465538144111633
Azamuke 2024 (primary),XGBoost,1,0.9151470065116882
Azamuke 2024 (primary),XGBoost,1,0.9260346293449402
Azamuke 2024 (primary),XGBoost,0,8.945257286541164e-05
Azamuke 2024 (primary),XGBoost,0,0.00030370449530892074
Azamuke 2024 (primary),XGBoost,0,0.00010743855818873271
Azamuke 2024 (primary),XGBoost,0,0.00012809023610316217
Azamuke 2024 (primary),XGBoost,0,0.00046726211439818144
Azamuke 2024 (primary),XGBoost,1,0.7195789217948914
Azamuke 2024 (primary),XGBoost,0,0.00019965316460002214
Azamuke 2024 (primary),XGBoost,0,0.00023312140547204763
Azamuke 2024 (primary),XGBoost,0,0.786400318145752
Azamuke 2024 (primary),XGBoost,0,0.0001412806159351021
Azamuke 2024 (primary),XGBoost,1,0.7852442264556885
Azamuke 2024 (primary),XGBoost,0,4.087687557330355e-05
Azamuke 2024 (primary),XGBoost,0,0.9869808554649353
Azamuke 2024 (primary),XGBoost,0,0.00028043307247571647
Azamuke 2024 (primary),XGBoost,1,0.5116966366767883
Azamuke 2024 (primary),XGBoost,1,0.7974433302879333
Azamuke 2024 (primary),XGBoost,1,0.9302054047584534
Azamuke 2024 (primary),XGBoost,0,0.0001557414507260546
Azamuke 2024 (primary),XGBoost,0,0.0001975478371605277
Azamuke 2024 (primary),XGBoost,1,0.81350177526474
Azamuke 2024 (primary),XGBoost,0,0.00015052892558742315
Azamuke 2024 (primary),XGBoost,1,0.7767853736877441
Azamuke 2024 (primary),XGBoost,0,0.7332624197006226
Azamuke 2024 (primary),XGBoost,0,0.00012135752331232652
Azamuke 2024 (primary),XGBoost,1,0.9018113017082214
Azamuke 2024 (primary),XGBoost,0,0.8049308061599731
Azamuke 2024 (primary),XGBoost,1,0.5676220655441284
Azamuke 2024 (primary),XGBoost,0,6.182539800647646e-05
Azamuke 2024 (primary),XGBoost,1,0.9192648530006409
Azamuke 2024 (primary),XGBoost,1,0.8561006188392639
Azamuke 2024 (primary),XGBoost,0,0.00018318326328881085
Azamuke 2024 (primary),XGBoost,0,0.0006661983206868172
Azamuke 2024 (primary),XGBoost,1,0.7588470578193665
Azamuke 2024 (primary),XGBoost,0,0.00015157127927523106
Azamuke 2024 (primary),XGBoost,1,0.5858678221702576
Azamuke 2024 (primary),XGBoost,0,0.5037477612495422
Azamuke 2024 (primary),XGBoost,1,0.7143595218658447
Azamuke 2024 (primary),XGBoost,1,0.7042527794837952
Azamuke 2024 (primary),XGBoost,0,0.00012241855438333005
Azamuke 2024 (primary),XGBoost,1,0.701504647731781
Azamuke 2024 (primary),XGBoost,1,0.7250611186027527
Azamuke 2024 (primary),XGBoost,0,0.00020657642744481564
Azamuke 2024 (primary),XGBoost,1,0.7048080563545227
Azamuke 2024 (primary),XGBoost,0,0.00026221631560474634
Azamuke 2024 (primary),XGBoost,1,0.994450569152832
Azamuke 2024 (primary),XGBoost,0,6.0173817473696545e-05
Azamuke 2024 (primary),XGBoost,0,0.000180640650796704
Azamuke 2024 (primary),XGBoost,1,0.22261059284210205
Azamuke 2024 (primary),XGBoost,1,0.8483812212944031
Azamuke 2024 (primary),XGBoost,1,0.8046714663505554
Azamuke 2024 (primary),XGBoost,0,0.0001420938060618937
Azamuke 2024 (primary),XGBoost,0,0.0018435268430039287
Azamuke 2024 (primary),XGBoost,1,0.918455958366394
Azamuke 2024 (primary),XGBoost,1,0.8703737258911133
Azamuke 2024 (primary),XGBoost,0,0.7507702708244324
Azamuke 2024 (primary),XGBoost,0,0.0003458649734966457
Azamuke 2024 (primary),XGBoost,0,0.00011225636990275234
Azamuke 2024 (primary),XGBoost,0,5.122799120726995e-05
Azamuke 2024 (primary),XGBoost,0,0.8162559866905212
Azamuke 2024 (primary),XGBoost,1,0.8464688658714294
Azamuke 2024 (primary),XGBoost,0,0.00020282482728362083
Azamuke 2024 (primary),XGBoost,0,0.00032953356276266277
Azamuke 2024 (primary),XGBoost,1,0.9986670017242432
Azamuke 2024 (primary),XGBoost,1,0.8311817646026611
Azamuke 2024 (primary),XGBoost,1,0.9244579076766968
Azamuke 2024 (primary),XGBoost,1,0.7948340177536011
Azamuke 2024 (primary),XGBoost,0,0.00013251573545858264
Azamuke 2024 (primary),XGBoost,0,0.19008877873420715
Azamuke 2024 (primary),XGBoost,0,0.6791329383850098
Azamuke 2024 (primary),XGBoost,1,0.8677529692649841
Azamuke 2024 (primary),XGBoost,1,0.980830192565918
Azamuke 2024 (primary),XGBoost,1,0.8853331804275513
Azamuke 2024 (primary),XGBoost,0,3.496698627714068e-05
Azamuke 2024 (primary),XGBoost,0,0.0003176138561684638
Azamuke 2024 (primary),XGBoost,0,0.00044289935613051057
Azamuke 2024 (primary),XGBoost,1,0.8154587745666504
Azamuke 2024 (primary),XGBoost,0,0.00032526833820156753
Azamuke 2024 (primary),XGBoost,0,0.00012208434054628015
Azamuke 2024 (primary),XGBoost,1,0.8433753848075867
Azamuke 2024 (primary),XGBoost,0,0.00015150726540014148
Azamuke 2024 (primary),XGBoost,1,0.6596077084541321
Azamuke 2024 (primary),XGBoost,0,5.230456736171618e-05
Azamuke 2024 (primary),XGBoost,1,0.9917542934417725
Azamuke 2024 (primary),XGBoost,1,0.9654903411865234
Azamuke 2024 (primary),XGBoost,1,0.7300182580947876
Azamuke 2024 (primary),XGBoost,0,0.00027794085326604545
Azamuke 2024 (primary),XGBoost,0,0.8964007496833801
Azamuke 2024 (primary),XGBoost,0,0.00013950804714113474
Azamuke 2024 (primary),XGBoost,0,0.764390230178833
Azamuke 2024 (primary),XGBoost,1,0.8916663527488708
Azamuke 2024 (primary),XGBoost,1,0.9418543577194214
Azamuke 2024 (primary),XGBoost,0,0.7426535487174988
Azamuke 2024 (primary),XGBoost,0,9.889042121358216e-05
Azamuke 2024 (primary),XGBoost,1,0.7206060886383057
Azamuke 2024 (primary),XGBoost,1,0.7347005605697632
Azamuke 2024 (primary),XGBoost,1,0.8342573046684265
Azamuke 2024 (primary),XGBoost,1,0.9066883325576782
Azamuke 2024 (primary),XGBoost,0,0.0007865199586376548
Azamuke 2024 (primary),XGBoost,0,0.6411007046699524
Azamuke 2024 (primary),XGBoost,0,0.00016828393563628197
Azamuke 2024 (primary),XGBoost,1,0.9925575256347656
Azamuke 2024 (primary),XGBoost,0,0.0002150918880943209
Azamuke 2024 (primary),XGBoost,0,0.00045077252434566617
Azamuke 2024 (primary),XGBoost,0,7.121614180505276e-05
Azamuke 2024 (primary),XGBoost,1,0.8642017245292664
Azamuke 2024 (primary),XGBoost,1,0.801033079624176
Azamuke 2024 (primary),XGBoost,1,0.9233360886573792
Azamuke 2024 (primary),XGBoost,0,9.967564255930483e-05
Azamuke 2024 (primary),XGBoost,1,0.8425569534301758
Azamuke 2024 (primary),XGBoost,1,0.773472785949707
Azamuke 2024 (primary),XGBoost,1,0.8348671197891235
Azamuke 2024 (primary),XGBoost,1,0.8484235405921936
Azamuke 2024 (primary),XGBoost,0,0.0002302644425071776
Azamuke 2024 (primary),XGBoost,1,0.8275527954101562
Azamuke 2024 (primary),XGBoost,1,0.7720231413841248
Azamuke 2024 (primary),XGBoost,0,0.0001892361178761348
Azamuke 2024 (primary),XGBoost,1,0.9070782661437988
Azamuke 2024 (primary),XGBoost,0,0.00020017754286527634
Azamuke 2024 (primary),XGBoost,1,0.8559439182281494
Azamuke 2024 (primary),XGBoost,1,0.7394566535949707
Azamuke 2024 (primary),XGBoost,1,0.8680374622344971
Azamuke 2024 (primary),XGBoost,0,0.00020279971067793667
Azamuke 2024 (primary),XGBoost,0,0.00021682296937797219
Azamuke 2024 (primary),XGBoost,0,3.829190609394573e-05
Azamuke 2024 (primary),XGBoost,0,0.9155946969985962
Azamuke 2024 (primary),XGBoost,1,0.7452071905136108
Azamuke 2024 (primary),XGBoost,1,0.9647310972213745
Azamuke 2024 (primary),XGBoost,1,0.8284854888916016
Azamuke 2024 (primary),XGBoost,0,0.00034125501406379044
Azamuke 2024 (primary),XGBoost,1,0.8718583583831787
Azamuke 2024 (primary),XGBoost,0,0.0001070092330337502
Azamuke 2024 (primary),XGBoost,1,0.9098306894302368
Azamuke 2024 (primary),XGBoost,1,0.9899044632911682
Azamuke 2024 (primary),XGBoost,0,0.7547979950904846
Azamuke 2024 (primary),XGBoost,0,0.00024834726355038583
Azamuke 2024 (primary),XGBoost,0,0.0001777786819729954
Azamuke 2024 (primary),XGBoost,1,0.9758335947990417
Azamuke 2024 (primary),XGBoost,1,0.7885521054267883
Azamuke 2024 (primary),XGBoost,1,0.7415376305580139
Azamuke 2024 (primary),XGBoost,0,0.8658562302589417
Azamuke 2024 (primary),XGBoost,1,0.5874526500701904
Azamuke 2024 (primary),XGBoost,0,9.662241791374981e-05
Azamuke 2024 (primary),XGBoost,0,0.0001925876276800409
Azamuke 2024 (primary),XGBoost,1,0.8138083815574646
Azamuke 2024 (primary),XGBoost,1,0.9968858361244202
Azamuke 2024 (primary),XGBoost,0,0.9017397165298462
Azamuke 2024 (primary),XGBoost,1,0.8415127396583557
Azamuke 2024 (primary),XGBoost,1,0.7545152306556702
Azamuke 2024 (primary),XGBoost,0,0.00011255015851929784
Azamuke 2024 (primary),XGBoost,1,0.7504533529281616
Azamuke 2024 (primary),XGBoost,0,0.00012768757005687803
Azamuke 2024 (primary),XGBoost,0,8.546663593733683e-05
Azamuke 2024 (primary),XGBoost,0,0.771030604839325
Azamuke 2024 (primary),XGBoost,1,0.746337890625
Azamuke 2024 (primary),XGBoost,1,0.8234639167785645
Azamuke 2024 (primary),XGBoost,1,0.9927091598510742
Azamuke 2024 (primary),XGBoost,0,8.115485979942605e-05
Azamuke 2024 (primary),XGBoost,0,5.585120015894063e-05
Azamuke 2024 (primary),XGBoost,0,0.7665964961051941
Azamuke 2024 (primary),XGBoost,1,0.7279343605041504
Azamuke 2024 (primary),XGBoost,0,0.00016478663019370288
Azamuke 2024 (primary),XGBoost,1,0.9488016963005066
Azamuke 2024 (primary),XGBoost,0,0.00017777649918571115
Azamuke 2024 (primary),XGBoost,0,0.873320996761322
Azamuke 2024 (primary),XGBoost,1,0.6911241412162781
Azamuke 2024 (primary),XGBoost,0,0.0002593612007331103
Azamuke 2024 (primary),XGBoost,1,0.7640507817268372
Azamuke 2024 (primary),XGBoost,0,6.015969847794622e-05
Azamuke 2024 (primary),XGBoost,0,0.7982385158538818
Azamuke 2024 (primary),XGBoost,1,0.7921086549758911
Azamuke 2024 (primary),XGBoost,1,0.66126549243927
Azamuke 2024 (primary),XGBoost,0,0.9375919699668884
Azamuke 2024 (primary),XGBoost,1,0.9980772733688354
Azamuke 2024 (primary),XGBoost,1,0.9463911056518555
Azamuke 2024 (primary),XGBoost,0,8.099961269181222e-05
Azamuke 2024 (primary),XGBoost,0,0.0007771679083816707
Azamuke 2024 (primary),XGBoost,0,0.41031405329704285
Azamuke 2024 (primary),XGBoost,1,0.7033900022506714
Azamuke 2024 (primary),XGBoost,1,0.8534068465232849
Azamuke 2024 (primary),XGBoost,1,0.86944979429245
Azamuke 2024 (primary),XGBoost,1,0.4735156297683716
Azamuke 2024 (primary),XGBoost,1,0.7553470134735107
Azamuke 2024 (primary),XGBoost,0,0.00015134613204281777
Azamuke 2024 (primary),XGBoost,1,0.9977328777313232
Azamuke 2024 (primary),XGBoost,0,0.00012702365347649902
Azamuke 2024 (primary),XGBoost,1,0.7321532964706421
Azamuke 2024 (primary),XGBoost,0,0.9245312809944153
Azamuke 2024 (primary),XGBoost,0,0.0003533728886395693
Azamuke 2024 (primary),XGBoost,0,0.0006043676985427737
Azamuke 2024 (primary),XGBoost,0,9.6244846645277e-05
Azamuke 2024 (primary),XGBoost,0,6.4370411564596e-05
Azamuke 2024 (primary),XGBoost,1,0.6200401186943054
Azamuke 2024 (primary),XGBoost,0,0.00025902115157805383
Azamuke 2024 (primary),XGBoost,0,0.00024724207469262183
Azamuke 2024 (primary),XGBoost,0,0.00012190879351692274
Azamuke 2024 (primary),XGBoost,0,0.0001485262910136953
Azamuke 2024 (primary),XGBoost,0,5.27962256455794e-05
Azamuke 2024 (primary),XGBoost,1,0.60575932264328
Azamuke 2024 (primary),XGBoost,1,0.6840746998786926
Azamuke 2024 (primary),XGBoost,0,0.6589075922966003
Azamuke 2024 (primary),XGBoost,1,0.7614929676055908
Azamuke 2024 (primary),XGBoost,0,0.0010666430462151766
Azamuke 2024 (primary),XGBoost,0,0.0001327671780018136
Azamuke 2024 (primary),XGBoost,1,0.81468266248703
Azamuke 2024 (primary),XGBoost,1,0.5963089466094971
Azamuke 2024 (primary),XGBoost,1,0.6846727728843689
Azamuke 2024 (primary),XGBoost,0,0.8118283748626709
Azamuke 2024 (primary),XGBoost,0,0.675290048122406
Azamuke 2024 (primary),XGBoost,1,0.7674244046211243
Azamuke 2024 (primary),XGBoost,1,0.8517149686813354
Azamuke 2024 (primary),XGBoost,1,0.688064694404602
Azamuke 2024 (primary),XGBoost,1,0.842208981513977
Azamuke 2024 (primary),XGBoost,1,0.8623546957969666
Azamuke 2024 (primary),XGBoost,1,0.9954537153244019
Azamuke 2024 (primary),XGBoost,0,0.0022622698452323675
Azamuke 2024 (primary),XGBoost,0,0.5832309722900391
Azamuke 2024 (primary),XGBoost,1,0.43317684531211853
Azamuke 2024 (primary),XGBoost,1,0.68949294090271
Azamuke 2024 (primary),XGBoost,1,0.8063920736312866
Azamuke 2024 (primary),XGBoost,1,0.776555597782135
Azamuke 2024 (primary),XGBoost,1,0.6260161995887756
Azamuke 2024 (primary),XGBoost,1,0.9889455437660217
Azamuke 2024 (primary),XGBoost,0,4.5785731344949454e-05
Azamuke 2024 (primary),XGBoost,1,0.6488359570503235
Azamuke 2024 (primary),XGBoost,1,0.8428298830986023
Azamuke 2024 (primary),XGBoost,1,0.8191065788269043
Azamuke 2024 (primary),XGBoost,0,8.907013398129493e-05
Azamuke 2024 (primary),XGBoost,0,0.00011655377602437511
Azamuke 2024 (primary),XGBoost,1,0.4815536141395569
Azamuke 2024 (primary),XGBoost,1,0.7406259775161743
Azamuke 2024 (primary),XGBoost,1,0.5711705088615417
Azamuke 2024 (primary),XGBoost,0,0.00031318439869210124
Azamuke 2024 (primary),XGBoost,1,0.605381429195404
Azamuke 2024 (primary),XGBoost,0,0.5618880987167358
Azamuke 2024 (primary),XGBoost,0,0.0006436144467443228
Azamuke 2024 (primary),XGBoost,0,6.018816202413291e-05
Azamuke 2024 (primary),XGBoost,0,0.991048276424408
Azamuke 2024 (primary),XGBoost,0,0.7659358978271484
Azamuke 2024 (primary),XGBoost,0,0.0003334942739456892
Azamuke 2024 (primary),XGBoost,0,0.0004900278290733695
Azamuke 2024 (primary),XGBoost,0,8.63101304275915e-05
Azamuke 2024 (primary),XGBoost,0,0.00021117379947099835
Azamuke 2024 (primary),XGBoost,1,0.8877473473548889
Azamuke 2024 (primary),XGBoost,1,0.8366780877113342
Azamuke 2024 (primary),XGBoost,1,0.9438846707344055
Azamuke 2024 (primary),XGBoost,1,0.9230042695999146
Azamuke 2024 (primary),XGBoost,0,0.00010674048098735511
Azamuke 2024 (primary),XGBoost,1,0.42308586835861206
Azamuke 2024 (primary),XGBoost,1,0.7648419737815857
Azamuke 2024 (primary),XGBoost,0,0.0001768796646501869
Azamuke 2024 (primary),XGBoost,1,0.6265289187431335
Azamuke 2024 (primary),XGBoost,0,0.00012255029287189245
Azamuke 2024 (primary),XGBoost,1,0.8831642866134644
Azamuke 2024 (primary),XGBoost,0,0.00012471959053073078
Azamuke 2024 (primary),XGBoost,1,0.907590925693512
Azamuke 2024 (primary),XGBoost,0,6.756479706382379e-05
Azamuke 2024 (primary),XGBoost,1,0.7884221076965332
Azamuke 2024 (primary),XGBoost,0,6.189701525727287e-05
Azamuke 2024 (primary),XGBoost,0,0.8091362118721008
Azamuke 2024 (primary),XGBoost,1,0.7184802293777466
Azamuke 2024 (primary),XGBoost,0,4.724923928733915e-05
Azamuke 2024 (primary),XGBoost,1,0.8538400530815125
Azamuke 2024 (primary),XGBoost,1,0.9349920153617859
Azamuke 2024 (primary),XGBoost,0,0.006818101275712252
Azamuke 2024 (primary),XGBoost,1,0.8718556761741638
Azamuke 2024 (primary),XGBoost,0,8.740009070606902e-05
Azamuke 2024 (primary),XGBoost,1,0.9760066270828247
Azamuke 2024 (primary),XGBoost,0,0.004449184518307447
Azamuke 2024 (primary),XGBoost,1,0.881903350353241
Azamuke 2024 (primary),XGBoost,0,9.337225492345169e-05
Azamuke 2024 (primary),XGBoost,0,0.00042460300028324127
Azamuke 2024 (primary),XGBoost,1,0.7187730669975281
Azamuke 2024 (primary),XGBoost,1,0.7409037351608276
Azamuke 2024 (primary),XGBoost,1,0.753720760345459
Azamuke 2024 (primary),XGBoost,0,3.887253114953637e-05
Azamuke 2024 (primary),XGBoost,1,0.569181501865387
Azamuke 2024 (primary),XGBoost,0,0.00010013493010774255
Azamuke 2024 (primary),XGBoost,1,0.6693962812423706
Azamuke 2024 (primary),XGBoost,1,0.6756373047828674
Azamuke 2024 (primary),XGBoost,1,0.8371185660362244
Azamuke 2024 (primary),XGBoost,0,0.950875461101532
Azamuke 2024 (primary),XGBoost,0,9.551605035085231e-05
Azamuke 2024 (primary),XGBoost,0,0.8619622588157654
Azamuke 2024 (primary),XGBoost,0,0.8782914280891418
Azamuke 2024 (primary),XGBoost,1,0.8536768555641174
Azamuke 2024 (primary),XGBoost,1,0.8641575574874878
Azamuke 2024 (primary),XGBoost,0,3.6447068850975484e-05
Azamuke 2024 (primary),XGBoost,1,0.7127752304077148
Azamuke 2024 (primary),XGBoost,1,0.8734355568885803
Azamuke 2024 (primary),XGBoost,0,0.0004364207270555198
Azamuke 2024 (primary),XGBoost,0,0.0027950783260166645
Azamuke 2024 (primary),XGBoost,1,0.7322012186050415
Azamuke 2024 (primary),XGBoost,1,0.7004578709602356
Azamuke 2024 (primary),XGBoost,1,0.8112049698829651
Azamuke 2024 (primary),XGBoost,1,0.7787574529647827
Azamuke 2024 (primary),XGBoost,0,0.0005997933330945671
Azamuke 2024 (primary),XGBoost,0,0.8170270323753357
Azamuke 2024 (primary),XGBoost,0,8.135903044603765e-05
Azamuke 2024 (primary),XGBoost,1,0.7771479487419128
Azamuke 2024 (primary),XGBoost,1,0.8115373849868774
Azamuke 2024 (primary),XGBoost,0,0.0012803971767425537
Azamuke 2024 (primary),XGBoost,0,6.610967830056325e-05
Azamuke 2024 (primary),XGBoost,0,0.0005981919239275157
Azamuke 2024 (primary),XGBoost,1,0.8665359020233154
Azamuke 2024 (primary),XGBoost,1,0.8722655773162842
Azamuke 2024 (primary),XGBoost,1,0.899828314781189
Azamuke 2024 (primary),XGBoost,0,6.13086303928867e-05
Azamuke 2024 (primary),XGBoost,0,0.0003081637842115015
Azamuke 2024 (primary),XGBoost,0,0.000337683450197801
Azamuke 2024 (primary),XGBoost,0,0.8654839396476746
Azamuke 2024 (primary),XGBoost,0,0.0006783358985558152
Azamuke 2024 (primary),XGBoost,0,0.7744032144546509
Azamuke 2024 (primary),XGBoost,1,0.604556679725647
Azamuke 2024 (primary),XGBoost,0,2.314554512850009e-05
Azamuke 2024 (primary),XGBoost,1,0.8611968755722046
Azamuke 2024 (primary),XGBoost,1,0.8511043787002563
Azamuke 2024 (primary),XGBoost,0,0.00014605825708713382
Azamuke 2024 (primary),XGBoost,1,0.8896486163139343
Azamuke 2024 (primary),XGBoost,1,0.8024371266365051
Azamuke 2024 (primary),XGBoost,1,0.6478460431098938
Azamuke 2024 (primary),XGBoost,0,0.0010164701379835606
Azamuke 2024 (primary),XGBoost,0,0.0002509404730517417
Azamuke 2024 (primary),XGBoost,1,0.8217085599899292
Azamuke 2024 (primary),XGBoost,1,0.7435857057571411
Azamuke 2024 (primary),XGBoost,0,0.7914992570877075
Azamuke 2024 (primary),XGBoost,0,0.00010887043026741594
Azamuke 2024 (primary),XGBoost,0,0.00046051721437834203
Azamuke 2024 (primary),XGBoost,0,6.872556696180254e-05
Azamuke 2024 (primary),XGBoost,0,0.00021641154307872057
Azamuke 2024 (primary),XGBoost,1,0.795107901096344
Azamuke 2024 (primary),XGBoost,1,0.8645282983779907
Azamuke 2024 (primary),XGBoost,0,0.00011522483691805974
Azamuke 2024 (primary),XGBoost,0,0.7756003737449646
Azamuke 2024 (primary),XGBoost,0,0.9691242575645447
Azamuke 2024 (primary),XGBoost,1,0.8575797080993652
Azamuke 2024 (primary),XGBoost,1,0.9886915683746338
Azamuke 2024 (primary),XGBoost,1,0.8234732151031494
Azamuke 2024 (primary),XGBoost,0,0.00029434330645017326
Azamuke 2024 (primary),XGBoost,1,0.5324142575263977
Azamuke 2024 (primary),XGBoost,1,0.47266608476638794
Azamuke 2024 (primary),XGBoost,0,0.0001919311616802588
Azamuke 2024 (primary),XGBoost,0,0.6547426581382751
Azamuke 2024 (primary),XGBoost,1,0.6797869801521301
Azamuke 2024 (primary),XGBoost,1,0.7550357580184937
Azamuke 2024 (primary),XGBoost,1,0.9313315749168396
Azamuke 2024 (primary),XGBoost,1,0.8655625581741333
Azamuke 2024 (primary),XGBoost,0,0.875259518623352
Azamuke 2024 (primary),XGBoost,1,0.8217164278030396
Azamuke 2024 (primary),XGBoost,1,0.571481466293335
Azamuke 2024 (primary),XGBoost,1,0.9880929589271545
Azamuke 2024 (primary),XGBoost,1,0.8604138493537903
Azamuke 2024 (primary),XGBoost,0,0.00024219266197178513
Azamuke 2024 (primary),XGBoost,0,0.0012682749656960368
Azamuke 2024 (primary),XGBoost,1,0.9592230319976807
Azamuke 2024 (primary),XGBoost,0,0.0003374884254299104
Azamuke 2024 (primary),XGBoost,0,0.0001681950525380671
Azamuke 2024 (primary),XGBoost,1,0.7499163150787354
Azamuke 2024 (primary),XGBoost,0,0.0003429787466302514
Azamuke 2024 (primary),XGBoost,0,0.7607247233390808
Azamuke 2024 (primary),XGBoost,1,0.8235489726066589
Azamuke 2024 (primary),XGBoost,1,0.8110446333885193
Azamuke 2024 (primary),XGBoost,1,0.6671507358551025
Azamuke 2024 (primary),XGBoost,0,0.00038909463910385966
Azamuke 2024 (primary),XGBoost,1,0.6642730236053467
Azamuke 2024 (primary),XGBoost,1,0.7900979518890381
Azamuke 2024 (primary),XGBoost,0,6.096994547988288e-05
Azamuke 2024 (primary),XGBoost,0,0.7302862405776978
Azamuke 2024 (primary),XGBoost,0,0.00012260382936801761
Azamuke 2024 (primary),XGBoost,1,0.9089655876159668
Azamuke 2024 (primary),XGBoost,0,0.8476250767707825
Azamuke 2024 (primary),XGBoost,0,0.7115232944488525
Azamuke 2024 (primary),XGBoost,0,0.0008531322237104177
Azamuke 2024 (primary),XGBoost,1,0.7117775082588196
Azamuke 2024 (primary),XGBoost,1,0.8441434502601624
Azamuke 2024 (primary),XGBoost,0,0.00010807346552610397
Azamuke 2024 (primary),XGBoost,0,0.0004428725806064904
Azamuke 2024 (primary),XGBoost,0,0.7707808613777161
Azamuke 2024 (primary),XGBoost,0,8.238245936809108e-05
Azamuke 2024 (primary),XGBoost,1,0.6581616997718811
Azamuke 2024 (primary),XGBoost,1,0.886407732963562
Azamuke 2024 (primary),XGBoost,0,0.00023965808213688433
Azamuke 2024 (primary),XGBoost,1,0.8429486751556396
Azamuke 2024 (primary),XGBoost,1,0.8320918083190918
Azamuke 2024 (primary),XGBoost,1,0.7777401208877563
Azamuke 2024 (primary),XGBoost,0,0.0001425575464963913
Azamuke 2024 (primary),XGBoost,1,0.8962220549583435
Azamuke 2024 (primary),XGBoost,1,0.9409136176109314
Azamuke 2024 (primary),XGBoost,0,0.7376205325126648
Azamuke 2024 (primary),XGBoost,0,0.00017120857955887914
Azamuke 2024 (primary),XGBoost,0,0.6542654633522034
Azamuke 2024 (primary),XGBoost,0,8.767865074332803e-05
Azamuke 2024 (primary),XGBoost,0,0.00012365677685011178
Azamuke 2024 (primary),XGBoost,0,0.00011127088509965688
Azamuke 2024 (primary),XGBoost,1,0.8700079321861267
Azamuke 2024 (primary),XGBoost,0,4.990863089915365e-05
Azamuke 2024 (primary),XGBoost,0,0.0006189809064380825
Azamuke 2024 (primary),XGBoost,0,0.00018718582578003407
Azamuke 2024 (primary),XGBoost,1,0.874040961265564
Azamuke 2024 (primary),XGBoost,0,0.7976464033126831
Azamuke 2024 (primary),XGBoost,0,0.0004080289218109101
Azamuke 2024 (primary),XGBoost,1,0.7168111801147461
Azamuke 2024 (primary),XGBoost,0,0.8003844618797302
Azamuke 2024 (primary),XGBoost,1,0.9444001913070679
Azamuke 2024 (primary),XGBoost,0,0.6543190479278564
Azamuke 2024 (primary),XGBoost,0,8.121647988446057e-05
Azamuke 2024 (primary),XGBoost,1,0.65977543592453
Azamuke 2024 (primary),XGBoost,1,0.865372359752655
Azamuke 2024 (primary),XGBoost,0,9.348407184006646e-05
Azamuke 2024 (primary),XGBoost,1,0.9991863369941711
Azamuke 2024 (primary),XGBoost,0,9.370361658511683e-05
Azamuke 2024 (primary),XGBoost,1,0.8184176087379456
Azamuke 2024 (primary),XGBoost,1,0.8876310586929321
Azamuke 2024 (primary),XGBoost,0,0.8453154563903809
Azamuke 2024 (primary),XGBoost,1,0.7900803089141846
Azamuke 2024 (primary),XGBoost,1,0.8905391693115234
Azamuke 2024 (primary),XGBoost,0,8.563150186091661e-05
Azamuke 2024 (primary),XGBoost,1,0.9974600672721863
Azamuke 2024 (primary),XGBoost,0,0.9028738141059875
Azamuke 2024 (primary),XGBoost,0,0.8672665357589722
Azamuke 2024 (primary),XGBoost,1,0.7483168840408325
Azamuke 2024 (primary),XGBoost,0,7.256257231347263e-05
Azamuke 2024 (primary),XGBoost,1,0.9171205163002014
Azamuke 2024 (primary),XGBoost,1,0.7507137656211853
Azamuke 2024 (primary),XGBoost,0,0.00018865421588998288
Azamuke 2024 (primary),XGBoost,1,0.5470651388168335
Azamuke 2024 (primary),XGBoost,1,0.9067360758781433
Azamuke 2024 (primary),XGBoost,1,0.9520714282989502
Azamuke 2024 (primary),XGBoost,0,0.8583167791366577
Azamuke 2024 (primary),XGBoost,1,0.8408055901527405
Azamuke 2024 (primary),XGBoost,0,0.000372272334061563
Azamuke 2024 (primary),XGBoost,0,0.0003521873732097447
Azamuke 2024 (primary),XGBoost,0,0.0012542838230729103
Azamuke 2024 (primary),XGBoost,1,0.8655648827552795
Azamuke 2024 (primary),XGBoost,1,0.8816854357719421
Azamuke 2024 (primary),XGBoost,1,0.9618256688117981
Azamuke 2024 (primary),XGBoost,0,2.2820138838142157e-05
Azamuke 2024 (primary),XGBoost,0,0.000556146667804569
Azamuke 2024 (primary),XGBoost,0,0.8948063254356384
Azamuke 2024 (primary),XGBoost,0,0.6007222533226013
Azamuke 2024 (primary),XGBoost,1,0.8576681613922119
Azamuke 2024 (primary),XGBoost,1,0.859477162361145
Azamuke 2024 (primary),XGBoost,1,0.8422117233276367
Azamuke 2024 (primary),XGBoost,1,0.7224878072738647
Azamuke 2024 (primary),XGBoost,1,0.8653838038444519
Azamuke 2024 (primary),XGBoost,1,0.8178650736808777
Azamuke 2024 (primary),XGBoost,0,0.00030165910720825195
Azamuke 2024 (primary),XGBoost,1,0.5285710096359253
Azamuke 2024 (primary),XGBoost,0,0.8332369327545166
Azamuke 2024 (primary),XGBoost,0,0.00043536029988899827
Azamuke 2024 (primary),XGBoost,0,0.8967036604881287
Azamuke 2024 (primary),XGBoost,1,0.9209269881248474
Azamuke 2024 (primary),XGBoost,0,0.00035704515175893903
Azamuke 2024 (primary),XGBoost,1,0.6257803440093994
Azamuke 2024 (primary),XGBoost,0,7.230651681311429e-05
Azamuke 2024 (primary),XGBoost,0,0.0012256415793672204
Azamuke 2024 (primary),XGBoost,0,0.9360867738723755
Azamuke 2024 (primary),XGBoost,0,0.00023717239673715085
Azamuke 2024 (primary),XGBoost,0,0.8743609189987183
Azamuke 2024 (primary),XGBoost,0,0.0005860323435626924
Azamuke 2024 (primary),XGBoost,1,0.7631040811538696
Azamuke 2024 (primary),XGBoost,1,0.7066851258277893
Azamuke 2024 (primary),XGBoost,1,0.8263247013092041
Azamuke 2024 (primary),XGBoost,0,0.0008542767609469593
Azamuke 2024 (primary),XGBoost,0,0.0003545086656231433
Azamuke 2024 (primary),XGBoost,0,0.9028986096382141
Azamuke 2024 (primary),XGBoost,1,0.8199593424797058
Azamuke 2024 (primary),XGBoost,0,0.45156756043434143
Azamuke 2024 (primary),XGBoost,1,0.7230779528617859
Azamuke 2024 (primary),XGBoost,0,9.306176070822403e-05
Azamuke 2024 (primary),XGBoost,0,0.00038247398333624005
Azamuke 2024 (primary),XGBoost,0,0.00014838430797681212
Azamuke 2024 (primary),XGBoost,1,0.5909935235977173
Azamuke 2024 (primary),XGBoost,1,0.7722433805465698
Azamuke 2024 (primary),XGBoost,0,0.00039605365600436926
Azamuke 2024 (primary),XGBoost,0,0.5579121112823486
Azamuke 2024 (primary),XGBoost,0,0.00024693604791536927
Azamuke 2024 (primary),XGBoost,1,0.8368422389030457
Azamuke 2024 (primary),XGBoost,0,0.00031348582706414163
Azamuke 2024 (primary),XGBoost,0,0.00020908632723148912
Azamuke 2024 (primary),XGBoost,0,0.0002638159494381398
Azamuke 2024 (primary),XGBoost,0,0.0001107869393308647
Azamuke 2024 (primary),XGBoost,0,0.00017069072055164725
Azamuke 2024 (primary),XGBoost,0,0.0006958257290534675
Azamuke 2024 (primary),XGBoost,1,0.6641334891319275
Azamuke 2024 (primary),XGBoost,1,0.8298954367637634
Azamuke 2024 (primary),XGBoost,0,0.0001732620585244149
Azamuke 2024 (primary),XGBoost,0,0.00016121234511956573
Azamuke 2024 (primary),XGBoost,0,0.0016093655722215772
Azamuke 2024 (primary),XGBoost,0,0.0003854746464639902
Azamuke 2024 (primary),XGBoost,0,0.00018364058632869273
Azamuke 2024 (primary),XGBoost,1,0.5943241715431213
Azamuke 2024 (primary),XGBoost,0,9.925451740855351e-05
Azamuke 2024 (primary),XGBoost,0,0.001374875195324421
Azamuke 2024 (primary),XGBoost,0,0.6581676006317139
Azamuke 2024 (primary),XGBoost,0,0.00015808219905011356
Azamuke 2024 (primary),XGBoost,1,0.6710872650146484
Azamuke 2024 (primary),XGBoost,0,0.00013336315168999135
Azamuke 2024 (primary),XGBoost,0,0.0006728977314196527
Azamuke 2024 (primary),XGBoost,0,0.575442910194397
Azamuke 2024 (primary),XGBoost,1,0.8288944959640503
Azamuke 2024 (primary),XGBoost,0,0.0003271258610766381
Azamuke 2024 (primary),XGBoost,1,0.78750079870224
Azamuke 2024 (primary),XGBoost,1,0.8754350543022156
Azamuke 2024 (primary),XGBoost,0,0.6931190490722656
Azamuke 2024 (primary),XGBoost,0,0.8180573582649231
Azamuke 2024 (primary),XGBoost,1,0.7011244893074036
Azamuke 2024 (primary),XGBoost,0,0.000956819741986692
Azamuke 2024 (primary),XGBoost,1,0.9501806497573853
Azamuke 2024 (primary),XGBoost,0,0.9112223386764526
Azamuke 2024 (primary),XGBoost,0,0.0001294654211960733
Azamuke 2024 (primary),XGBoost,0,0.00024801245308481157
Azamuke 2024 (primary),XGBoost,1,0.24929068982601166
Azamuke 2024 (primary),XGBoost,0,0.9263437986373901
Azamuke 2024 (primary),XGBoost,0,0.00015116787108127028
Azamuke 2024 (primary),XGBoost,0,0.00034939145552925766
Azamuke 2024 (primary),XGBoost,1,0.9114113450050354
Azamuke 2024 (primary),XGBoost,1,0.5339939594268799
Azamuke 2024 (primary),XGBoost,0,0.00021505539189092815
Azamuke 2024 (primary),XGBoost,1,0.8985549211502075
Azamuke 2024 (primary),XGBoost,0,0.8078716397285461
Azamuke 2024 (primary),XGBoost,0,0.00016814038099255413
Azamuke 2024 (primary),XGBoost,1,0.7321191430091858
Azamuke 2024 (primary),XGBoost,0,7.29854145902209e-05
Azamuke 2024 (primary),XGBoost,1,0.846019983291626
Azamuke 2024 (primary),XGBoost,1,0.8033531308174133
Azamuke 2024 (primary),XGBoost,0,0.000230179910431616
Azamuke 2024 (primary),XGBoost,1,0.8727473020553589
Azamuke 2024 (primary),XGBoost,0,0.0002439784148009494
Azamuke 2024 (primary),XGBoost,1,0.8884689807891846
Azamuke 2024 (primary),XGBoost,1,0.6517276167869568
Azamuke 2024 (primary),XGBoost,0,0.00023771256383042783
Azamuke 2024 (primary),XGBoost,1,0.852838933467865
Azamuke 2024 (primary),XGBoost,0,0.7660833597183228
Azamuke 2024 (primary),XGBoost,0,0.00019241674453951418
Azamuke 2024 (primary),XGBoost,0,0.6488543152809143
Azamuke 2024 (primary),XGBoost,1,0.7847047448158264
Azamuke 2024 (primary),XGBoost,1,0.9309433102607727
Azamuke 2024 (primary),XGBoost,1,0.49497368931770325
Azamuke 2024 (primary),XGBoost,1,0.7862107157707214
Azamuke 2024 (primary),XGBoost,0,0.7378008961677551
Azamuke 2024 (primary),XGBoost,0,0.9684876203536987
Azamuke 2024 (primary),XGBoost,0,6.74562543281354e-05
Azamuke 2024 (primary),XGBoost,0,0.0003121976333204657
Azamuke 2024 (primary),XGBoost,1,0.7609566450119019
Azamuke 2024 (primary),XGBoost,0,0.00016084490926004946
Azamuke 2024 (primary),XGBoost,0,0.0008727037929929793
Azamuke 2024 (primary),XGBoost,0,0.0002140174910891801
Azamuke 2024 (primary),XGBoost,0,0.00016613364277873188
Azamuke 2024 (primary),XGBoost,1,0.9175464510917664
Azamuke 2024 (primary),XGBoost,1,0.7858708500862122
Azamuke 2024 (primary),XGBoost,0,0.00027923035668209195
Azamuke 2024 (primary),XGBoost,1,0.9578473567962646
Azamuke 2024 (primary),XGBoost,0,0.41884535551071167
Azamuke 2024 (primary),XGBoost,0,0.7688916325569153
Azamuke 2024 (primary),XGBoost,0,0.0004441560886334628
Azamuke 2024 (primary),XGBoost,0,0.8546877503395081
Azamuke 2024 (primary),XGBoost,1,0.5664573907852173
Azamuke 2024 (primary),XGBoost,1,0.9030100107192993
Azamuke 2024 (primary),XGBoost,1,0.9909964799880981
Azamuke 2024 (primary),XGBoost,1,0.6397569179534912
Azamuke 2024 (primary),XGBoost,0,0.0003589297120925039
Azamuke 2024 (primary),XGBoost,1,0.9530623555183411
Azamuke 2024 (primary),XGBoost,0,0.0006435211980715394
Azamuke 2024 (primary),XGBoost,1,0.9864178895950317
Azamuke 2024 (primary),XGBoost,0,3.690306402859278e-05
Azamuke 2024 (primary),XGBoost,1,0.9924769997596741
Azamuke 2024 (primary),XGBoost,0,5.638587026624009e-05
Azamuke 2024 (primary),XGBoost,0,0.7117667198181152
Azamuke 2024 (primary),XGBoost,0,0.00024813259369693696
Azamuke 2024 (primary),XGBoost,1,0.9981127977371216
Azamuke 2024 (primary),XGBoost,1,0.8914341926574707
Azamuke 2024 (primary),XGBoost,0,0.0004922958905808628
Azamuke 2024 (primary),XGBoost,0,0.8109145760536194
Azamuke 2024 (primary),XGBoost,1,0.8208890557289124
Azamuke 2024 (primary),XGBoost,0,0.00026936997892335057
Azamuke 2024 (primary),XGBoost,1,0.8208829760551453
Azamuke 2024 (primary),XGBoost,1,0.7321569919586182
Azamuke 2024 (primary),XGBoost,0,5.919499380979687e-05
Azamuke 2024 (primary),XGBoost,0,0.0005102027207612991
Azamuke 2024 (primary),XGBoost,1,0.8900005221366882
Azamuke 2024 (primary),XGBoost,0,0.00011540295963641256
Azamuke 2024 (primary),XGBoost,1,0.5347749590873718
Azamuke 2024 (primary),XGBoost,0,0.00014492621994577348
Azamuke 2024 (primary),XGBoost,0,0.0007373776170425117
Azamuke 2024 (primary),XGBoost,1,0.8513720631599426
Azamuke 2024 (primary),XGBoost,0,0.4532165229320526
Azamuke 2024 (primary),XGBoost,1,0.8446594476699829
Azamuke 2024 (primary),XGBoost,1,0.758775532245636
Azamuke 2024 (primary),XGBoost,1,0.6184218525886536
Azamuke 2024 (primary),XGBoost,1,0.9183820486068726
Azamuke 2024 (primary),XGBoost,0,0.0001971461169887334
Azamuke 2024 (primary),XGBoost,1,0.6474224925041199
Azamuke 2024 (primary),XGBoost,0,0.00011561719293240458
Azamuke 2024 (primary),XGBoost,0,0.00025156859192065895
Azamuke 2024 (primary),XGBoost,0,0.00014872483734507114
Azamuke 2024 (primary),XGBoost,0,0.876297652721405
Azamuke 2024 (primary),XGBoost,1,0.8547229170799255
Azamuke 2024 (primary),XGBoost,0,0.00010421372280688956
Azamuke 2024 (primary),XGBoost,1,0.7584641575813293
Azamuke 2024 (primary),XGBoost,0,0.00016259495168924332
Azamuke 2024 (primary),XGBoost,0,0.6566978096961975
Azamuke 2024 (primary),XGBoost,0,0.0002691720437724143
Azamuke 2024 (primary),XGBoost,0,0.9004247188568115
Azamuke 2024 (primary),XGBoost,0,0.0008815997862257063
Azamuke 2024 (primary),XGBoost,1,0.6963250041007996
Azamuke 2024 (primary),XGBoost,0,0.00014333064609672874
Azamuke 2024 (primary),XGBoost,1,0.674686849117279
Azamuke 2024 (primary),XGBoost,1,0.9632717967033386
Azamuke 2024 (primary),XGBoost,1,0.7208486199378967
Azamuke 2024 (primary),XGBoost,1,0.9334555864334106
Azamuke 2024 (primary),XGBoost,0,0.0011471020989120007
Azamuke 2024 (primary),XGBoost,0,0.0002131129876943305
Azamuke 2024 (primary),XGBoost,0,8.213020191760734e-05
Azamuke 2024 (primary),XGBoost,1,0.665077805519104
Azamuke 2024 (primary),XGBoost,0,0.00015312900359276682
Azamuke 2024 (primary),XGBoost,0,0.0006551257101818919
Azamuke 2024 (primary),XGBoost,0,0.0005101368296891451
Azamuke 2024 (primary),XGBoost,1,0.637378454208374
Azamuke 2024 (primary),XGBoost,1,0.919874906539917
Azamuke 2024 (primary),XGBoost,0,0.8961089253425598
Azamuke 2024 (primary),XGBoost,1,0.9351796507835388
Azamuke 2024 (primary),XGBoost,0,8.707698725629598e-05
Azamuke 2024 (primary),XGBoost,0,0.0001237977558048442
Azamuke 2024 (primary),XGBoost,1,0.7010325789451599
Azamuke 2024 (primary),XGBoost,1,0.9971862435340881
Azamuke 2024 (primary),XGBoost,0,0.8149954676628113
Azamuke 2024 (primary),XGBoost,0,0.7607643008232117
Azamuke 2024 (primary),XGBoost,1,0.8615214228630066
Azamuke 2024 (primary),XGBoost,0,0.0003461786836851388
Azamuke 2024 (primary),XGBoost,1,0.8009931445121765
Azamuke 2024 (primary),XGBoost,1,0.8790684342384338
Azamuke 2024 (primary),XGBoost,1,0.8050512075424194
Azamuke 2024 (primary),XGBoost,1,0.7966938614845276
Azamuke 2024 (primary),XGBoost,0,0.00018434127559885383
Azamuke 2024 (primary),XGBoost,1,0.8567610383033752
Azamuke 2024 (primary),XGBoost,1,0.9048606157302856
Azamuke 2024 (primary),XGBoost,0,0.6976341605186462
Azamuke 2024 (primary),XGBoost,0,0.00020772061543539166
Azamuke 2024 (primary),XGBoost,1,0.812100887298584
Azamuke 2024 (primary),XGBoost,1,0.8746296763420105
Azamuke 2024 (primary),XGBoost,1,0.9685816764831543
Azamuke 2024 (primary),XGBoost,0,9.262060484616086e-05
Azamuke 2024 (primary),XGBoost,1,0.6924616098403931
Azamuke 2024 (primary),XGBoost,0,0.0003410593781154603
Azamuke 2024 (primary),XGBoost,0,0.823931872844696
Azamuke 2024 (primary),XGBoost,0,0.0002821206580847502
Azamuke 2024 (primary),XGBoost,1,0.8249520063400269
Azamuke 2024 (primary),XGBoost,0,0.9031528234481812
Azamuke 2024 (primary),XGBoost,0,0.00020878612122032791
Azamuke 2024 (primary),XGBoost,0,0.00012712337775155902
Azamuke 2024 (primary),XGBoost,1,0.9779415726661682
Azamuke 2024 (primary),XGBoost,1,0.9198949933052063
Azamuke 2024 (primary),XGBoost,1,0.9762228727340698
Azamuke 2024 (primary),XGBoost,1,0.8352872729301453
Azamuke 2024 (primary),XGBoost,1,0.8304621577262878
Azamuke 2024 (primary),XGBoost,1,0.835831344127655
Azamuke 2024 (primary),XGBoost,0,0.00021240256319288164
Azamuke 2024 (primary),XGBoost,1,0.8595299124717712
Azamuke 2024 (primary),XGBoost,0,0.0003800256527028978
Azamuke 2024 (primary),XGBoost,0,0.0001596134970895946
Azamuke 2024 (primary),XGBoost,1,0.8928039073944092
Azamuke 2024 (primary),XGBoost,1,0.6732856631278992
Azamuke 2024 (primary),XGBoost,0,0.0004162081459071487
Azamuke 2024 (primary),XGBoost,0,8.240218448918313e-05
Azamuke 2024 (primary),XGBoost,1,0.8435395956039429
Azamuke 2024 (primary),XGBoost,0,0.000213256265851669
Azamuke 2024 (primary),XGBoost,0,7.361120515270159e-05
Azamuke 2024 (primary),XGBoost,0,0.0004378103476483375
Azamuke 2024 (primary),XGBoost,1,0.5706742405891418
Azamuke 2024 (primary),XGBoost,1,0.8280306458473206
Azamuke 2024 (primary),XGBoost,1,0.8037571310997009
Azamuke 2024 (primary),XGBoost,0,0.565088152885437
Azamuke 2024 (primary),XGBoost,1,0.8241713643074036
Azamuke 2024 (primary),XGBoost,1,0.8789797425270081
Azamuke 2024 (primary),XGBoost,1,0.94153892993927
Azamuke 2024 (primary),XGBoost,1,0.7545149326324463
Azamuke 2024 (primary),XGBoost,1,0.8866872787475586
Azamuke 2024 (primary),XGBoost,0,0.0007399102323688567
Azamuke 2024 (primary),XGBoost,0,0.9840940833091736
Azamuke 2024 (primary),XGBoost,1,0.6684797406196594
Azamuke 2024 (primary),XGBoost,0,0.9012999534606934
Azamuke 2024 (primary),XGBoost,1,0.931580662727356
Azamuke 2024 (primary),XGBoost,0,0.00025342684239149094
Azamuke 2024 (primary),XGBoost,0,0.00015864000306464732
Azamuke 2024 (primary),XGBoost,0,0.25506797432899475
Azamuke 2024 (primary),XGBoost,1,0.8047872185707092
Azamuke 2024 (primary),XGBoost,1,0.6984556913375854
Azamuke 2024 (primary),XGBoost,0,0.00012733326002489775
Azamuke 2024 (primary),XGBoost,1,0.7417951822280884
Azamuke 2024 (primary),XGBoost,1,0.8076521754264832
Azamuke 2024 (primary),XGBoost,1,0.9997283816337585
Azamuke 2024 (primary),XGBoost,1,0.412296324968338
Azamuke 2024 (primary),XGBoost,1,0.8615939617156982
Azamuke 2024 (primary),XGBoost,0,0.000132447894429788
Azamuke 2024 (primary),XGBoost,0,0.799224853515625
Azamuke 2024 (primary),XGBoost,1,0.8128690719604492
Azamuke 2024 (primary),XGBoost,0,6.137478339951485e-05
Azamuke 2024 (primary),XGBoost,0,0.5120651125907898
Azamuke 2024 (primary),XGBoost,0,0.0007747539784759283
Azamuke 2024 (primary),XGBoost,0,0.7658542394638062
Azamuke 2024 (primary),XGBoost,0,0.00029390054987743497
Azamuke 2024 (primary),XGBoost,1,0.638500452041626
Azamuke 2024 (primary),XGBoost,1,0.916077196598053
Azamuke 2024 (primary),XGBoost,0,0.8429756760597229
Azamuke 2024 (primary),XGBoost,1,0.7459972500801086
Azamuke 2024 (primary),XGBoost,1,0.9876362681388855
Azamuke 2024 (primary),XGBoost,1,0.8846901655197144
Azamuke 2024 (primary),XGBoost,0,9.415424574399367e-05
Azamuke 2024 (primary),XGBoost,0,9.396292443852872e-05
Azamuke 2024 (primary),XGBoost,0,0.0011921472614631057
Azamuke 2024 (primary),XGBoost,0,0.0002060121187241748
Azamuke 2024 (primary),XGBoost,1,0.8768466711044312
Azamuke 2024 (primary),XGBoost,0,0.9402563571929932
Azamuke 2024 (primary),XGBoost,0,0.8572202920913696
Azamuke 2024 (primary),XGBoost,0,0.8522683382034302
Azamuke 2024 (primary),XGBoost,1,0.8243645429611206
Azamuke 2024 (primary),XGBoost,1,0.8653049468994141
Azamuke 2024 (primary),XGBoost,0,0.000426413316745311
Azamuke 2024 (primary),XGBoost,1,0.9397811889648438
Azamuke 2024 (primary),XGBoost,0,0.7304509282112122
Azamuke 2024 (primary),XGBoost,1,0.7345000505447388
Azamuke 2024 (primary),XGBoost,1,0.8951985239982605
Azamuke 2024 (primary),XGBoost,1,0.8512455821037292
Azamuke 2024 (primary),XGBoost,1,0.6643697023391724
Azamuke 2024 (primary),XGBoost,1,0.9283430576324463
Azamuke 2024 (primary),XGBoost,0,0.0005168638890609145
Azamuke 2024 (primary),XGBoost,1,0.7990493774414062
Azamuke 2024 (primary),XGBoost,1,0.9930520057678223
Azamuke 2024 (primary),XGBoost,1,0.7746878862380981
Azamuke 2024 (primary),XGBoost,1,0.818848729133606
Azamuke 2024 (primary),XGBoost,1,0.8665937185287476
Azamuke 2024 (primary),XGBoost,0,0.00011908704618690535
Azamuke 2024 (primary),XGBoost,1,0.9977641105651855
Azamuke 2024 (primary),XGBoost,1,0.37420082092285156
Azamuke 2024 (primary),XGBoost,0,0.0003709344600792974
Azamuke 2024 (primary),XGBoost,0,0.00037039347807876766
Azamuke 2024 (primary),XGBoost,1,0.6247357726097107
Azamuke 2024 (primary),XGBoost,1,0.7671113610267639
Azamuke 2024 (primary),XGBoost,1,0.5540645718574524
Azamuke 2024 (primary),XGBoost,0,0.5841729640960693
Azamuke 2024 (primary),XGBoost,1,0.9718725681304932
Azamuke 2024 (primary),XGBoost,0,0.00023827122640796006
Azamuke 2024 (primary),XGBoost,1,0.8118848204612732
Azamuke 2024 (primary),XGBoost,0,0.0001388550881529227
Azamuke 2024 (primary),XGBoost,1,0.8710982203483582
Azamuke 2024 (primary),XGBoost,1,0.850920557975769
Azamuke 2024 (primary),XGBoost,0,7.945942343212664e-05
Azamuke 2024 (primary),XGBoost,0,0.0006410634377971292
Azamuke 2024 (primary),XGBoost,1,0.9043461084365845
Azamuke 2024 (primary),XGBoost,0,0.806074857711792
Azamuke 2024 (primary),XGBoost,1,0.9456942677497864
Azamuke 2024 (primary),XGBoost,1,0.6156484484672546
Azamuke 2024 (primary),XGBoost,0,0.8156788945198059
Azamuke 2024 (primary),XGBoost,1,0.7367488741874695
Azamuke 2024 (primary),XGBoost,0,0.00023109141329769045
Azamuke 2024 (primary),XGBoost,1,0.6836500763893127
Azamuke 2024 (primary),XGBoost,0,0.00036764892865903676
Azamuke 2024 (primary),XGBoost,0,7.776136044412851e-05
Azamuke 2024 (primary),XGBoost,1,0.7291417121887207
Azamuke 2024 (primary),XGBoost,0,0.00027158643933944404
Azamuke 2024 (primary),XGBoost,0,0.0005993692902848125
Azamuke 2024 (primary),XGBoost,0,0.8798631429672241
Azamuke 2024 (primary),XGBoost,1,0.8294746279716492
Azamuke 2024 (primary),XGBoost,1,0.7600804567337036
Azamuke 2024 (primary),XGBoost,1,0.7749841213226318
Azamuke 2024 (primary),XGBoost,0,0.00042017450323328376
Azamuke 2024 (primary),XGBoost,1,0.7116116285324097
Azamuke 2024 (primary),XGBoost,0,0.00022210546012502164
Azamuke 2024 (primary),XGBoost,0,4.665205779019743e-05
Azamuke 2024 (primary),XGBoost,0,0.00026493208133615553
Azamuke 2024 (primary),XGBoost,0,0.004456030670553446
Azamuke 2024 (primary),XGBoost,1,0.8464035391807556
Azamuke 2024 (primary),XGBoost,0,0.0006950615206733346
Azamuke 2024 (primary),XGBoost,0,0.00036975700641050935
Azamuke 2024 (primary),XGBoost,0,0.0002593740646261722
Azamuke 2024 (primary),XGBoost,1,0.913300633430481
Azamuke 2024 (primary),XGBoost,0,0.00012062284076819196
Azamuke 2024 (primary),XGBoost,0,0.0002886697475332767
Azamuke 2024 (primary),XGBoost,0,0.6240496039390564
Azamuke 2024 (primary),XGBoost,1,0.9969416260719299
Azamuke 2024 (primary),XGBoost,1,0.8733853697776794
Azamuke 2024 (primary),XGBoost,1,0.8782548308372498
Azamuke 2024 (primary),XGBoost,1,0.8168707489967346
Azamuke 2024 (primary),XGBoost,1,0.7909055352210999
Azamuke 2024 (primary),XGBoost,1,0.7869875431060791
Azamuke 2024 (primary),XGBoost,0,0.0005025072023272514
Azamuke 2024 (primary),XGBoost,0,0.0004552321624942124
Azamuke 2024 (primary),XGBoost,1,0.954477071762085
Azamuke 2024 (primary),XGBoost,1,0.849261462688446
Azamuke 2024 (primary),XGBoost,1,0.7821495532989502
Azamuke 2024 (primary),XGBoost,0,0.00010159805970033631
Azamuke 2024 (primary),XGBoost,1,0.827958881855011
Azamuke 2024 (primary),XGBoost,0,0.00018903703312389553
Azamuke 2024 (primary),XGBoost,0,0.0002588098286651075
Azamuke 2024 (primary),XGBoost,0,0.0003289384476374835
Azamuke 2024 (primary),XGBoost,1,0.8164095282554626
Azamuke 2024 (primary),XGBoost,1,0.7969770431518555
Azamuke 2024 (primary),XGBoost,1,0.79493647813797
Azamuke 2024 (primary),XGBoost,0,0.0008200969314202666
Azamuke 2024 (primary),XGBoost,0,0.8330772519111633
Azamuke 2024 (primary),XGBoost,1,0.5084144473075867
Azamuke 2024 (primary),XGBoost,0,0.000165175020811148
Azamuke 2024 (primary),XGBoost,1,0.8058483600616455
Azamuke 2024 (primary),XGBoost,0,0.0002883737615775317
Azamuke 2024 (primary),XGBoost,0,0.0003709820448420942
Azamuke 2024 (primary),XGBoost,1,0.8769531846046448
Azamuke 2024 (primary),XGBoost,1,0.7917488813400269
Azamuke 2024 (primary),XGBoost,0,0.00041640771087259054
Azamuke 2024 (primary),XGBoost,0,0.00027824786957353354
Azamuke 2024 (primary),XGBoost,1,0.7100280523300171
Azamuke 2024 (primary),XGBoost,0,0.911143958568573
Azamuke 2024 (primary),XGBoost,1,0.8072697520256042
Azamuke 2024 (primary),XGBoost,1,0.887077271938324
Azamuke 2024 (primary),XGBoost,1,0.8953930735588074
Azamuke 2024 (primary),XGBoost,1,0.5925248861312866
Azamuke 2024 (primary),XGBoost,1,0.938591718673706
Azamuke 2024 (primary),XGBoost,0,0.8853856921195984
Azamuke 2024 (primary),XGBoost,1,0.6982125043869019
Azamuke 2024 (primary),XGBoost,1,0.8652286529541016
Azamuke 2024 (primary),XGBoost,0,0.7661436796188354
Azamuke 2024 (primary),XGBoost,0,0.000154466149979271
Azamuke 2024 (primary),XGBoost,1,0.9913347363471985
Azamuke 2024 (primary),XGBoost,0,0.738342821598053
Azamuke 2024 (primary),XGBoost,0,0.00011279855971224606
Azamuke 2024 (primary),XGBoost,0,2.970011883007828e-05
Azamuke 2024 (primary),XGBoost,1,0.9064087271690369
Azamuke 2024 (primary),XGBoost,1,0.7231554985046387
Azamuke 2024 (primary),XGBoost,0,0.0001537093339720741
Azamuke 2024 (primary),XGBoost,1,0.9116498231887817
Azamuke 2024 (primary),XGBoost,0,0.0002852406760212034
Azamuke 2024 (primary),XGBoost,1,0.4778161346912384
Azamuke 2024 (primary),XGBoost,0,0.0003661704249680042
Azamuke 2024 (primary),XGBoost,0,0.0005082330317236483
Azamuke 2024 (primary),XGBoost,1,0.9074613451957703
Azamuke 2024 (primary),XGBoost,0,0.0001523934188298881
Azamuke 2024 (primary),XGBoost,0,0.000371230038581416
Azamuke 2024 (primary),XGBoost,1,0.8545322418212891
Azamuke 2024 (primary),XGBoost,1,0.8983989357948303
Azamuke 2024 (primary),XGBoost,1,0.8264480233192444
Azamuke 2024 (primary),XGBoost,1,0.8699417114257812
Azamuke 2024 (primary),XGBoost,1,0.9382430911064148
Azamuke 2024 (primary),XGBoost,0,0.0004741010197903961
Azamuke 2024 (primary),XGBoost,1,0.8455964922904968
Azamuke 2024 (primary),XGBoost,1,0.8041282296180725
Azamuke 2024 (primary),XGBoost,0,0.892769992351532
Azamuke 2024 (primary),XGBoost,1,0.5343818664550781
Azamuke 2024 (primary),XGBoost,1,0.7116109728813171
Azamuke 2024 (primary),XGBoost,1,0.925234317779541
Azamuke 2024 (primary),XGBoost,1,0.6355416178703308
Azamuke 2024 (primary),XGBoost,0,0.7887377738952637
Azamuke 2024 (primary),XGBoost,0,0.0001075883410521783
Azamuke 2024 (primary),XGBoost,1,0.8766195178031921
Azamuke 2024 (primary),XGBoost,1,0.7627186179161072
Azamuke 2024 (primary),XGBoost,1,0.8798993825912476
Azamuke 2024 (primary),XGBoost,1,0.8458251357078552
Azamuke 2024 (primary),XGBoost,0,0.00046904783812351525
Azamuke 2024 (primary),XGBoost,0,0.0001334131375188008
Azamuke 2024 (primary),XGBoost,1,0.8453643321990967
Azamuke 2024 (primary),XGBoost,1,0.9495172500610352
Azamuke 2024 (primary),XGBoost,0,0.0002424498088657856
Azamuke 2024 (primary),XGBoost,0,0.00046076049329712987
Azamuke 2024 (primary),XGBoost,1,0.8129454851150513
Azamuke 2024 (primary),XGBoost,1,0.6142259836196899
Azamuke 2024 (primary),XGBoost,0,0.00023021262313704938
Azamuke 2024 (primary),XGBoost,0,0.00020677666179835796
Azamuke 2024 (primary),XGBoost,1,0.6943183541297913
Azamuke 2024 (primary),XGBoost,1,0.8586316704750061
Azamuke 2024 (primary),XGBoost,1,0.8167918920516968
Azamuke 2024 (primary),XGBoost,1,0.9335095286369324
Azamuke 2024 (primary),XGBoost,0,8.652687392896041e-05
Azamuke 2024 (primary),XGBoost,1,0.7987650036811829
Azamuke 2024 (primary),XGBoost,1,0.8813101649284363
Azamuke 2024 (primary),XGBoost,0,7.50751860323362e-05
Azamuke 2024 (primary),XGBoost,0,0.0005121324211359024
Azamuke 2024 (primary),XGBoost,0,0.5730465054512024
Azamuke 2024 (primary),XGBoost,1,0.9247467517852783
Azamuke 2024 (primary),XGBoost,0,0.00035707902861759067
Azamuke 2024 (primary),XGBoost,1,0.8921771049499512
Azamuke 2024 (primary),XGBoost,1,0.7871744632720947
Azamuke 2024 (primary),XGBoost,1,0.8104566335678101
Azamuke 2024 (primary),XGBoost,1,0.7486464977264404
Azamuke 2024 (primary),XGBoost,1,0.847248375415802
Azamuke 2024 (primary),XGBoost,1,0.8818784952163696
Azamuke 2024 (primary),XGBoost,1,0.6248980760574341
Azamuke 2024 (primary),XGBoost,0,0.00011697832815116271
Azamuke 2024 (primary),XGBoost,0,0.9062690734863281
Azamuke 2024 (primary),XGBoost,0,0.8929263353347778
Azamuke 2024 (primary),XGBoost,0,0.00034674894413910806
Azamuke 2024 (primary),XGBoost,0,0.0018581190379336476
Azamuke 2024 (primary),XGBoost,1,0.8572204113006592
Azamuke 2024 (primary),XGBoost,0,5.717854219255969e-05
Azamuke 2024 (primary),XGBoost,0,9.741749818203971e-05
Azamuke 2024 (primary),XGBoost,1,0.8575437664985657
Azamuke 2024 (primary),XGBoost,0,0.00018740103405434638
Azamuke 2024 (primary),XGBoost,1,0.7454771995544434
Azamuke 2024 (primary),XGBoost,1,0.7905355095863342
Azamuke 2024 (primary),XGBoost,0,4.681669088313356e-05
Azamuke 2024 (primary),XGBoost,1,0.6606664657592773
Azamuke 2024 (primary),XGBoost,1,0.8585790395736694
Azamuke 2024 (primary),XGBoost,0,7.908606494311243e-05
Azamuke 2024 (primary),XGBoost,1,0.7719288468360901
Azamuke 2024 (primary),XGBoost,0,0.7211140394210815
Azamuke 2024 (primary),XGBoost,1,0.7167451977729797
Azamuke 2024 (primary),XGBoost,0,0.7909128069877625
Azamuke 2024 (primary),XGBoost,0,0.8754594922065735
Azamuke 2024 (primary),XGBoost,0,0.0006413470255210996
Azamuke 2024 (primary),XGBoost,1,0.9977568984031677
Azamuke 2024 (primary),XGBoost,1,0.8928180932998657
Azamuke 2024 (primary),XGBoost,1,0.9922106266021729
Azamuke 2024 (primary),XGBoost,1,0.9087405800819397
Azamuke 2024 (primary),XGBoost,1,0.7773246765136719
Azamuke 2024 (primary),XGBoost,0,0.00023789439001120627
Azamuke 2024 (primary),XGBoost,0,0.0009130120743066072
Azamuke 2024 (primary),XGBoost,1,0.9895879030227661
Azamuke 2024 (primary),XGBoost,0,0.8939502835273743
Azamuke 2024 (primary),XGBoost,0,0.0006420084391720593
Azamuke 2024 (primary),XGBoost,0,0.9128976464271545
Azamuke 2024 (primary),XGBoost,0,0.00024248793488368392
Azamuke 2024 (primary),XGBoost,1,0.5516454577445984
Azamuke 2024 (primary),XGBoost,1,0.7883212566375732
Azamuke 2024 (primary),XGBoost,1,0.9294369220733643
Azamuke 2024 (primary),XGBoost,0,0.0001319386501563713
Azamuke 2024 (primary),XGBoost,1,0.998579740524292
Azamuke 2024 (primary),XGBoost,0,0.00034326728200539947
Azamuke 2024 (primary),XGBoost,1,0.8227437734603882
Azamuke 2024 (primary),XGBoost,0,0.00019309550407342613
Azamuke 2024 (primary),XGBoost,0,2.7710395443136804e-05
Azamuke 2024 (primary),XGBoost,0,0.9065726399421692
Azamuke 2024 (primary),XGBoost,1,0.8869636058807373
Azamuke 2024 (primary),XGBoost,0,0.7273260951042175
Azamuke 2024 (primary),XGBoost,0,0.0008321135537698865
Azamuke 2024 (primary),XGBoost,0,0.8891546726226807
Azamuke 2024 (primary),XGBoost,1,0.9057302474975586
Azamuke 2024 (primary),XGBoost,0,0.6984908580780029
Azamuke 2024 (primary),XGBoost,0,0.0003035933477804065
Azamuke 2024 (primary),XGBoost,1,0.5625974535942078
Azamuke 2024 (primary),XGBoost,1,0.9990239143371582
Azamuke 2024 (primary),XGBoost,0,0.39004945755004883
Azamuke 2024 (primary),XGBoost,0,0.00023754897119943053
Azamuke 2024 (primary),XGBoost,1,0.7842682600021362
Azamuke 2024 (primary),XGBoost,1,0.894614040851593
Azamuke 2024 (primary),XGBoost,1,0.9784506559371948
Azamuke 2024 (primary),XGBoost,0,0.0008800371433608234
Azamuke 2024 (primary),XGBoost,0,6.705655687255785e-05
Azamuke 2024 (primary),XGBoost,0,0.0003145132213830948
Azamuke 2024 (primary),XGBoost,1,0.8324586153030396
Azamuke 2024 (primary),XGBoost,1,0.9864253997802734
Azamuke 2024 (primary),XGBoost,0,0.6976984143257141
Azamuke 2024 (primary),XGBoost,1,0.8465195298194885
Azamuke 2024 (primary),XGBoost,0,0.000285696005448699
Azamuke 2024 (primary),XGBoost,1,0.7004939317703247
Azamuke 2024 (primary),XGBoost,0,0.00012133333802921697
Azamuke 2024 (primary),XGBoost,1,0.6279862523078918
Azamuke 2024 (primary),XGBoost,0,0.0014012206811457872
Azamuke 2024 (primary),XGBoost,0,0.00016849297389853746
Azamuke 2024 (primary),XGBoost,1,0.649267852306366
Azamuke 2024 (primary),XGBoost,1,0.863624095916748
Azamuke 2024 (primary),XGBoost,1,0.9863302707672119
Azamuke 2024 (primary),XGBoost,0,3.518004814395681e-05
Azamuke 2024 (primary),XGBoost,1,0.9948776960372925
Azamuke 2024 (primary),XGBoost,0,0.8427363634109497
Azamuke 2024 (primary),XGBoost,1,0.7179424166679382
Azamuke 2024 (primary),XGBoost,0,0.00017488468438386917
Azamuke 2024 (primary),XGBoost,1,0.8979530334472656
Azamuke 2024 (primary),XGBoost,1,0.869333803653717
Azamuke 2024 (primary),XGBoost,0,0.00026077328948304057
Azamuke 2024 (primary),XGBoost,1,0.8035354614257812
Azamuke 2024 (primary),XGBoost,0,0.7844693660736084
Azamuke 2024 (primary),XGBoost,1,0.7431187033653259
Azamuke 2024 (primary),XGBoost,1,0.7857382893562317
Azamuke 2024 (primary),XGBoost,0,0.0003951679391320795
Azamuke 2024 (primary),XGBoost,0,0.0001975612249225378
Azamuke 2024 (primary),XGBoost,0,0.0004583472036756575
Azamuke 2024 (primary),XGBoost,0,6.0959246184211224e-05
Azamuke 2024 (primary),XGBoost,0,0.0010494906455278397
Azamuke 2024 (primary),XGBoost,0,0.0005881094257347286
Azamuke 2024 (primary),XGBoost,1,0.9106292128562927
Azamuke 2024 (primary),XGBoost,1,0.9870914220809937
Azamuke 2024 (primary),XGBoost,1,0.8791684508323669
Azamuke 2024 (primary),XGBoost,1,0.8473339080810547
Azamuke 2024 (primary),XGBoost,1,0.7351396083831787
Azamuke 2024 (primary),XGBoost,1,0.5809547901153564
Azamuke 2024 (primary),XGBoost,0,0.00043651825399138033
Azamuke 2024 (primary),XGBoost,1,0.8299678564071655
Azamuke 2024 (primary),XGBoost,1,0.8768118619918823
Azamuke 2024 (primary),XGBoost,1,0.9560935497283936
Azamuke 2024 (primary),XGBoost,0,0.0004525256808847189
Azamuke 2024 (primary),XGBoost,1,0.8882153034210205
Azamuke 2024 (primary),XGBoost,1,0.8925290107727051
Azamuke 2024 (primary),XGBoost,1,0.742276668548584
Azamuke 2024 (primary),XGBoost,1,0.7153027057647705
Azamuke 2024 (primary),XGBoost,0,0.7440651059150696
Azamuke 2024 (primary),XGBoost,0,7.571130845462903e-05
Azamuke 2024 (primary),XGBoost,1,0.8568520545959473
Azamuke 2024 (primary),XGBoost,0,9.480038715992123e-05
Azamuke 2024 (primary),XGBoost,1,0.9499730467796326
Azamuke 2024 (primary),XGBoost,1,0.8292137384414673
Azamuke 2024 (primary),XGBoost,0,7.241913408506662e-05
Azamuke 2024 (primary),XGBoost,1,0.712995707988739
Azamuke 2024 (primary),XGBoost,1,0.8384982943534851
Azamuke 2024 (primary),XGBoost,1,0.840472936630249
Azamuke 2024 (primary),XGBoost,1,0.7730194926261902
Azamuke 2024 (primary),XGBoost,1,0.9243606328964233
Azamuke 2024 (primary),XGBoost,1,0.9387244582176208
Azamuke 2024 (primary),XGBoost,0,0.00017765769734978676
Azamuke 2024 (primary),XGBoost,0,0.0011888082372024655
Azamuke 2024 (primary),XGBoost,1,0.9938123226165771
Azamuke 2024 (primary),XGBoost,1,0.6985081434249878
Azamuke 2024 (primary),XGBoost,1,0.7060967087745667
Azamuke 2024 (primary),XGBoost,1,0.9701718091964722
Azamuke 2024 (primary),XGBoost,0,0.00030219220207072794
Azamuke 2024 (primary),XGBoost,0,0.00013232418859843165
Azamuke 2024 (primary),XGBoost,0,0.00022590626031160355
Azamuke 2024 (primary),XGBoost,1,0.8881925940513611
Azamuke 2024 (primary),XGBoost,1,0.8718782067298889
Azamuke 2024 (primary),XGBoost,0,0.9142743349075317
Azamuke 2024 (primary),XGBoost,1,0.5220043063163757
Azamuke 2024 (primary),XGBoost,0,0.000311038427753374
Azamuke 2024 (primary),XGBoost,0,4.436293966136873e-05
Azamuke 2024 (primary),XGBoost,1,0.8320958018302917
Azamuke 2024 (primary),XGBoost,1,0.8687650561332703
Azamuke 2024 (primary),XGBoost,1,0.7828773260116577
Azamuke 2024 (primary),XGBoost,0,0.0005783179658465087
Azamuke 2024 (primary),XGBoost,1,0.5743175148963928
Azamuke 2024 (primary),XGBoost,1,0.9282782077789307
Azamuke 2024 (primary),XGBoost,0,0.0007501234649680555
Azamuke 2024 (primary),XGBoost,0,0.878341555595398
Azamuke 2024 (primary),XGBoost,1,0.8950219750404358
Azamuke 2024 (primary),XGBoost,1,0.9954719543457031
Azamuke 2024 (primary),XGBoost,0,0.00020990389748476446
Azamuke 2024 (primary),XGBoost,1,0.8440685272216797
Azamuke 2024 (primary),XGBoost,1,0.9384205341339111
Azamuke 2024 (primary),XGBoost,0,0.0001585218997206539
Azamuke 2024 (primary),XGBoost,1,0.7915902733802795
Azamuke 2024 (primary),XGBoost,1,0.3292185962200165
Azamuke 2024 (primary),XGBoost,0,0.0005302266799844801
Azamuke 2024 (primary),XGBoost,0,0.00013269225019030273
Azamuke 2024 (primary),XGBoost,0,7.826402725186199e-05
Azamuke 2024 (primary),XGBoost,0,0.00019936363969463855
Azamuke 2024 (primary),XGBoost,0,0.0003346676239743829
Azamuke 2024 (primary),XGBoost,1,0.8191260099411011
Azamuke 2024 (primary),XGBoost,0,0.0010278128320351243
Azamuke 2024 (primary),XGBoost,0,0.00020609462808351964
Azamuke 2024 (primary),XGBoost,0,0.0002671433612704277
Azamuke 2024 (primary),XGBoost,1,0.48724138736724854
Azamuke 2024 (primary),XGBoost,0,0.0008071174379438162
Azamuke 2024 (primary),XGBoost,0,0.0005292365676723421
Azamuke 2024 (primary),XGBoost,0,0.000284003559499979
Azamuke 2024 (primary),XGBoost,0,8.209175575757399e-05
Azamuke 2024 (primary),XGBoost,0,0.0002141950826626271
Azamuke 2024 (primary),XGBoost,0,9.711577877169475e-05
Azamuke 2024 (primary),XGBoost,1,0.8936107158660889
Azamuke 2024 (primary),XGBoost,0,9.534724813420326e-05
Azamuke 2024 (primary),XGBoost,1,0.9843326807022095
Azamuke 2024 (primary),XGBoost,1,0.9093088507652283
Azamuke 2024 (primary),XGBoost,0,6.961757026147097e-05
Azamuke 2024 (primary),XGBoost,1,0.8398218750953674
Azamuke 2024 (primary),XGBoost,1,0.8355357646942139
Azamuke 2024 (primary),XGBoost,1,0.8765027523040771
Azamuke 2024 (primary),XGBoost,1,0.841818630695343
Azamuke 2024 (primary),XGBoost,1,0.8237549662590027
Azamuke 2024 (primary),XGBoost,1,0.3840825855731964
Azamuke 2024 (primary),XGBoost,0,0.00030260736821219325
Azamuke 2024 (primary),XGBoost,0,0.0009446857147850096
Azamuke 2024 (primary),XGBoost,0,4.9053582188207656e-05
Azamuke 2024 (primary),XGBoost,0,0.00023082936240825802
Azamuke 2024 (primary),XGBoost,0,9.169637633021921e-05
Azamuke 2024 (primary),XGBoost,1,0.9867241978645325
Azamuke 2024 (primary),XGBoost,1,0.6437526941299438
Azamuke 2024 (primary),XGBoost,0,0.00027633699937723577
Azamuke 2024 (primary),XGBoost,1,0.8770352602005005
Azamuke 2024 (primary),XGBoost,1,0.7802877426147461
Azamuke 2024 (primary),XGBoost,0,0.0007140862289816141
Azamuke 2024 (primary),XGBoost,1,0.6363723278045654
Azamuke 2024 (primary),XGBoost,1,0.8954222798347473
Azamuke 2024 (primary),XGBoost,0,0.00031220243545249104
Azamuke 2024 (primary),XGBoost,1,0.989795982837677
Azamuke 2024 (primary),XGBoost,1,0.7158253192901611
Azamuke 2024 (primary),XGBoost,1,0.8774402737617493
Azamuke 2024 (primary),XGBoost,1,0.7360556125640869
Azamuke 2024 (primary),XGBoost,1,0.6654053330421448
Azamuke 2024 (primary),XGBoost,1,0.9940826296806335
Azamuke 2024 (primary),XGBoost,1,0.8004330396652222
Azamuke 2024 (primary),XGBoost,0,0.0007191644981503487
Azamuke 2024 (primary),XGBoost,0,0.0002029105235124007
Azamuke 2024 (primary),XGBoost,1,0.7376486659049988
Azamuke 2024 (primary),XGBoost,0,0.00020853086607530713
Azamuke 2024 (primary),XGBoost,1,0.8144764304161072
Azamuke 2024 (primary),XGBoost,0,0.00045066772145219147
Azamuke 2024 (primary),XGBoost,1,0.8437106013298035
Azamuke 2024 (primary),XGBoost,1,0.9600639939308167
Azamuke 2024 (primary),XGBoost,1,0.7950159907341003
Azamuke 2024 (primary),XGBoost,0,0.00023908112780191004
Azamuke 2024 (primary),XGBoost,0,0.00021848565666005015
Azamuke 2024 (primary),XGBoost,1,0.8528103828430176
Azamuke 2024 (primary),XGBoost,0,0.00010697402467485517
Azamuke 2024 (primary),XGBoost,1,0.6647994518280029
Azamuke 2024 (primary),XGBoost,1,0.7613526582717896
Azamuke 2024 (primary),XGBoost,1,0.7690353393554688
Azamuke 2024 (primary),XGBoost,0,0.00016574836627114564
Azamuke 2024 (primary),XGBoost,0,0.00019694339425768703
Azamuke 2024 (primary),XGBoost,1,0.8088659644126892
Azamuke 2024 (primary),XGBoost,0,0.0004535800835583359
Azamuke 2024 (primary),XGBoost,0,0.00012509369116742164
Azamuke 2024 (primary),XGBoost,1,0.8983736634254456
Azamuke 2024 (primary),XGBoost,0,0.00015306506247725338
Azamuke 2024 (primary),XGBoost,1,0.7862340807914734
Azamuke 2024 (primary),XGBoost,0,7.786004425724968e-05
Azamuke 2024 (primary),XGBoost,1,0.925055742263794
Azamuke 2024 (primary),XGBoost,1,0.6205977201461792
Azamuke 2024 (primary),XGBoost,1,0.7372096180915833
Azamuke 2024 (primary),XGBoost,1,0.9339276552200317
Azamuke 2024 (primary),XGBoost,1,0.8849462270736694
Azamuke 2024 (primary),XGBoost,0,0.00016691756900399923
Azamuke 2024 (primary),XGBoost,1,0.7411996722221375
Azamuke 2024 (primary),XGBoost,1,0.8325766921043396
Azamuke 2024 (primary),XGBoost,0,6.302644760580733e-05
Azamuke 2024 (primary),XGBoost,1,0.9139887690544128
Azamuke 2024 (primary),XGBoost,0,4.699256896856241e-05
Azamuke 2024 (primary),XGBoost,1,0.9972270131111145
Azamuke 2024 (primary),XGBoost,1,0.6641179323196411
Azamuke 2024 (primary),XGBoost,0,6.744904385413975e-05
Azamuke 2024 (primary),XGBoost,1,0.8107791543006897
Azamuke 2024 (primary),XGBoost,0,0.5460187792778015
Azamuke 2024 (primary),XGBoost,0,0.00024073397798929363
Azamuke 2024 (primary),XGBoost,1,0.7315409183502197
Azamuke 2024 (primary),XGBoost,0,0.00027944555040448904
Azamuke 2024 (primary),XGBoost,1,0.7179362177848816
Azamuke 2024 (primary),XGBoost,1,0.8448351621627808
Azamuke 2024 (primary),XGBoost,1,0.9727449417114258
Azamuke 2024 (primary),XGBoost,0,4.676122625824064e-05
Azamuke 2024 (primary),XGBoost,1,0.9966913461685181
Azamuke 2024 (primary),XGBoost,1,0.8465186357498169
Azamuke 2024 (primary),XGBoost,0,0.00041867990512400866
Azamuke 2024 (primary),XGBoost,0,0.00018021244613919407
Azamuke 2024 (primary),XGBoost,1,0.7951567769050598
Azamuke 2024 (primary),XGBoost,0,0.0004389921959955245
Azamuke 2024 (primary),XGBoost,1,0.821763813495636
Azamuke 2024 (primary),XGBoost,0,0.00016835327551234514
Azamuke 2024 (primary),XGBoost,0,0.0001034526212606579
Azamuke 2024 (primary),XGBoost,0,0.00022149196593090892
Azamuke 2024 (primary),XGBoost,1,0.6084004044532776
Azamuke 2024 (primary),XGBoost,1,0.9487913846969604
Azamuke 2024 (primary),XGBoost,0,0.00018194230506196618
Azamuke 2024 (primary),XGBoost,0,0.00018981713219545782
Azamuke 2024 (primary),XGBoost,1,0.6853991150856018
Azamuke 2024 (primary),XGBoost,0,5.356626206776127e-05
Azamuke 2024 (primary),XGBoost,0,0.9431372880935669
Azamuke 2024 (primary),XGBoost,0,0.7914284467697144
Azamuke 2024 (primary),XGBoost,0,6.113989365985617e-05
Azamuke 2024 (primary),XGBoost,0,0.0002961710561066866
Azamuke 2024 (primary),XGBoost,0,0.00023255021369550377
Azamuke 2024 (primary),XGBoost,0,0.00010276328976033255
Azamuke 2024 (primary),XGBoost,1,0.9950200319290161
Azamuke 2024 (primary),XGBoost,1,0.6050195693969727
Azamuke 2024 (primary),XGBoost,0,0.00016225840954575688
Azamuke 2024 (primary),XGBoost,0,0.0002461877593304962
Azamuke 2024 (primary),XGBoost,1,0.9429750442504883
Azamuke 2024 (primary),XGBoost,0,0.95330810546875
Azamuke 2024 (primary),XGBoost,1,0.7973350882530212
Azamuke 2024 (primary),XGBoost,0,0.9109099507331848
Azamuke 2024 (primary),XGBoost,0,0.00018679197819437832
Azamuke 2024 (primary),XGBoost,0,0.0018193584401160479
Azamuke 2024 (primary),XGBoost,0,0.0002342762891203165
Azamuke 2024 (primary),XGBoost,1,0.8603119254112244
Azamuke 2024 (primary),XGBoost,0,0.00019329185306560248
Azamuke 2024 (primary),XGBoost,0,0.0001169236857094802
Azamuke 2024 (primary),XGBoost,1,0.7091825008392334
Azamuke 2024 (primary),XGBoost,0,0.00023331485863309354
Azamuke 2024 (primary),XGBoost,0,0.00045469566248357296
Azamuke 2024 (primary),XGBoost,1,0.9267045259475708
Azamuke 2024 (primary),XGBoost,1,0.7293115854263306
Azamuke 2024 (primary),XGBoost,1,0.7217772006988525
Azamuke 2024 (primary),XGBoost,0,0.00020432779274415225
Azamuke 2024 (primary),XGBoost,0,0.00016226613661274314
Azamuke 2024 (primary),XGBoost,1,0.9231550097465515
Azamuke 2024 (primary),XGBoost,1,0.984157919883728
Azamuke 2024 (primary),XGBoost,0,7.804499182384461e-05
Azamuke 2024 (primary),XGBoost,1,0.8497743010520935
Azamuke 2024 (primary),XGBoost,1,0.8371841907501221
Azamuke 2024 (primary),XGBoost,0,0.8740965723991394
Azamuke 2024 (primary),XGBoost,0,0.00014188436034601182
Azamuke 2024 (primary),XGBoost,0,0.0002340583741897717
Azamuke 2024 (primary),XGBoost,1,0.797702968120575
Azamuke 2024 (primary),XGBoost,1,0.7071670889854431
Azamuke 2024 (primary),XGBoost,0,0.00023576414969284087
Azamuke 2024 (primary),XGBoost,1,0.8615288138389587
Azamuke 2024 (primary),XGBoost,1,0.8189570903778076
Azamuke 2024 (primary),XGBoost,0,0.0002679795434232801
Azamuke 2024 (primary),XGBoost,0,0.00010177113290410489
Azamuke 2024 (primary),XGBoost,0,0.9509161114692688
Azamuke 2024 (primary),XGBoost,1,0.942035436630249
Azamuke 2024 (primary),XGBoost,0,9.980451432056725e-05
Azamuke 2024 (primary),XGBoost,0,0.00013054827286396176
Azamuke 2024 (primary),XGBoost,1,0.8905830383300781
Azamuke 2024 (primary),XGBoost,0,0.00013272010255604982
Azamuke 2024 (primary),XGBoost,0,0.000134990070364438
Azamuke 2024 (primary),XGBoost,0,7.51006809878163e-05
Azamuke 2024 (primary),XGBoost,1,0.8699305653572083
Azamuke 2024 (primary),XGBoost,0,0.00012562373012769967
Azamuke 2024 (primary),XGBoost,0,0.0002954654337372631
Azamuke 2024 (primary),XGBoost,1,0.9932612776756287
Azamuke 2024 (primary),XGBoost,0,0.8066372275352478
Azamuke 2024 (primary),XGBoost,1,0.9362773895263672
Azamuke 2024 (primary),XGBoost,1,0.8036401271820068
Azamuke 2024 (primary),XGBoost,0,0.0003391125937923789
Azamuke 2024 (primary),XGBoost,0,0.0001938503555720672
Azamuke 2024 (primary),XGBoost,0,0.00010235547233605757
Azamuke 2024 (primary),XGBoost,0,0.0005099678528495133
Azamuke 2024 (primary),XGBoost,1,0.717005729675293
Azamuke 2024 (primary),XGBoost,1,0.7867358326911926
Azamuke 2024 (primary),XGBoost,1,0.7414402365684509
Azamuke 2024 (primary),XGBoost,0,0.9078304171562195
Azamuke 2024 (primary),XGBoost,0,5.667806544806808e-05
Azamuke 2024 (primary),XGBoost,0,0.8666319251060486
Azamuke 2024 (primary),XGBoost,1,0.8583098649978638
Azamuke 2024 (primary),XGBoost,0,7.232507050503045e-05
Azamuke 2024 (primary),XGBoost,1,0.7238059639930725
Azamuke 2024 (primary),XGBoost,0,0.00011683374759741127
Azamuke 2024 (primary),XGBoost,0,8.452861220575869e-05
Azamuke 2024 (primary),XGBoost,1,0.8413749933242798
Azamuke 2024 (primary),XGBoost,1,0.8407878279685974
Azamuke 2024 (primary),XGBoost,1,0.9879940748214722
Azamuke 2024 (primary),XGBoost,0,0.0007309410138987005
Azamuke 2024 (primary),XGBoost,0,0.00012434933159966022
Azamuke 2024 (primary),XGBoost,0,0.00027865805895999074
Azamuke 2024 (primary),XGBoost,1,0.7425340414047241
Azamuke 2024 (primary),XGBoost,0,0.7572566270828247
Azamuke 2024 (primary),XGBoost,1,0.857935905456543
Azamuke 2024 (primary),XGBoost,0,0.0001090906371246092
Azamuke 2024 (primary),XGBoost,0,0.0002598250284790993
Azamuke 2024 (primary),XGBoost,0,0.7801566123962402
Azamuke 2024 (primary),XGBoost,0,0.8400626182556152
Azamuke 2024 (primary),XGBoost,1,0.8141265511512756
Azamuke 2024 (primary),XGBoost,0,0.5103724002838135
Azamuke 2024 (primary),XGBoost,0,0.0008932281634770334
Azamuke 2024 (primary),XGBoost,1,0.7060831189155579
Azamuke 2024 (primary),XGBoost,1,0.8557270765304565
Azamuke 2024 (primary),XGBoost,0,0.00018799037206918
Azamuke 2024 (primary),XGBoost,1,0.8338369131088257
Azamuke 2024 (primary),XGBoost,1,0.7883813977241516
Azamuke 2024 (primary),XGBoost,1,0.9732407331466675
Azamuke 2024 (primary),XGBoost,0,0.750890851020813
Azamuke 2024 (primary),XGBoost,1,0.8353667259216309
Azamuke 2024 (primary),XGBoost,1,0.7535920143127441
Azamuke 2024 (primary),XGBoost,0,0.0001415914885001257
Azamuke 2024 (primary),XGBoost,1,0.9609087109565735
Azamuke 2024 (primary),XGBoost,0,0.00013701739953830838
Azamuke 2024 (primary),XGBoost,1,0.7595155239105225
Azamuke 2024 (primary),XGBoost,0,0.00010461288911756128
Azamuke 2024 (primary),XGBoost,1,0.6605898141860962
Azamuke 2024 (primary),XGBoost,0,0.6296074986457825
Azamuke 2024 (primary),XGBoost,0,0.00017917004879564047
Azamuke 2024 (primary),XGBoost,0,9.433102241018787e-05
Azamuke 2024 (primary),XGBoost,1,0.9698821902275085
Azamuke 2024 (primary),XGBoost,1,0.8742349743843079
Azamuke 2024 (primary),XGBoost,0,0.00015166554658208042
Azamuke 2024 (primary),XGBoost,1,0.9909759163856506
Azamuke 2024 (primary),XGBoost,1,0.9227242469787598
Azamuke 2024 (primary),XGBoost,0,0.00013804897025693208
Azamuke 2024 (primary),XGBoost,1,0.877524733543396
Azamuke 2024 (primary),XGBoost,1,0.9025858640670776
Azamuke 2024 (primary),XGBoost,1,0.8148692846298218
Azamuke 2024 (primary),XGBoost,0,0.8114527463912964
Azamuke 2024 (primary),XGBoost,1,0.5021888017654419
Azamuke 2024 (primary),XGBoost,0,0.8949509859085083
Azamuke 2024 (primary),XGBoost,1,0.7559400796890259
Azamuke 2024 (primary),XGBoost,0,0.00010727782500907779
Azamuke 2024 (primary),XGBoost,1,0.9842109680175781
Azamuke 2024 (primary),XGBoost,0,0.8510366082191467
Azamuke 2024 (primary),XGBoost,1,0.8200292587280273
Azamuke 2024 (primary),XGBoost,0,0.00022403923503588885
Azamuke 2024 (primary),XGBoost,0,0.9398353099822998
Azamuke 2024 (primary),XGBoost,0,0.00011492624616948888
Azamuke 2024 (primary),XGBoost,1,0.8200654983520508
Azamuke 2024 (primary),XGBoost,0,0.8340312838554382
Azamuke 2024 (primary),XGBoost,1,0.8693011999130249
Azamuke 2024 (primary),XGBoost,0,9.250268340110779e-05
Azamuke 2024 (primary),XGBoost,1,0.6911383271217346
Azamuke 2024 (primary),XGBoost,1,0.7512484788894653
Azamuke 2024 (primary),XGBoost,0,0.0002672149275895208
Azamuke 2024 (primary),XGBoost,1,0.8033831715583801
Azamuke 2024 (primary),XGBoost,0,4.789657032233663e-05
Azamuke 2024 (primary),XGBoost,1,0.8285713791847229
Azamuke 2024 (primary),XGBoost,1,0.5395424365997314
Azamuke 2024 (primary),XGBoost,0,0.8415835499763489
Azamuke 2024 (primary),XGBoost,0,8.14716040622443e-05
Azamuke 2024 (primary),XGBoost,0,0.00027850133483298123
Azamuke 2024 (primary),XGBoost,0,0.0002227436052635312
Azamuke 2024 (primary),XGBoost,1,0.47201260924339294
Azamuke 2024 (primary),XGBoost,0,7.216881203930825e-05
Azamuke 2024 (primary),XGBoost,0,0.7594740986824036
Azamuke 2024 (primary),XGBoost,1,0.9546710848808289
Azamuke 2024 (primary),XGBoost,0,8.314509614137933e-05
Azamuke 2024 (primary),XGBoost,1,0.6912558078765869
Azamuke 2024 (primary),XGBoost,1,0.6828815937042236
Azamuke 2024 (primary),XGBoost,1,0.7626398205757141
Azamuke 2024 (primary),XGBoost,1,0.567805826663971
Azamuke 2024 (primary),XGBoost,1,0.9090229272842407
Azamuke 2024 (primary),XGBoost,0,9.799263352761045e-05
Azamuke 2024 (primary),XGBoost,0,0.00012031176447635517
Azamuke 2024 (primary),XGBoost,0,0.00013035036681685597
Azamuke 2024 (primary),XGBoost,1,0.6875157952308655
Azamuke 2024 (primary),XGBoost,0,0.9270527362823486
Azamuke 2024 (primary),XGBoost,1,0.8379366993904114
Azamuke 2024 (primary),XGBoost,0,9.616668103262782e-05
Azamuke 2024 (primary),XGBoost,1,0.9113867878913879
Azamuke 2024 (primary),XGBoost,0,0.00023816467728465796
Azamuke 2024 (primary),XGBoost,0,0.00028682564152404666
Azamuke 2024 (primary),XGBoost,1,0.8522042632102966
Azamuke 2024 (primary),XGBoost,0,6.24620370217599e-05
Azamuke 2024 (primary),XGBoost,0,0.0002566819603089243
Azamuke 2024 (primary),XGBoost,0,0.00027202905039303005
Azamuke 2024 (primary),XGBoost,0,0.00024174462305381894
Azamuke 2024 (primary),XGBoost,1,0.6784564852714539
Azamuke 2024 (primary),XGBoost,1,0.9399800896644592
Azamuke 2024 (primary),XGBoost,0,0.0001238341210409999
Azamuke 2024 (primary),XGBoost,1,0.8773719072341919
Azamuke 2024 (primary),XGBoost,0,0.8249281048774719
Azamuke 2024 (primary),XGBoost,1,0.8275347352027893
Azamuke 2024 (primary),XGBoost,0,0.0001262174773728475
Azamuke 2024 (primary),XGBoost,1,0.8890298008918762
Azamuke 2024 (primary),XGBoost,1,0.7202318906784058
Azamuke 2024 (primary),XGBoost,0,0.00016737609985284507
Azamuke 2024 (primary),XGBoost,0,8.847722347127274e-05
Azamuke 2024 (primary),XGBoost,0,9.597502503311262e-05
Azamuke 2024 (primary),XGBoost,0,0.6603308320045471
Azamuke 2024 (primary),XGBoost,0,0.00010056170140160248
Azamuke 2024 (primary),XGBoost,0,0.0001459159975638613
Azamuke 2024 (primary),XGBoost,1,0.9443603157997131
Azamuke 2024 (primary),XGBoost,1,0.7270664572715759
Azamuke 2024 (primary),XGBoost,0,0.00020201326697133482
Azamuke 2024 (primary),XGBoost,0,0.714989960193634
Azamuke 2024 (primary),XGBoost,1,0.7410165071487427
Azamuke 2024 (primary),XGBoost,0,0.8600991368293762
Azamuke 2024 (primary),XGBoost,0,0.0001602095435373485
Azamuke 2024 (primary),XGBoost,0,0.8542846441268921
Azamuke 2024 (primary),XGBoost,1,0.7922915816307068
Azamuke 2024 (primary),XGBoost,0,0.00021678369375877082
Azamuke 2024 (primary),XGBoost,1,0.6778903007507324
Azamuke 2024 (primary),XGBoost,0,0.8471648097038269
Azamuke 2024 (primary),XGBoost,0,0.9085211157798767
Azamuke 2024 (primary),XGBoost,1,0.9969274401664734
Azamuke 2024 (primary),XGBoost,0,0.00018519183504395187
Azamuke 2024 (primary),XGBoost,1,0.8937177062034607
Azamuke 2024 (primary),XGBoost,1,0.7142829895019531
Azamuke 2024 (primary),XGBoost,1,0.8606657385826111
Azamuke 2024 (primary),XGBoost,0,0.00012111786782043055
Azamuke 2024 (primary),XGBoost,0,8.063839050009847e-05
Azamuke 2024 (primary),XGBoost,0,0.00015014332893770188
Azamuke 2024 (primary),XGBoost,0,0.00024130525707732886
Azamuke 2024 (primary),XGBoost,1,0.7819478511810303
Azamuke 2024 (primary),XGBoost,0,0.000597894424572587
Azamuke 2024 (primary),XGBoost,1,0.9535269737243652
Azamuke 2024 (primary),XGBoost,1,0.8812441229820251
Azamuke 2024 (primary),XGBoost,1,0.8488331437110901
Azamuke 2024 (primary),XGBoost,0,0.00011787625408032909
Azamuke 2024 (primary),XGBoost,0,0.00012385750596877187
Azamuke 2024 (primary),XGBoost,0,0.00021033783559687436
Azamuke 2024 (primary),XGBoost,1,0.7199708819389343
Azamuke 2024 (primary),XGBoost,1,0.8925784230232239
Azamuke 2024 (primary),XGBoost,0,9.290029993280768e-05
Azamuke 2024 (primary),XGBoost,0,0.00026496313512325287
Azamuke 2024 (primary),XGBoost,1,0.8335439562797546
Azamuke 2024 (primary),XGBoost,1,0.9209288954734802
Azamuke 2024 (primary),XGBoost,1,0.9692334532737732
Azamuke 2024 (primary),XGBoost,0,7.564765837742016e-05
Azamuke 2024 (primary),XGBoost,1,0.8153958320617676
Azamuke 2024 (primary),XGBoost,1,0.9087674617767334
Azamuke 2024 (primary),XGBoost,0,0.6923106908798218
Azamuke 2024 (primary),XGBoost,1,0.856223464012146
Azamuke 2024 (primary),XGBoost,1,0.8716678619384766
Azamuke 2024 (primary),XGBoost,1,0.8038489818572998
Azamuke 2024 (primary),XGBoost,0,0.00025868526427075267
Azamuke 2024 (primary),XGBoost,1,0.8306035995483398
Azamuke 2024 (primary),XGBoost,0,0.8967098593711853
Azamuke 2024 (primary),XGBoost,1,0.7988318204879761
Azamuke 2024 (primary),XGBoost,1,0.770536482334137
Azamuke 2024 (primary),XGBoost,0,0.0027617705054581165
Azamuke 2024 (primary),XGBoost,1,0.6825334429740906
Azamuke 2024 (primary),XGBoost,1,0.8376293778419495
Azamuke 2024 (primary),XGBoost,1,0.8634294867515564
Azamuke 2024 (primary),XGBoost,0,0.8730722069740295
Azamuke 2024 (primary),XGBoost,1,0.8457330465316772
Azamuke 2024 (primary),XGBoost,1,0.8846522569656372
Azamuke 2024 (primary),XGBoost,0,0.7321317195892334
Azamuke 2024 (primary),XGBoost,0,0.0002556776162236929
Azamuke 2024 (primary),XGBoost,1,0.8068485856056213
Azamuke 2024 (primary),XGBoost,0,0.0007999734370969236
Azamuke 2024 (primary),XGBoost,1,0.8712197542190552
Azamuke 2024 (primary),XGBoost,1,0.9250561594963074
Azamuke 2024 (primary),XGBoost,0,0.00019577585044316947
Azamuke 2024 (primary),XGBoost,0,0.00046489102533087134
Azamuke 2024 (primary),XGBoost,0,0.0006381974089890718
Azamuke 2024 (primary),XGBoost,1,0.895873486995697
Azamuke 2024 (primary),XGBoost,0,0.00029210629872977734
Azamuke 2024 (primary),XGBoost,1,0.7516564726829529
Azamuke 2024 (primary),XGBoost,0,3.195912722731009e-05
Azamuke 2024 (primary),XGBoost,1,0.8814511299133301
Azamuke 2024 (primary),XGBoost,0,5.778352715424262e-05
Azamuke 2024 (primary),XGBoost,0,0.6712852716445923
Azamuke 2024 (primary),XGBoost,1,0.582662045955658
Azamuke 2024 (primary),XGBoost,0,0.00030299476929940283
Azamuke 2024 (primary),XGBoost,1,0.8227732181549072
Azamuke 2024 (primary),XGBoost,1,0.8413238525390625
Azamuke 2024 (primary),XGBoost,0,0.00015658230404369533
Azamuke 2024 (primary),XGBoost,1,0.9811944365501404
Azamuke 2024 (primary),XGBoost,0,0.00012710591545328498
Azamuke 2024 (primary),XGBoost,0,0.0005602510645985603
Azamuke 2024 (primary),XGBoost,0,0.00010465828381711617
Azamuke 2024 (primary),XGBoost,1,0.4327210485935211
Azamuke 2024 (primary),XGBoost,0,0.00016887900710571557
Azamuke 2024 (primary),XGBoost,0,3.647366975201294e-05
Azamuke 2024 (primary),XGBoost,0,0.0004558567889034748
Azamuke 2024 (primary),XGBoost,1,0.8917559385299683
Azamuke 2024 (primary),XGBoost,1,0.6750078797340393
Azamuke 2024 (primary),XGBoost,1,0.8325403332710266
Azamuke 2024 (primary),XGBoost,1,0.7017934918403625
Azamuke 2024 (primary),XGBoost,0,6.694576586596668e-05
Azamuke 2024 (primary),XGBoost,1,0.8434630036354065
Azamuke 2024 (primary),XGBoost,1,0.8401784300804138
Azamuke 2024 (primary),XGBoost,1,0.8253576159477234
Azamuke 2024 (primary),XGBoost,1,0.7461628913879395
Azamuke 2024 (primary),XGBoost,1,0.8149493932723999
Azamuke 2024 (primary),XGBoost,0,0.0003389930061530322
Azamuke 2024 (primary),XGBoost,1,0.8281903862953186
Azamuke 2024 (primary),XGBoost,1,0.7696735262870789
Azamuke 2024 (primary),XGBoost,1,0.8862540125846863
Azamuke 2024 (primary),XGBoost,0,0.00013131498417351395
Azamuke 2024 (primary),XGBoost,1,0.9263706803321838
Azamuke 2024 (primary),XGBoost,0,5.0008009566226974e-05
Azamuke 2024 (primary),XGBoost,1,0.5803986191749573
Azamuke 2024 (primary),XGBoost,1,0.76695716381073
Azamuke 2024 (primary),XGBoost,0,0.9384227395057678
Azamuke 2024 (primary),XGBoost,1,0.877010703086853
Azamuke 2024 (primary),XGBoost,1,0.5440352559089661
Azamuke 2024 (primary),XGBoost,0,0.0002234613202745095
Azamuke 2024 (primary),XGBoost,1,0.27614814043045044
Azamuke 2024 (primary),XGBoost,1,0.8940772414207458
Azamuke 2024 (primary),XGBoost,1,0.5946211218833923
Azamuke 2024 (primary),XGBoost,0,0.000250223238253966
Azamuke 2024 (primary),XGBoost,0,0.0004891982534900308
Azamuke 2024 (primary),XGBoost,1,0.9953255653381348
Azamuke 2024 (primary),XGBoost,1,0.8258095979690552
Azamuke 2024 (primary),XGBoost,0,0.6614899635314941
Azamuke 2024 (primary),XGBoost,0,0.0003211048315279186
Azamuke 2024 (primary),XGBoost,0,8.503739081788808e-05
Azamuke 2024 (primary),XGBoost,1,0.9963681697845459
Azamuke 2024 (primary),XGBoost,0,0.0004482485237531364
Azamuke 2024 (primary),XGBoost,1,0.49523794651031494
Azamuke 2024 (primary),XGBoost,1,0.7716189622879028
Azamuke 2024 (primary),XGBoost,0,0.00014829081192146987
Azamuke 2024 (primary),XGBoost,1,0.7381520867347717
Azamuke 2024 (primary),XGBoost,0,0.00024345258134417236
Azamuke 2024 (primary),XGBoost,0,0.0002595380647107959
Azamuke 2024 (primary),XGBoost,1,0.7913765907287598
Azamuke 2024 (primary),XGBoost,1,0.8534138202667236
Azamuke 2024 (primary),XGBoost,0,0.00010240653500659391
Azamuke 2024 (primary),XGBoost,0,0.0003364316944498569
Azamuke 2024 (primary),XGBoost,1,0.7236334085464478
Azamuke 2024 (primary),XGBoost,1,0.8912484645843506
Azamuke 2024 (primary),XGBoost,0,0.963074803352356
Azamuke 2024 (primary),XGBoost,1,0.9369406700134277
Azamuke 2024 (primary),XGBoost,1,0.8687055110931396
Azamuke 2024 (primary),XGBoost,1,0.7958680391311646
Azamuke 2024 (primary),XGBoost,1,0.9161664843559265
Azamuke 2024 (primary),XGBoost,1,0.8346436619758606
Azamuke 2024 (primary),XGBoost,1,0.8934314846992493
Azamuke 2024 (primary),XGBoost,0,0.0006068132352083921
Azamuke 2024 (primary),XGBoost,1,0.8956758379936218
Azamuke 2024 (primary),XGBoost,1,0.5754271745681763
Azamuke 2024 (primary),XGBoost,1,0.7338186502456665
Azamuke 2024 (primary),XGBoost,1,0.810396134853363
Azamuke 2024 (primary),XGBoost,1,0.7055524587631226
Azamuke 2024 (primary),XGBoost,0,0.00025171926245093346
Azamuke 2024 (primary),XGBoost,1,0.9985344409942627
Azamuke 2024 (primary),XGBoost,0,0.00012346048606559634
Azamuke 2024 (primary),XGBoost,1,0.7508349418640137
Azamuke 2024 (primary),XGBoost,0,0.00024600920733064413
Azamuke 2024 (primary),XGBoost,0,0.00013527213013730943
Azamuke 2024 (primary),XGBoost,1,0.830215573310852
Azamuke 2024 (primary),XGBoost,0,5.99183767917566e-05
Azamuke 2024 (primary),XGBoost,1,0.9785900712013245
Azamuke 2024 (primary),XGBoost,0,0.0004785266355611384
Azamuke 2024 (primary),XGBoost,1,0.8645743727684021
Azamuke 2024 (primary),XGBoost,0,0.0015097204595804214
Azamuke 2024 (primary),XGBoost,0,0.65309077501297
Azamuke 2024 (primary),XGBoost,0,0.0042437403462827206
Azamuke 2024 (primary),XGBoost,0,0.7962138056755066
Azamuke 2024 (primary),XGBoost,1,0.9076326489448547
Azamuke 2024 (primary),XGBoost,0,7.699023262830451e-05
Azamuke 2024 (primary),XGBoost,0,0.7118992805480957
Azamuke 2024 (primary),XGBoost,0,0.00016193551709875464
Azamuke 2024 (primary),XGBoost,1,0.7685545086860657
Azamuke 2024 (primary),XGBoost,0,0.8571755290031433
Azamuke 2024 (primary),XGBoost,0,0.00013378512812778354
Azamuke 2024 (primary),XGBoost,1,0.9011254906654358
Azamuke 2024 (primary),XGBoost,1,0.8197314739227295
Azamuke 2024 (primary),XGBoost,0,0.00013262545689940453
Azamuke 2024 (primary),XGBoost,0,9.104195487452671e-05
Azamuke 2024 (primary),XGBoost,0,0.0005614057299681008
Azamuke 2024 (primary),XGBoost,0,0.7101399898529053
Azamuke 2024 (primary),XGBoost,0,0.0016038838075473905
Azamuke 2024 (primary),XGBoost,1,0.9141934514045715
Azamuke 2024 (primary),XGBoost,0,0.7473756670951843
Azamuke 2024 (primary),XGBoost,0,4.343457112554461e-05
Azamuke 2024 (primary),XGBoost,1,0.8950647711753845
Azamuke 2024 (primary),XGBoost,1,0.8045000433921814
Azamuke 2024 (primary),XGBoost,1,0.9968289732933044
Azamuke 2024 (primary),XGBoost,0,0.6797462701797485
Azamuke 2024 (primary),XGBoost,1,0.7905845642089844
Azamuke 2024 (primary),XGBoost,0,0.7044739127159119
Azamuke 2024 (primary),XGBoost,1,0.8295206427574158
Azamuke 2024 (primary),XGBoost,1,0.8956997394561768
Azamuke 2024 (primary),XGBoost,0,0.000207425924600102
Azamuke 2024 (primary),XGBoost,1,0.9642947316169739
Azamuke 2024 (primary),XGBoost,1,0.6131587028503418
Azamuke 2024 (primary),XGBoost,0,0.0001401948247803375
Azamuke 2024 (primary),XGBoost,1,0.834261417388916
Azamuke 2024 (primary),XGBoost,0,0.8352221250534058
Azamuke 2024 (primary),XGBoost,1,0.8939389586448669
Azamuke 2024 (primary),XGBoost,0,0.736983060836792
Azamuke 2024 (primary),XGBoost,0,0.9353765845298767
Azamuke 2024 (primary),XGBoost,0,0.7800114154815674
Azamuke 2024 (primary),XGBoost,0,0.7908411026000977
Azamuke 2024 (primary),XGBoost,0,0.00022202881518751383
Azamuke 2024 (primary),XGBoost,1,0.8101788759231567
Azamuke 2024 (primary),XGBoost,0,0.8135237693786621
Azamuke 2024 (primary),XGBoost,0,5.7777629990596324e-05
Azamuke 2024 (primary),XGBoost,0,0.8737738132476807
Azamuke 2024 (primary),XGBoost,1,0.6585222482681274
Azamuke 2024 (primary),XGBoost,0,0.9747422933578491
Azamuke 2024 (primary),XGBoost,0,0.9267510771751404
Azamuke 2024 (primary),XGBoost,0,0.0005226946668699384
Azamuke 2024 (primary),XGBoost,1,0.8826579451560974
Azamuke 2024 (primary),XGBoost,0,0.0007748621283099055
Azamuke 2024 (primary),XGBoost,0,0.00016140153456944972
Azamuke 2024 (primary),XGBoost,1,0.7264532446861267
Azamuke 2024 (primary),XGBoost,0,0.9066097736358643
Azamuke 2024 (primary),XGBoost,1,0.7529630661010742
Azamuke 2024 (primary),XGBoost,1,0.808627188205719
Azamuke 2024 (primary),XGBoost,1,0.7433367371559143
Azamuke 2024 (primary),XGBoost,1,0.9805182218551636
Azamuke 2024 (primary),XGBoost,0,0.9468523263931274
Azamuke 2024 (primary),XGBoost,0,0.0001053845408023335
Azamuke 2024 (primary),XGBoost,0,0.0012931968085467815
Azamuke 2024 (primary),XGBoost,0,0.5448307991027832
Azamuke 2024 (primary),XGBoost,0,0.00013000689796172082
Azamuke 2024 (primary),XGBoost,1,0.4551955759525299
Azamuke 2024 (primary),XGBoost,1,0.8488825559616089
Azamuke 2024 (primary),XGBoost,0,0.0001826239749789238
Azamuke 2024 (primary),XGBoost,1,0.8101020455360413
Azamuke 2024 (primary),XGBoost,1,0.7394963502883911
Azamuke 2024 (primary),XGBoost,0,2.992740337504074e-05
Azamuke 2024 (primary),XGBoost,1,0.9573560357093811
Azamuke 2024 (primary),XGBoost,0,0.00033953491947613657
Azamuke 2024 (primary),XGBoost,0,0.00011981786519754678
Azamuke 2024 (primary),XGBoost,1,0.8732196092605591
Azamuke 2024 (primary),XGBoost,1,0.37663188576698303
Azamuke 2024 (primary),XGBoost,0,0.0001729694049572572
Azamuke 2024 (primary),XGBoost,0,7.12934706825763e-05
Azamuke 2024 (primary),XGBoost,1,0.7859099507331848
Azamuke 2024 (primary),XGBoost,1,0.8809865713119507
Azamuke 2024 (primary),XGBoost,1,0.9856648445129395
Azamuke 2024 (primary),XGBoost,0,0.0003496076969895512
Azamuke 2024 (primary),XGBoost,0,0.00010131275485036895
Azamuke 2024 (primary),XGBoost,1,0.9974232912063599
Azamuke 2024 (primary),XGBoost,0,0.0005049119354225695
Azamuke 2024 (primary),XGBoost,1,0.8059038519859314
Azamuke 2024 (primary),XGBoost,0,0.00024899429990909994
Azamuke 2024 (primary),XGBoost,0,0.0002484429569449276
Azamuke 2024 (primary),XGBoost,1,0.9734044671058655
Azamuke 2024 (primary),XGBoost,0,0.00011940405966015533
Azamuke 2024 (primary),XGBoost,0,0.0003034943656530231
Azamuke 2024 (primary),XGBoost,1,0.6827201247215271
Azamuke 2024 (primary),XGBoost,0,0.566460132598877
Azamuke 2024 (primary),XGBoost,1,0.8778210282325745
Azamuke 2024 (primary),XGBoost,1,0.8640421628952026
Azamuke 2024 (primary),XGBoost,0,0.000528732780367136
Azamuke 2024 (primary),XGBoost,1,0.9161489605903625
Azamuke 2024 (primary),XGBoost,0,0.0003937685105483979
Azamuke 2024 (primary),XGBoost,0,0.0005819785292260349
Azamuke 2024 (primary),XGBoost,0,0.8580440878868103
Azamuke 2024 (primary),XGBoost,1,0.8789044618606567
Azamuke 2024 (primary),XGBoost,0,0.00026957321097142994
Azamuke 2024 (primary),XGBoost,1,0.5192853212356567
Azamuke 2024 (primary),XGBoost,0,3.9816994103603065e-05
Azamuke 2024 (primary),XGBoost,0,0.00019223410345148295
Azamuke 2024 (primary),XGBoost,1,0.783957302570343
Azamuke 2024 (primary),XGBoost,1,0.9556366205215454
Azamuke 2024 (primary),XGBoost,1,0.7137668132781982
Azamuke 2024 (primary),XGBoost,1,0.6179333925247192
Azamuke 2024 (primary),XGBoost,0,0.0002444844285491854
Azamuke 2024 (primary),XGBoost,0,0.0005590383661910892
Azamuke 2024 (primary),XGBoost,1,0.7944672703742981
Azamuke 2024 (primary),XGBoost,0,0.0017472958425059915
Azamuke 2024 (primary),XGBoost,1,0.9173906445503235
Azamuke 2024 (primary),XGBoost,1,0.6327910423278809
Azamuke 2024 (primary),XGBoost,1,0.7690635323524475
Azamuke 2024 (primary),XGBoost,1,0.8256255388259888
Azamuke 2024 (primary),XGBoost,0,0.00011546580935828388
Azamuke 2024 (primary),XGBoost,1,0.5906883478164673
Azamuke 2024 (primary),XGBoost,1,0.7483325600624084
Azamuke 2024 (primary),XGBoost,1,0.8651629686355591
Azamuke 2024 (primary),XGBoost,0,0.00010962706437567249
Azamuke 2024 (primary),XGBoost,1,0.8489943146705627
Azamuke 2024 (primary),XGBoost,0,0.0002168397040804848
Azamuke 2024 (primary),XGBoost,0,0.0003891426604241133
Azamuke 2024 (primary),XGBoost,0,0.0001222839200636372
Azamuke 2024 (primary),XGBoost,0,0.0026590467896312475
Azamuke 2024 (primary),XGBoost,0,0.8311402797698975
Azamuke 2024 (primary),XGBoost,1,0.20076455175876617
Azamuke 2024 (primary),XGBoost,1,0.9119153618812561
Azamuke 2024 (primary),XGBoost,0,8.066684677032754e-05
Azamuke 2024 (primary),XGBoost,1,0.7545371651649475
Azamuke 2024 (primary),XGBoost,0,0.8189429044723511
Azamuke 2024 (primary),XGBoost,1,0.7393101453781128
Azamuke 2024 (primary),XGBoost,1,0.7204017639160156
Azamuke 2024 (primary),XGBoost,0,0.00013304967433214188
Azamuke 2024 (primary),XGBoost,1,0.7166847586631775
Azamuke 2024 (primary),XGBoost,1,0.6845876574516296
Azamuke 2024 (primary),XGBoost,1,0.9064905047416687
Azamuke 2024 (primary),XGBoost,1,0.8541927337646484
Azamuke 2024 (primary),XGBoost,0,0.9551109075546265
Azamuke 2024 (primary),XGBoost,0,0.0009919372387230396
Azamuke 2024 (primary),XGBoost,0,0.0009406628087162971
Azamuke 2024 (primary),XGBoost,1,0.7946383953094482
Azamuke 2024 (primary),XGBoost,0,0.9119572043418884
Azamuke 2024 (primary),XGBoost,1,0.5115069150924683
Azamuke 2024 (primary),XGBoost,1,0.8628605604171753
Azamuke 2024 (primary),XGBoost,1,0.816952645778656
Azamuke 2024 (primary),XGBoost,0,0.35930585861206055
Azamuke 2024 (primary),XGBoost,0,0.738945484161377
Azamuke 2024 (primary),XGBoost,1,0.8137478232383728
Azamuke 2024 (primary),XGBoost,1,0.7911851406097412
Azamuke 2024 (primary),XGBoost,0,0.7443516850471497
Azamuke 2024 (primary),XGBoost,0,0.0001592869230080396
Azamuke 2024 (primary),XGBoost,0,6.169494736241177e-05
Azamuke 2024 (primary),XGBoost,0,0.0006402267026714981
Azamuke 2024 (primary),XGBoost,1,0.7305651903152466
Azamuke 2024 (primary),XGBoost,1,0.6496040225028992
Azamuke 2024 (primary),XGBoost,1,0.7651166915893555
Azamuke 2024 (primary),XGBoost,1,0.6320152282714844
Azamuke 2024 (primary),XGBoost,0,0.7613410353660583
Azamuke 2024 (primary),XGBoost,1,0.8971137404441833
Azamuke 2024 (primary),XGBoost,1,0.8939864039421082
Azamuke 2024 (primary),XGBoost,1,0.997687816619873
Azamuke 2024 (primary),XGBoost,0,0.00014586688484996557
Azamuke 2024 (primary),XGBoost,0,8.024334238143638e-05
Azamuke 2024 (primary),XGBoost,1,0.7936357259750366
Azamuke 2024 (primary),XGBoost,1,0.4880886673927307
Azamuke 2024 (primary),XGBoost,0,0.0008267088560387492
Azamuke 2024 (primary),XGBoost,0,0.00028733719955198467
Azamuke 2024 (primary),XGBoost,0,7.547414861619473e-05
Azamuke 2024 (primary),XGBoost,1,0.9641456604003906
Azamuke 2024 (primary),XGBoost,1,0.8745332956314087
Azamuke 2024 (primary),XGBoost,1,0.9982598423957825
Azamuke 2024 (primary),XGBoost,1,0.7541356086730957
Azamuke 2024 (primary),XGBoost,0,0.00028961943462491035
Azamuke 2024 (primary),XGBoost,1,0.8774227499961853
Azamuke 2024 (primary),XGBoost,0,7.728327909717336e-05
Azamuke 2024 (primary),XGBoost,1,0.7985825538635254
Azamuke 2024 (primary),XGBoost,1,0.8116190433502197
Azamuke 2024 (primary),XGBoost,0,0.000215565538383089
Azamuke 2024 (primary),XGBoost,0,0.00015072972746565938
Azamuke 2024 (primary),XGBoost,0,0.8291682600975037
Azamuke 2024 (primary),XGBoost,1,0.49039798974990845
Azamuke 2024 (primary),XGBoost,0,8.648001676192507e-05
Azamuke 2024 (primary),XGBoost,1,0.8621153235435486
Azamuke 2024 (primary),XGBoost,1,0.8395869731903076
Azamuke 2024 (primary),XGBoost,1,0.9306260943412781
Azamuke 2024 (primary),XGBoost,1,0.7821566462516785
Azamuke 2024 (primary),XGBoost,1,0.7139228582382202
Azamuke 2024 (primary),XGBoost,1,0.7740175724029541
Azamuke 2024 (primary),XGBoost,1,0.7811810374259949
Azamuke 2024 (primary),XGBoost,0,0.8505440354347229
Azamuke 2024 (primary),XGBoost,1,0.8731788992881775
Azamuke 2024 (primary),XGBoost,1,0.8300521373748779
Azamuke 2024 (primary),XGBoost,1,0.8576812148094177
Azamuke 2024 (primary),XGBoost,0,0.6954999566078186
Azamuke 2024 (primary),XGBoost,1,0.7777579426765442
Azamuke 2024 (primary),XGBoost,1,0.8132525086402893
Azamuke 2024 (primary),XGBoost,0,0.00015056913252919912
Azamuke 2024 (primary),XGBoost,0,0.00014305251534096897
Azamuke 2024 (primary),XGBoost,0,0.00022365208133123815
Azamuke 2024 (primary),XGBoost,1,0.738914430141449
Azamuke 2024 (primary),XGBoost,0,0.00013821269385516644
Azamuke 2024 (primary),XGBoost,1,0.41863545775413513
Azamuke 2024 (primary),XGBoost,0,0.00047389138489961624
Azamuke 2024 (primary),XGBoost,0,7.213537901407108e-05
Azamuke 2024 (primary),XGBoost,0,0.00026780407642945647
Azamuke 2024 (primary),XGBoost,0,0.00010112521704286337
Azamuke 2024 (primary),XGBoost,0,0.00022846594220027328
Azamuke 2024 (primary),XGBoost,1,0.7857670783996582
Azamuke 2024 (primary),XGBoost,1,0.9789557456970215
Azamuke 2024 (primary),XGBoost,0,0.00024165936338249594
Azamuke 2024 (primary),XGBoost,0,4.583343616104685e-05
Azamuke 2024 (primary),XGBoost,0,4.976756827090867e-05
Azamuke 2024 (primary),XGBoost,0,2.3462453100364655e-05
Azamuke 2024 (primary),XGBoost,1,0.8621841669082642
Azamuke 2024 (primary),XGBoost,1,0.7858768105506897
Azamuke 2024 (primary),XGBoost,0,0.00013158634828869253
Azamuke 2024 (primary),XGBoost,0,0.5479776859283447
Azamuke 2024 (primary),XGBoost,0,0.89504474401474
Azamuke 2024 (primary),XGBoost,0,0.00027858553221449256
Azamuke 2024 (primary),XGBoost,0,0.00022267141321208328
Azamuke 2024 (primary),XGBoost,0,0.0002656856086105108
Azamuke 2024 (primary),XGBoost,0,0.0001645584707148373
Azamuke 2024 (primary),XGBoost,1,0.7675068378448486
Azamuke 2024 (primary),XGBoost,0,0.0001229707704624161
Azamuke 2024 (primary),XGBoost,0,0.9340983033180237
Azamuke 2024 (primary),XGBoost,1,0.9066152572631836
Azamuke 2024 (primary),XGBoost,0,5.8392022765474394e-05
Azamuke 2024 (primary),XGBoost,0,8.415879710810259e-05
Azamuke 2024 (primary),XGBoost,0,0.000721556250937283
Azamuke 2024 (primary),XGBoost,1,0.9102796316146851
Azamuke 2024 (primary),XGBoost,0,0.0004619864048436284
Azamuke 2024 (primary),XGBoost,1,0.8546635508537292
Azamuke 2024 (primary),XGBoost,1,0.9687961339950562
Azamuke 2024 (primary),XGBoost,0,0.00043416008702479303
Azamuke 2024 (primary),XGBoost,1,0.8689290285110474
Azamuke 2024 (primary),XGBoost,0,0.0005420389934442937
Azamuke 2024 (primary),XGBoost,0,0.00015480085858143866
Azamuke 2024 (primary),XGBoost,0,6.504540942842141e-05
Azamuke 2024 (primary),XGBoost,1,0.896178662776947
Azamuke 2024 (primary),XGBoost,1,0.7399128675460815
Azamuke 2024 (primary),XGBoost,0,6.321466935332865e-05
Azamuke 2024 (primary),XGBoost,0,0.0006134859286248684
Azamuke 2024 (primary),XGBoost,1,0.511907696723938
Azamuke 2024 (primary),XGBoost,0,0.904448926448822
Azamuke 2024 (primary),XGBoost,1,0.8963817954063416
Azamuke 2024 (primary),XGBoost,0,0.000659771787468344
Azamuke 2024 (primary),XGBoost,1,0.8783244490623474
Azamuke 2024 (primary),XGBoost,1,0.9145102500915527
Azamuke 2024 (primary),XGBoost,1,0.7295542359352112
Azamuke 2024 (primary),XGBoost,1,0.8592756390571594
Azamuke 2024 (primary),XGBoost,0,0.799004316329956
Azamuke 2024 (primary),XGBoost,0,0.8928221464157104
Azamuke 2024 (primary),XGBoost,0,0.00046141428174450994
Azamuke 2024 (primary),XGBoost,1,0.8291563391685486
Azamuke 2024 (primary),XGBoost,0,0.00013053171278443187
Azamuke 2024 (primary),XGBoost,0,0.6863878965377808
Azamuke 2024 (primary),XGBoost,0,0.0001093194296117872
Azamuke 2024 (primary),XGBoost,0,9.289419540436938e-05
Azamuke 2024 (primary),XGBoost,1,0.9847379922866821
Azamuke 2024 (primary),XGBoost,1,0.7023335099220276
Azamuke 2024 (primary),XGBoost,0,0.00018591775733511895
Azamuke 2024 (primary),XGBoost,1,0.9371098279953003
Azamuke 2024 (primary),XGBoost,1,0.24748654663562775
Azamuke 2024 (primary),XGBoost,1,0.7992344498634338
Azamuke 2024 (primary),XGBoost,1,0.8188419938087463
Azamuke 2024 (primary),XGBoost,0,0.8849852681159973
Azamuke 2024 (primary),XGBoost,0,0.00040176688344217837
Azamuke 2024 (primary),XGBoost,1,0.9509153366088867
Azamuke 2024 (primary),XGBoost,0,0.00014270700921770185
Azamuke 2024 (primary),XGBoost,1,0.9138650894165039
Azamuke 2024 (primary),XGBoost,1,0.6252805590629578
Azamuke 2024 (primary),XGBoost,1,0.8665684461593628
Azamuke 2024 (primary),XGBoost,1,0.35163450241088867
Azamuke 2024 (primary),XGBoost,1,0.745288074016571
Azamuke 2024 (primary),XGBoost,0,0.00013108253187965602
Azamuke 2024 (primary),XGBoost,1,0.8664553165435791
Azamuke 2024 (primary),XGBoost,1,0.8026266098022461
Azamuke 2024 (primary),XGBoost,1,0.7538352608680725
Azamuke 2024 (primary),XGBoost,1,0.8526475429534912
Azamuke 2024 (primary),XGBoost,0,0.00016558944480493665
Azamuke 2024 (primary),XGBoost,0,3.835798634099774e-05
Azamuke 2024 (primary),XGBoost,0,0.773289680480957
Azamuke 2024 (primary),XGBoost,0,0.9107983112335205
Azamuke 2024 (primary),XGBoost,0,0.00040829391218721867
Azamuke 2024 (primary),XGBoost,1,0.933785080909729
Azamuke 2024 (primary),XGBoost,0,4.4928037823410705e-05
Azamuke 2024 (primary),XGBoost,0,0.0006888738716952503
Azamuke 2024 (primary),XGBoost,1,0.7056623697280884
Azamuke 2024 (primary),XGBoost,1,0.8012015223503113
Azamuke 2024 (primary),XGBoost,0,0.745123028755188
Azamuke 2024 (primary),XGBoost,0,0.875670850276947
Azamuke 2024 (primary),XGBoost,0,0.750781774520874
Azamuke 2024 (primary),XGBoost,0,0.00019571631855797023
Azamuke 2024 (primary),XGBoost,0,0.00016226938168983907
Azamuke 2024 (primary),XGBoost,0,0.0003826764295808971
Azamuke 2024 (primary),XGBoost,1,0.6833561658859253
Azamuke 2024 (primary),XGBoost,1,0.4112679362297058
Azamuke 2024 (primary),XGBoost,1,0.8305996656417847
Azamuke 2024 (primary),XGBoost,0,0.00013259904517326504
Azamuke 2024 (primary),XGBoost,0,0.00017501847469247878
Azamuke 2024 (primary),XGBoost,0,0.0003025075711775571
Azamuke 2024 (primary),XGBoost,0,3.579289841582067e-05
Azamuke 2024 (primary),XGBoost,0,0.8254807591438293
Azamuke 2024 (primary),XGBoost,0,0.0005819787620566785
Azamuke 2024 (primary),XGBoost,1,0.8834195137023926
Azamuke 2024 (primary),XGBoost,0,0.00015091150999069214
Azamuke 2024 (primary),XGBoost,1,0.9306463599205017
Azamuke 2024 (primary),XGBoost,0,0.00010339827713323757
Azamuke 2024 (primary),XGBoost,1,0.6117777824401855
Azamuke 2024 (primary),XGBoost,0,0.00038648524787276983
Azamuke 2024 (primary),XGBoost,0,0.000161733987624757
Azamuke 2024 (primary),XGBoost,1,0.9754558205604553
Azamuke 2024 (primary),XGBoost,0,0.0003241829399485141
Azamuke 2024 (primary),XGBoost,0,0.00012357415107544512
Azamuke 2024 (primary),XGBoost,1,0.7998831868171692
Azamuke 2024 (primary),XGBoost,1,0.9252650141716003
Azamuke 2024 (primary),XGBoost,0,0.00015099556185305119
Azamuke 2024 (primary),XGBoost,1,0.9900122880935669
Azamuke 2024 (primary),XGBoost,1,0.7519487738609314
Azamuke 2024 (primary),XGBoost,0,0.00018156155420001596
Azamuke 2024 (primary),XGBoost,1,0.962363600730896
Azamuke 2024 (primary),XGBoost,1,0.7691358923912048
Azamuke 2024 (primary),XGBoost,0,0.00013970653526484966
Azamuke 2024 (primary),XGBoost,0,0.7853407859802246
Azamuke 2024 (primary),XGBoost,1,0.811414361000061
Azamuke 2024 (primary),XGBoost,0,0.8819429278373718
Azamuke 2024 (primary),XGBoost,1,0.7810023427009583
Azamuke 2024 (primary),XGBoost,0,0.00016544740356039256
Azamuke 2024 (primary),XGBoost,0,0.0001409462420269847
Azamuke 2024 (primary),XGBoost,0,0.0008683077758178115
Azamuke 2024 (primary),XGBoost,1,0.920095682144165
Azamuke 2024 (primary),XGBoost,0,0.00038545389543287456
Azamuke 2024 (primary),XGBoost,0,8.635804988443851e-05
Azamuke 2024 (primary),XGBoost,1,0.7729116678237915
Azamuke 2024 (primary),XGBoost,1,0.8287575244903564
Azamuke 2024 (primary),XGBoost,1,0.7032260894775391
Azamuke 2024 (primary),XGBoost,0,0.0006338795647025108
Azamuke 2024 (primary),XGBoost,0,0.6074434518814087
Azamuke 2024 (primary),XGBoost,1,0.8236514329910278
Azamuke 2024 (primary),XGBoost,0,0.819006621837616
Azamuke 2024 (primary),XGBoost,1,0.9146120548248291
Azamuke 2024 (primary),XGBoost,0,0.00036798240034841
Azamuke 2024 (primary),XGBoost,1,0.7217296957969666
Azamuke 2024 (primary),XGBoost,0,0.00010796613059937954
Azamuke 2024 (primary),XGBoost,1,0.9917239546775818
Azamuke 2024 (primary),XGBoost,1,0.8642030954360962
Azamuke 2024 (primary),XGBoost,0,7.050447311485186e-05
Azamuke 2024 (primary),XGBoost,0,0.7119171619415283
Azamuke 2024 (primary),XGBoost,0,0.7566379308700562
Azamuke 2024 (primary),XGBoost,1,0.9286148548126221
Azamuke 2024 (primary),XGBoost,1,0.7480695247650146
Azamuke 2024 (primary),XGBoost,1,0.8507102727890015
Azamuke 2024 (primary),XGBoost,0,6.31558577879332e-05
Azamuke 2024 (primary),XGBoost,0,0.00028615834889933467
Azamuke 2024 (primary),XGBoost,1,0.785390317440033
Azamuke 2024 (primary),XGBoost,0,0.6208593249320984
Azamuke 2024 (primary),XGBoost,0,0.917900800704956
Azamuke 2024 (primary),XGBoost,0,5.0694390665739775e-05
Azamuke 2024 (primary),XGBoost,0,0.00027502543525770307
Azamuke 2024 (primary),XGBoost,1,0.8277271389961243
Azamuke 2024 (primary),XGBoost,0,0.0001348233490716666
Azamuke 2024 (primary),XGBoost,1,0.9777176380157471
Azamuke 2024 (primary),XGBoost,1,0.998465895652771
Azamuke 2024 (primary),XGBoost,0,0.00010785336053231731
Azamuke 2024 (primary),XGBoost,1,0.6185606718063354
Azamuke 2024 (primary),XGBoost,1,0.7314923405647278
Azamuke 2024 (primary),XGBoost,0,0.00020950879843439907
Azamuke 2024 (primary),XGBoost,0,0.0004498063353821635
Azamuke 2024 (primary),XGBoost,1,0.8219700455665588
Azamuke 2024 (primary),XGBoost,1,0.85197514295578
Azamuke 2024 (primary),XGBoost,1,0.6293237209320068
Azamuke 2024 (primary),XGBoost,1,0.6882340312004089
Azamuke 2024 (primary),XGBoost,1,0.7248769402503967
Azamuke 2024 (primary),XGBoost,1,0.915505051612854
Azamuke 2024 (primary),XGBoost,1,0.8760877847671509
Azamuke 2024 (primary),XGBoost,0,4.0504051867173985e-05
Azamuke 2024 (primary),XGBoost,1,0.9029218554496765
Azamuke 2024 (primary),XGBoost,1,0.6872623562812805
Azamuke 2024 (primary),XGBoost,0,0.00017554577789269388
Azamuke 2024 (primary),XGBoost,0,0.00011841599916806445
Azamuke 2024 (primary),XGBoost,0,0.00027008773759007454
Azamuke 2024 (primary),XGBoost,1,0.7446181178092957
Azamuke 2024 (primary),XGBoost,1,0.9023243188858032
Azamuke 2024 (primary),XGBoost,0,0.0004933488671667874
Azamuke 2024 (primary),XGBoost,0,0.8713025450706482
Azamuke 2024 (primary),XGBoost,0,0.0002857932704500854
Azamuke 2024 (primary),XGBoost,1,0.8753703236579895
Azamuke 2024 (primary),XGBoost,1,0.6006246209144592
Azamuke 2024 (primary),XGBoost,1,0.5413135886192322
Azamuke 2024 (primary),XGBoost,0,0.0001018651164486073
Azamuke 2024 (primary),XGBoost,0,0.0003051490057259798
Azamuke 2024 (primary),XGBoost,0,0.8282273411750793
Azamuke 2024 (primary),XGBoost,0,4.3806918256450444e-05
Azamuke 2024 (primary),XGBoost,0,8.741742931306362e-05
Azamuke 2024 (primary),XGBoost,1,0.7825794219970703
Azamuke 2024 (primary),XGBoost,1,0.8079349994659424
Azamuke 2024 (primary),XGBoost,0,0.8837323188781738
Azamuke 2024 (primary),XGBoost,0,0.00018812018970493227
Azamuke 2024 (primary),XGBoost,1,0.8932616710662842
Azamuke 2024 (primary),XGBoost,1,0.7806692719459534
Azamuke 2024 (primary),XGBoost,0,0.00011103822180302814
Azamuke 2024 (primary),XGBoost,0,0.00010960479266941547
Azamuke 2024 (primary),XGBoost,0,0.7776994109153748
Azamuke 2024 (primary),XGBoost,1,0.7832313179969788
Azamuke 2024 (primary),XGBoost,1,0.9495038390159607
Azamuke 2024 (primary),XGBoost,0,0.00014131012721918523
Azamuke 2024 (primary),XGBoost,0,0.7201818227767944
Azamuke 2024 (primary),XGBoost,1,0.847500205039978
Azamuke 2024 (primary),XGBoost,0,0.0004284399619791657
Azamuke 2024 (primary),XGBoost,1,0.9814199805259705
Azamuke 2024 (primary),XGBoost,1,0.8954273462295532
Azamuke 2024 (primary),XGBoost,0,0.0003012133820448071
Azamuke 2024 (primary),XGBoost,0,0.0007864130893722177
Azamuke 2024 (primary),XGBoost,0,0.6840060949325562
Azamuke 2024 (primary),XGBoost,0,0.8777233958244324
Azamuke 2024 (primary),XGBoost,1,0.6973751187324524
Azamuke 2024 (primary),XGBoost,0,0.0011510738404467702
Azamuke 2024 (primary),XGBoost,0,0.4388122856616974
Azamuke 2024 (primary),XGBoost,1,0.742131769657135
Azamuke 2024 (primary),XGBoost,1,0.6853345632553101
Azamuke 2024 (primary),XGBoost,1,0.990416407585144
Azamuke 2024 (primary),XGBoost,1,0.8728395700454712
Azamuke 2024 (primary),XGBoost,0,0.9230826497077942
Azamuke 2024 (primary),XGBoost,1,0.7904946804046631
Azamuke 2024 (primary),XGBoost,1,0.7868736982345581
Azamuke 2024 (primary),XGBoost,1,0.9913827776908875
Azamuke 2024 (primary),XGBoost,0,0.9357097744941711
Azamuke 2024 (primary),XGBoost,1,0.6557859778404236
Azamuke 2024 (primary),XGBoost,1,0.8142067193984985
Azamuke 2024 (primary),XGBoost,1,0.8915532231330872
Azamuke 2024 (primary),XGBoost,0,0.0011798671912401915
Azamuke 2024 (primary),XGBoost,0,0.0001095767947845161
Azamuke 2024 (primary),XGBoost,0,0.0003982159250881523
Azamuke 2024 (primary),XGBoost,1,0.869336724281311
Azamuke 2024 (primary),XGBoost,0,0.00013533134188037366
Azamuke 2024 (primary),XGBoost,0,9.423094888916239e-05
Azamuke 2024 (primary),XGBoost,1,0.8749011158943176
Azamuke 2024 (primary),XGBoost,0,5.387410055845976e-05
Azamuke 2024 (primary),XGBoost,0,0.0006710408488288522
Azamuke 2024 (primary),XGBoost,1,0.9538487195968628
Azamuke 2024 (primary),XGBoost,0,0.00023074023192748427
Azamuke 2024 (primary),XGBoost,0,0.00041462312219664454
Azamuke 2024 (primary),XGBoost,1,0.9879947304725647
Azamuke 2024 (primary),XGBoost,0,0.00011848173744510859
Azamuke 2024 (primary),XGBoost,1,0.6934329867362976
Azamuke 2024 (primary),XGBoost,0,0.7547206282615662
Azamuke 2024 (primary),XGBoost,0,0.00013052811846137047
Azamuke 2024 (primary),XGBoost,0,0.00027434740331955254
Azamuke 2024 (primary),XGBoost,1,0.7905693650245667
Azamuke 2024 (primary),XGBoost,1,0.79888916015625
Azamuke 2024 (primary),XGBoost,0,0.00012476657866500318
Azamuke 2024 (primary),XGBoost,1,0.8117181658744812
Azamuke 2024 (primary),XGBoost,0,0.0001687048643361777
Azamuke 2024 (primary),XGBoost,1,0.8115343451499939
Azamuke 2024 (primary),XGBoost,0,3.4994707675650716e-05
Azamuke 2024 (primary),XGBoost,1,0.0765124186873436
Azamuke 2024 (primary),XGBoost,0,0.7820041179656982
Azamuke 2024 (primary),XGBoost,0,0.8594905734062195
Azamuke 2024 (primary),XGBoost,1,0.9839545488357544
Azamuke 2024 (primary),XGBoost,0,0.6977859735488892
Azamuke 2024 (primary),XGBoost,1,0.8652070760726929
Azamuke 2024 (primary),XGBoost,1,0.5294570326805115
Azamuke 2024 (primary),XGBoost,1,0.7621892094612122
Azamuke 2024 (primary),XGBoost,1,0.8351079821586609
Azamuke 2024 (primary),XGBoost,1,0.9512562155723572
Azamuke 2024 (primary),XGBoost,0,0.0005429105367511511
Azamuke 2024 (primary),XGBoost,1,0.8034500479698181
Azamuke 2024 (primary),XGBoost,1,0.8588890433311462
Azamuke 2024 (primary),XGBoost,1,0.8112231492996216
Azamuke 2024 (primary),XGBoost,0,0.910611629486084
Azamuke 2024 (primary),XGBoost,0,0.9344781041145325
Azamuke 2024 (primary),XGBoost,1,0.937360942363739
Azamuke 2024 (primary),XGBoost,0,0.9070454239845276
Azamuke 2024 (primary),XGBoost,0,0.00016361191228497773
Azamuke 2024 (primary),XGBoost,0,0.7383679151535034
Azamuke 2024 (primary),XGBoost,0,0.00015347485896199942
Azamuke 2024 (primary),XGBoost,0,7.714095409028232e-05
Azamuke 2024 (primary),XGBoost,0,6.840297282906249e-05
Azamuke 2024 (primary),XGBoost,1,0.865689218044281
Azamuke 2024 (primary),XGBoost,1,0.6789648532867432
Azamuke 2024 (primary),XGBoost,1,0.8177929520606995
Azamuke 2024 (primary),XGBoost,1,0.8558882474899292
Azamuke 2024 (primary),XGBoost,0,0.00010741591540863737
Azamuke 2024 (primary),XGBoost,0,0.00014610867947340012
Azamuke 2024 (primary),XGBoost,0,0.7586402297019958
Azamuke 2024 (primary),XGBoost,1,0.8177415728569031
Azamuke 2024 (primary),XGBoost,0,0.0002487582096364349
Azamuke 2024 (primary),XGBoost,1,0.8248687982559204
Azamuke 2024 (primary),XGBoost,1,0.6591288447380066
Azamuke 2024 (primary),XGBoost,1,0.820168673992157
Azamuke 2024 (primary),XGBoost,1,0.7715063095092773
Azamuke 2024 (primary),XGBoost,1,0.8212196826934814
Azamuke 2024 (primary),XGBoost,1,0.9154651761054993
Azamuke 2024 (primary),XGBoost,1,0.5998163223266602
Azamuke 2024 (primary),XGBoost,0,8.795835310593247e-05
Azamuke 2024 (primary),XGBoost,1,0.7500733137130737
Azamuke 2024 (primary),XGBoost,1,0.7579570412635803
Azamuke 2024 (primary),XGBoost,1,0.9209904670715332
Azamuke 2024 (primary),XGBoost,0,4.504949174588546e-05
Azamuke 2024 (primary),XGBoost,0,0.8052278757095337
Azamuke 2024 (primary),XGBoost,0,7.617639494128525e-05
Azamuke 2024 (primary),XGBoost,1,0.7865888476371765
Azamuke 2024 (primary),XGBoost,0,0.979189395904541
Azamuke 2024 (primary),XGBoost,0,0.0006590839475393295
Azamuke 2024 (primary),XGBoost,0,0.00028762800502590835
Azamuke 2024 (primary),XGBoost,1,0.8837889432907104
Azamuke 2024 (primary),XGBoost,1,0.6854058504104614
Azamuke 2024 (primary),XGBoost,1,0.9315608143806458
Azamuke 2024 (primary),XGBoost,1,0.919633686542511
Azamuke 2024 (primary),XGBoost,0,0.000168097743880935
Azamuke 2024 (primary),XGBoost,1,0.9935949444770813
Azamuke 2024 (primary),XGBoost,1,0.8590532541275024
Azamuke 2024 (primary),XGBoost,0,8.751868881518021e-05
Azamuke 2024 (primary),XGBoost,0,0.0008516507805325091
Azamuke 2024 (primary),XGBoost,0,0.7940993309020996
Azamuke 2024 (primary),XGBoost,0,0.0006041563465259969
Azamuke 2024 (primary),XGBoost,1,0.6532263159751892
Azamuke 2024 (primary),XGBoost,0,0.6095847487449646
Azamuke 2024 (primary),XGBoost,0,0.0001322264433838427
Azamuke 2024 (primary),XGBoost,1,0.7387349605560303
Azamuke 2024 (primary),XGBoost,1,0.7498350143432617
Azamuke 2024 (primary),XGBoost,1,0.783791720867157
Azamuke 2024 (primary),XGBoost,0,0.6223151683807373
Azamuke 2024 (primary),XGBoost,0,0.002055966295301914
Azamuke 2024 (primary),XGBoost,1,0.9944626688957214
Azamuke 2024 (primary),XGBoost,1,0.5502122044563293
Azamuke 2024 (primary),XGBoost,1,0.8282719850540161
Azamuke 2024 (primary),XGBoost,1,0.8931010365486145
Azamuke 2024 (primary),XGBoost,0,3.1452982511837035e-05
Azamuke 2024 (primary),XGBoost,0,0.00039193470729514956
Azamuke 2024 (primary),XGBoost,1,0.7155160903930664
Azamuke 2024 (primary),XGBoost,0,0.00018164276843890548
Azamuke 2024 (primary),XGBoost,1,0.8345015048980713
Azamuke 2024 (primary),XGBoost,1,0.7806819081306458
Azamuke 2024 (primary),XGBoost,0,0.0007106662378646433
Azamuke 2024 (primary),XGBoost,1,0.9476860761642456
Azamuke 2024 (primary),XGBoost,0,0.0016280441777780652
Azamuke 2024 (primary),XGBoost,0,0.00016787718050181866
Azamuke 2024 (primary),XGBoost,1,0.7722209095954895
Azamuke 2024 (primary),XGBoost,0,9.740849054651335e-05
Azamuke 2024 (primary),XGBoost,0,0.0001826382358558476
Azamuke 2024 (primary),XGBoost,0,0.00013644048885907978
Azamuke 2024 (primary),XGBoost,1,0.8777614235877991
Azamuke 2024 (primary),XGBoost,0,0.00010715391545090824
Azamuke 2024 (primary),XGBoost,0,0.7079300880432129
Azamuke 2024 (primary),XGBoost,0,0.00040090849506668746
Azamuke 2024 (primary),XGBoost,1,0.4514588713645935
Azamuke 2024 (primary),XGBoost,0,8.062646520556882e-05
Azamuke 2024 (primary),XGBoost,1,0.8211829662322998
Azamuke 2024 (primary),XGBoost,0,0.00019916243036277592
Azamuke 2024 (primary),XGBoost,0,0.00016807802603580058
Azamuke 2024 (primary),XGBoost,0,0.00030056448304094374
Azamuke 2024 (primary),XGBoost,1,0.8352845907211304
Azamuke 2024 (primary),XGBoost,0,0.0007109399884939194
Azamuke 2024 (primary),XGBoost,1,0.7686138153076172
Azamuke 2024 (primary),XGBoost,1,0.8657740950584412
Azamuke 2024 (primary),XGBoost,1,0.903978168964386
Azamuke 2024 (primary),XGBoost,0,0.00016391687677241862
Azamuke 2024 (primary),XGBoost,0,0.0005587208434008062
Azamuke 2024 (primary),XGBoost,0,7.894560985732824e-05
Azamuke 2024 (primary),XGBoost,1,0.9806287288665771
Azamuke 2024 (primary),XGBoost,1,0.8475393652915955
Azamuke 2024 (primary),XGBoost,0,0.00014368958363775164
Azamuke 2024 (primary),XGBoost,1,0.7985497117042542
Azamuke 2024 (primary),XGBoost,0,0.000115166389150545
Azamuke 2024 (primary),XGBoost,1,0.7531078457832336
Azamuke 2024 (primary),XGBoost,1,0.7750268578529358
Azamuke 2024 (primary),XGBoost,0,0.0003136604209430516
Azamuke 2024 (primary),XGBoost,0,6.813007348682731e-05
Azamuke 2024 (primary),XGBoost,0,0.002304360968992114
Azamuke 2024 (primary),XGBoost,1,0.9532703161239624
Azamuke 2024 (primary),XGBoost,1,0.9111495018005371
Azamuke 2024 (primary),XGBoost,0,0.00028578919591382146
Azamuke 2024 (primary),XGBoost,1,0.7760027647018433
Azamuke 2024 (primary),XGBoost,0,0.00010248810576740652
Azamuke 2024 (primary),XGBoost,1,0.5748434066772461
Azamuke 2024 (primary),XGBoost,0,0.0002506544697098434
Azamuke 2024 (primary),XGBoost,1,0.8037945628166199
Azamuke 2024 (primary),XGBoost,1,0.7437444925308228
Azamuke 2024 (primary),XGBoost,1,0.7731236219406128
Azamuke 2024 (primary),XGBoost,0,0.00012992338452022523
Azamuke 2024 (primary),XGBoost,0,3.367528552189469e-05
Azamuke 2024 (primary),XGBoost,0,0.0002843734109774232
Azamuke 2024 (primary),XGBoost,1,0.5059592723846436
Azamuke 2024 (primary),XGBoost,1,0.9189580082893372
Azamuke 2024 (primary),XGBoost,0,0.897754967212677
Azamuke 2024 (primary),XGBoost,0,0.8868523836135864
Azamuke 2024 (primary),XGBoost,1,0.9764389991760254
Azamuke 2024 (primary),XGBoost,0,0.797432005405426
Azamuke 2024 (primary),XGBoost,1,0.8985146284103394
Azamuke 2024 (primary),XGBoost,1,0.8602818250656128
Azamuke 2024 (primary),XGBoost,0,0.00034071961999870837
Azamuke 2024 (primary),XGBoost,1,0.8182462453842163
Azamuke 2024 (primary),XGBoost,1,0.7148683667182922
Azamuke 2024 (primary),XGBoost,1,0.8463743329048157
Azamuke 2024 (primary),XGBoost,0,0.0013819008599966764
Azamuke 2024 (primary),XGBoost,0,0.0003159377083647996
Azamuke 2024 (primary),XGBoost,0,0.0004139028023928404
Azamuke 2024 (primary),XGBoost,0,0.0002712107088882476
Azamuke 2024 (primary),XGBoost,0,0.00039358253707177937
Azamuke 2024 (primary),XGBoost,0,7.383962656604126e-05
Azamuke 2024 (primary),XGBoost,1,0.789812445640564
Azamuke 2024 (primary),XGBoost,1,0.8650904297828674
Azamuke 2024 (primary),XGBoost,1,0.7478169202804565
Azamuke 2024 (primary),XGBoost,0,0.0002507563040126115
Azamuke 2024 (primary),XGBoost,0,0.0005006953724659979
Azamuke 2024 (primary),XGBoost,1,0.9392920732498169
Azamuke 2024 (primary),XGBoost,1,0.6853042840957642
Azamuke 2024 (primary),XGBoost,0,0.5929620265960693
Azamuke 2024 (primary),XGBoost,0,0.00031965217203833163
Azamuke 2024 (primary),XGBoost,0,0.8808214664459229
Azamuke 2024 (primary),XGBoost,1,0.7293531894683838
Azamuke 2024 (primary),XGBoost,0,0.00035729934461414814
Azamuke 2024 (primary),XGBoost,0,0.00014882472169119865
Azamuke 2024 (primary),XGBoost,1,0.9451280832290649
Azamuke 2024 (primary),XGBoost,0,0.0030493943486362696
Azamuke 2024 (primary),XGBoost,1,0.631187379360199
Azamuke 2024 (primary),XGBoost,0,0.00025686019216664135
Azamuke 2024 (primary),XGBoost,0,0.0005361271905712783
Azamuke 2024 (primary),XGBoost,1,0.8187963366508484
Azamuke 2024 (primary),XGBoost,1,0.7720723152160645
Azamuke 2024 (primary),XGBoost,0,0.00010821825708262622
Azamuke 2024 (primary),XGBoost,1,0.8668559193611145
Azamuke 2024 (primary),XGBoost,0,0.00018145062495023012
Azamuke 2024 (primary),XGBoost,1,0.4785560369491577
Azamuke 2024 (primary),XGBoost,0,6.432868394767866e-05
Azamuke 2024 (primary),XGBoost,0,8.007608994375914e-05
Azamuke 2024 (primary),XGBoost,0,3.1859588489169255e-05
Azamuke 2024 (primary),XGBoost,1,0.6786043047904968
Azamuke 2024 (primary),XGBoost,0,0.000582265027333051
Azamuke 2024 (primary),XGBoost,0,0.5372283458709717
Azamuke 2024 (primary),XGBoost,0,0.0002876836515497416
Azamuke 2024 (primary),XGBoost,0,8.760259515838698e-05
Azamuke 2024 (primary),XGBoost,1,0.9325027465820312
Azamuke 2024 (primary),XGBoost,1,0.8683230876922607
Azamuke 2024 (primary),XGBoost,0,0.918457567691803
Azamuke 2024 (primary),XGBoost,0,0.7981203198432922
Azamuke 2024 (primary),XGBoost,0,0.00010337560524931177
Azamuke 2024 (primary),XGBoost,1,0.7488232254981995
Azamuke 2024 (primary),XGBoost,1,0.7836537957191467
Azamuke 2024 (primary),XGBoost,1,0.7522160410881042
Azamuke 2024 (primary),XGBoost,1,0.801405668258667
Azamuke 2024 (primary),XGBoost,0,4.1308168874820694e-05
Azamuke 2024 (primary),XGBoost,1,0.811465322971344
Azamuke 2024 (primary),XGBoost,0,0.6055442690849304
Azamuke 2024 (primary),XGBoost,1,0.8170776963233948
Azamuke 2024 (primary),XGBoost,0,0.00019901264749933034
Azamuke 2024 (primary),XGBoost,0,0.00016624043928459287
Azamuke 2024 (primary),XGBoost,1,0.7923412322998047
Azamuke 2024 (primary),XGBoost,1,0.688689649105072
Azamuke 2024 (primary),XGBoost,0,6.957291043363512e-05
Azamuke 2024 (primary),XGBoost,1,0.5406937003135681
Azamuke 2024 (primary),XGBoost,0,0.0001059603164321743
Azamuke 2024 (primary),XGBoost,1,0.8079844117164612
Azamuke 2024 (primary),XGBoost,0,0.0019582542590796947
Azamuke 2024 (primary),XGBoost,0,0.0002991299843415618
Azamuke 2024 (primary),XGBoost,1,0.9410626292228699
Azamuke 2024 (primary),XGBoost,1,0.8116138577461243
Azamuke 2024 (primary),XGBoost,1,0.7736948132514954
Azamuke 2024 (primary),XGBoost,1,0.8503455519676208
Azamuke 2024 (primary),XGBoost,0,0.8492279052734375
Azamuke 2024 (primary),XGBoost,1,0.6587697267532349
Azamuke 2024 (primary),XGBoost,1,0.6725878715515137
Azamuke 2024 (primary),XGBoost,1,0.7281800508499146
Azamuke 2024 (primary),XGBoost,1,0.7392265200614929
Azamuke 2024 (primary),XGBoost,1,0.9158017039299011
Azamuke 2024 (primary),XGBoost,1,0.7862414121627808
Azamuke 2024 (primary),XGBoost,1,0.930156409740448
Azamuke 2024 (primary),XGBoost,0,0.4901883602142334
Azamuke 2024 (primary),XGBoost,0,0.00020813735318370163
Azamuke 2024 (primary),XGBoost,0,8.776272443355992e-05
Azamuke 2024 (primary),XGBoost,0,9.244985994882882e-05
Azamuke 2024 (primary),XGBoost,1,0.9940335154533386
Azamuke 2024 (primary),XGBoost,0,0.00019027703092433512
Azamuke 2024 (primary),XGBoost,0,0.0006221000803634524
Azamuke 2024 (primary),XGBoost,0,0.0012163682840764523
Azamuke 2024 (primary),XGBoost,0,0.745086669921875
Azamuke 2024 (primary),XGBoost,1,0.760458767414093
Azamuke 2024 (primary),XGBoost,1,0.8118157982826233
Azamuke 2024 (primary),XGBoost,0,0.00035322250914759934
Azamuke 2024 (primary),XGBoost,1,0.9188677072525024
Azamuke 2024 (primary),XGBoost,0,0.7762918472290039
Azamuke 2024 (primary),XGBoost,1,0.8418858051300049
Azamuke 2024 (primary),XGBoost,0,0.6635770201683044
Azamuke 2024 (primary),XGBoost,1,0.3458998501300812
Azamuke 2024 (primary),XGBoost,1,0.7022567391395569
Azamuke 2024 (primary),XGBoost,1,0.806892991065979
Azamuke 2024 (primary),XGBoost,1,0.9965819716453552
Azamuke 2024 (primary),XGBoost,1,0.7716732621192932
Azamuke 2024 (primary),XGBoost,0,4.971017551724799e-05
Azamuke 2024 (primary),XGBoost,0,9.685164695838466e-05
Azamuke 2024 (primary),XGBoost,1,0.761290967464447
Azamuke 2024 (primary),XGBoost,1,0.5979282259941101
Azamuke 2024 (primary),XGBoost,0,6.795294029871002e-05
Azamuke 2024 (primary),XGBoost,1,0.7791278958320618
Azamuke 2024 (primary),XGBoost,1,0.49058184027671814
Azamuke 2024 (primary),XGBoost,0,0.00039401970570906997
Azamuke 2024 (primary),XGBoost,1,0.6347693204879761
Azamuke 2024 (primary),XGBoost,1,0.9451966285705566
Azamuke 2024 (primary),XGBoost,0,8.845167030813172e-05
Azamuke 2024 (primary),XGBoost,0,0.004344345070421696
Azamuke 2024 (primary),XGBoost,1,0.8102697730064392
Azamuke 2024 (primary),XGBoost,0,0.00035011168802157044
Azamuke 2024 (primary),XGBoost,0,0.8642495274543762
Azamuke 2024 (primary),XGBoost,1,0.9297985434532166
Azamuke 2024 (primary),XGBoost,0,9.576129377819598e-05
Azamuke 2024 (primary),XGBoost,0,0.00029808346880599856
Azamuke 2024 (primary),XGBoost,0,0.00023360957857221365
Azamuke 2024 (primary),XGBoost,1,0.7638399004936218
Azamuke 2024 (primary),XGBoost,1,0.9552855491638184
Azamuke 2024 (primary),XGBoost,0,6.0527872847160324e-05
Azamuke 2024 (primary),XGBoost,1,0.7799996733665466
Azamuke 2024 (primary),XGBoost,1,0.8199634552001953
Azamuke 2024 (primary),XGBoost,1,0.7397026419639587
Azamuke 2024 (primary),XGBoost,0,0.7785691618919373
Azamuke 2024 (primary),XGBoost,1,0.6635580658912659
Azamuke 2024 (primary),XGBoost,0,3.261397432652302e-05
Azamuke 2024 (primary),XGBoost,0,0.8574206233024597
Azamuke 2024 (primary),XGBoost,1,0.8834815621376038
Azamuke 2024 (primary),XGBoost,1,0.6556639671325684
Azamuke 2024 (primary),XGBoost,1,0.5834193825721741
Azamuke 2024 (primary),XGBoost,0,7.151681347750127e-05
Azamuke 2024 (primary),XGBoost,1,0.8278310298919678
Azamuke 2024 (primary),XGBoost,0,3.689877121360041e-05
Azamuke 2024 (primary),XGBoost,1,0.5413296222686768
Azamuke 2024 (primary),XGBoost,0,0.0002018353552557528
Azamuke 2024 (primary),XGBoost,1,0.9910278916358948
Azamuke 2024 (primary),XGBoost,0,6.809006299590692e-05
Azamuke 2024 (primary),XGBoost,1,0.7351547479629517
Azamuke 2024 (primary),XGBoost,0,0.000566900591365993
Azamuke 2024 (primary),XGBoost,0,9.490267984801903e-05
Azamuke 2024 (primary),XGBoost,0,0.0009980567265301943
Azamuke 2024 (primary),XGBoost,1,0.8901973366737366
Azamuke 2024 (primary),XGBoost,1,0.9383825659751892
Azamuke 2024 (primary),XGBoost,0,0.0007431159028783441
Azamuke 2024 (primary),XGBoost,1,0.7529429793357849
Azamuke 2024 (primary),XGBoost,1,0.9409570097923279
Azamuke 2024 (primary),XGBoost,1,0.6093118786811829
Azamuke 2024 (primary),XGBoost,1,0.7537078261375427
Azamuke 2024 (primary),XGBoost,1,0.7804985642433167
Azamuke 2024 (primary),XGBoost,1,0.809319257736206
Azamuke 2024 (primary),XGBoost,1,0.8663355708122253
Azamuke 2024 (primary),XGBoost,0,0.00012608396355062723
Azamuke 2024 (primary),XGBoost,0,7.269992056535557e-05
Azamuke 2024 (primary),XGBoost,1,0.8615401387214661
Azamuke 2024 (primary),XGBoost,0,0.8110530376434326
Azamuke 2024 (primary),XGBoost,1,0.8643079400062561
Azamuke 2024 (primary),XGBoost,0,0.00015687342965975404
Azamuke 2024 (primary),XGBoost,0,0.00015195432933978736
Azamuke 2024 (primary),XGBoost,1,0.576411783695221
Azamuke 2024 (primary),XGBoost,0,0.00014732130512129515
Azamuke 2024 (primary),XGBoost,1,0.9849239587783813
Azamuke 2024 (primary),XGBoost,1,0.8250963091850281
Azamuke 2024 (primary),XGBoost,1,0.7573156952857971
Azamuke 2024 (primary),XGBoost,0,0.8506534099578857
Azamuke 2024 (primary),XGBoost,1,0.8309366703033447
Azamuke 2024 (primary),XGBoost,1,0.9502485394477844
Azamuke 2024 (primary),XGBoost,1,0.8211092352867126
Azamuke 2024 (primary),XGBoost,1,0.944643497467041
Azamuke 2024 (primary),XGBoost,1,0.8671197295188904
Azamuke 2024 (primary),XGBoost,0,0.8208601474761963
Azamuke 2024 (primary),XGBoost,1,0.7339091300964355
Azamuke 2024 (primary),XGBoost,1,0.5347299575805664
Azamuke 2024 (primary),XGBoost,1,0.8914213180541992
Azamuke 2024 (primary),XGBoost,1,0.9769317507743835
Azamuke 2024 (primary),XGBoost,1,0.8203079104423523
Azamuke 2024 (primary),XGBoost,1,0.9018866419792175
Azamuke 2024 (primary),XGBoost,1,0.9774600267410278
Azamuke 2024 (primary),XGBoost,1,0.8341266512870789
Azamuke 2024 (primary),XGBoost,1,0.9436560869216919
Azamuke 2024 (primary),XGBoost,1,0.9317825436592102
Azamuke 2024 (primary),XGBoost,0,0.737218976020813
Azamuke 2024 (primary),XGBoost,0,0.0002717162133194506
Azamuke 2024 (primary),XGBoost,0,4.662866558646783e-05
Azamuke 2024 (primary),XGBoost,0,8.505483128828928e-05
Azamuke 2024 (primary),XGBoost,1,0.7116771340370178
Azamuke 2024 (primary),XGBoost,0,7.333682879107073e-05
Azamuke 2024 (primary),XGBoost,0,0.6186680793762207
Azamuke 2024 (primary),XGBoost,0,0.00015673930465709418
Azamuke 2024 (primary),XGBoost,1,0.8601886630058289
Azamuke 2024 (primary),XGBoost,0,0.0006181405042298138
Azamuke 2024 (primary),XGBoost,1,0.7225132584571838
Azamuke 2024 (primary),XGBoost,1,0.6601049304008484
Azamuke 2024 (primary),XGBoost,0,6.638967897742987e-05
Azamuke 2024 (primary),XGBoost,1,0.7268992066383362
Azamuke 2024 (primary),XGBoost,1,0.39153069257736206
Azamuke 2024 (primary),XGBoost,1,0.769599974155426
Azamuke 2024 (primary),XGBoost,0,0.8047192096710205
Azamuke 2024 (primary),XGBoost,1,0.9972725510597229
Azamuke 2024 (primary),XGBoost,0,8.708130189916119e-05
Azamuke 2024 (primary),XGBoost,0,0.8530681133270264
Azamuke 2024 (primary),XGBoost,0,0.6752614378929138
Azamuke 2024 (primary),XGBoost,1,0.857109785079956
Azamuke 2024 (primary),XGBoost,1,0.9345019459724426
Azamuke 2024 (primary),XGBoost,1,0.8291239142417908
Azamuke 2024 (primary),XGBoost,1,0.8300387859344482
Azamuke 2024 (primary),XGBoost,0,0.8449080586433411
Azamuke 2024 (primary),XGBoost,0,0.00023625089670531452
Azamuke 2024 (primary),XGBoost,1,0.8397970795631409
Azamuke 2024 (primary),XGBoost,1,0.9290891289710999
Azamuke 2024 (primary),XGBoost,1,0.9221237897872925
Azamuke 2024 (primary),XGBoost,1,0.759209156036377
Azamuke 2024 (primary),XGBoost,1,0.7035196423530579
Azamuke 2024 (primary),XGBoost,1,0.4627120792865753
Azamuke 2024 (primary),XGBoost,0,0.7592182159423828
Azamuke 2024 (primary),XGBoost,0,8.204824553104118e-05
Azamuke 2024 (primary),XGBoost,0,0.00014719592581968755
Azamuke 2024 (primary),XGBoost,1,0.8578760623931885
Azamuke 2024 (primary),XGBoost,1,0.7230244278907776
Azamuke 2024 (primary),XGBoost,1,0.6145530939102173
Azamuke 2024 (primary),XGBoost,1,0.8804558515548706
Azamuke 2024 (primary),XGBoost,0,0.00019334863463882357
Azamuke 2024 (primary),XGBoost,1,0.5586572885513306
Azamuke 2024 (primary),XGBoost,1,0.9334419965744019
Azamuke 2024 (primary),XGBoost,1,0.7443481683731079
Azamuke 2024 (primary),XGBoost,1,0.8107014894485474
Azamuke 2024 (primary),XGBoost,0,0.0005498957470990717
Azamuke 2024 (primary),XGBoost,1,0.8322499990463257
Azamuke 2024 (primary),XGBoost,1,0.6985975503921509
Azamuke 2024 (primary),XGBoost,1,0.8111757040023804
Azamuke 2024 (primary),XGBoost,0,0.00020492501789703965
Azamuke 2024 (primary),XGBoost,0,0.00012129145761718974
Azamuke 2024 (primary),XGBoost,0,0.0003197436162736267
Azamuke 2024 (primary),XGBoost,1,0.9826898574829102
Azamuke 2024 (primary),XGBoost,1,0.9875825047492981
Azamuke 2024 (primary),XGBoost,1,0.8838704228401184
Azamuke 2024 (primary),XGBoost,1,0.7533283233642578
Azamuke 2024 (primary),XGBoost,0,9.706476703286171e-05
Azamuke 2024 (primary),XGBoost,1,0.7031000256538391
Azamuke 2024 (primary),XGBoost,1,0.8371044993400574
Azamuke 2024 (primary),XGBoost,1,0.9383673071861267
Azamuke 2024 (primary),XGBoost,1,0.5514566898345947
Azamuke 2024 (primary),XGBoost,1,0.849147379398346
Azamuke 2024 (primary),XGBoost,0,0.0004711660440079868
Azamuke 2024 (primary),XGBoost,0,0.00019996809714939445
Azamuke 2024 (primary),XGBoost,0,0.00030749497818760574
Azamuke 2024 (primary),XGBoost,1,0.9949170351028442
Azamuke 2024 (primary),XGBoost,1,0.9218431115150452
Azamuke 2024 (primary),XGBoost,1,0.8631537556648254
Azamuke 2024 (primary),XGBoost,0,0.0002784458629321307
Azamuke 2024 (primary),XGBoost,0,0.747307538986206
Azamuke 2024 (primary),XGBoost,1,0.7549830675125122
Azamuke 2024 (primary),XGBoost,1,0.8328160643577576
Azamuke 2024 (primary),XGBoost,0,0.00029748925589956343
Azamuke 2024 (primary),XGBoost,0,0.0004198149254079908
Azamuke 2024 (primary),XGBoost,0,0.0005567791522480547
Azamuke 2024 (primary),XGBoost,1,0.8992659449577332
Azamuke 2024 (primary),XGBoost,0,0.0001737530983518809
Azamuke 2024 (primary),XGBoost,0,0.0002129118947777897
Azamuke 2024 (primary),XGBoost,1,0.984728991985321
Azamuke 2024 (primary),XGBoost,1,0.720504879951477
Azamuke 2024 (primary),XGBoost,1,0.8492241501808167
Azamuke 2024 (primary),XGBoost,1,0.6555007100105286
Azamuke 2024 (primary),XGBoost,0,0.00019892728596460074
Azamuke 2024 (primary),XGBoost,1,0.8224280476570129
Azamuke 2024 (primary),XGBoost,0,3.0031813366804272e-05
Azamuke 2024 (primary),XGBoost,1,0.7629083395004272
Azamuke 2024 (primary),XGBoost,1,0.8171311616897583
Azamuke 2024 (primary),XGBoost,0,0.0004591297183651477
Azamuke 2024 (primary),XGBoost,0,0.00021714861213695258
Azamuke 2024 (primary),XGBoost,0,0.9147118926048279
Azamuke 2024 (primary),XGBoost,1,0.8631982207298279
Azamuke 2024 (primary),XGBoost,1,0.8575663566589355
Azamuke 2024 (primary),XGBoost,0,0.0005529941990971565
Azamuke 2024 (primary),XGBoost,1,0.7709454298019409
Azamuke 2024 (primary),XGBoost,1,0.9275711178779602
Azamuke 2024 (primary),XGBoost,0,5.5858334235381335e-05
Azamuke 2024 (primary),XGBoost,1,0.8863139748573303
Azamuke 2024 (primary),XGBoost,0,6.538814341183752e-05
Azamuke 2024 (primary),XGBoost,0,0.0001377841253997758
Azamuke 2024 (primary),XGBoost,1,0.8821321129798889
Azamuke 2024 (primary),XGBoost,0,0.000367345375707373
Azamuke 2024 (primary),XGBoost,0,0.00012490728113334626
Azamuke 2024 (primary),XGBoost,0,8.683584746904671e-05
Azamuke 2024 (primary),XGBoost,0,0.9082671403884888
Azamuke 2024 (primary),XGBoost,0,0.0013448955724015832
Azamuke 2024 (primary),XGBoost,0,6.259859219426289e-05
Azamuke 2024 (primary),XGBoost,1,0.827075719833374
Azamuke 2024 (primary),XGBoost,1,0.9855737090110779
Azamuke 2024 (primary),XGBoost,0,6.60236764815636e-05
Azamuke 2024 (primary),XGBoost,0,0.00010596142965368927
Azamuke 2024 (primary),XGBoost,1,0.7961826920509338
Azamuke 2024 (primary),XGBoost,1,0.9024643898010254
Azamuke 2024 (primary),XGBoost,1,0.9955995082855225
Azamuke 2024 (primary),XGBoost,1,0.6446079611778259
Azamuke 2024 (primary),XGBoost,0,0.34692415595054626
Azamuke 2024 (primary),XGBoost,1,0.7479709982872009
Azamuke 2024 (primary),XGBoost,1,0.8863325119018555
Azamuke 2024 (primary),XGBoost,1,0.7442377209663391
Azamuke 2024 (primary),XGBoost,0,0.9302414059638977
Azamuke 2024 (primary),XGBoost,0,0.00023816288739908487
Azamuke 2024 (primary),XGBoost,0,0.00015464727766811848
Azamuke 2024 (primary),XGBoost,1,0.5952940583229065
Azamuke 2024 (primary),XGBoost,1,0.8334978818893433
Azamuke 2024 (primary),XGBoost,1,0.759385347366333
Azamuke 2024 (primary),XGBoost,1,0.9335261583328247
Azamuke 2024 (primary),XGBoost,0,0.00014103994180914015
Azamuke 2024 (primary),XGBoost,0,0.000704779289662838
Azamuke 2024 (primary),XGBoost,1,0.7053559422492981
Azamuke 2024 (primary),XGBoost,1,0.7646194696426392
Azamuke 2024 (primary),XGBoost,1,0.9062795639038086
Azamuke 2024 (primary),XGBoost,0,0.00011320652265567333
Azamuke 2024 (primary),XGBoost,1,0.7092490196228027
Azamuke 2024 (primary),XGBoost,0,7.30857063899748e-05
Azamuke 2024 (primary),XGBoost,0,0.00013566443521995097
Azamuke 2024 (primary),XGBoost,1,0.6948183178901672
Azamuke 2024 (primary),XGBoost,1,0.928337574005127
Azamuke 2024 (primary),XGBoost,0,0.0001914964959723875
Azamuke 2024 (primary),XGBoost,1,0.7257099747657776
Azamuke 2024 (primary),XGBoost,0,0.6984484791755676
Azamuke 2024 (primary),XGBoost,0,0.0005715079605579376
Azamuke 2024 (primary),XGBoost,1,0.827063262462616
Azamuke 2024 (primary),XGBoost,1,0.8720797896385193
Azamuke 2024 (primary),XGBoost,0,0.00010457438474986702
Azamuke 2024 (primary),XGBoost,0,0.0003920214076060802
Azamuke 2024 (primary),XGBoost,1,0.9397398829460144
Azamuke 2024 (primary),XGBoost,0,0.00014622129674535245
Azamuke 2024 (primary),XGBoost,1,0.7850997447967529
Azamuke 2024 (primary),XGBoost,0,0.8676161170005798
Azamuke 2024 (primary),XGBoost,0,0.0002345015382161364
Azamuke 2024 (primary),XGBoost,0,0.0002252953709103167
Azamuke 2024 (primary),XGBoost,1,0.8848803043365479
Azamuke 2024 (primary),XGBoost,0,0.7866497039794922
Azamuke 2024 (primary),XGBoost,0,9.924060577759519e-05
Azamuke 2024 (primary),XGBoost,0,0.00036208832170814276
Azamuke 2024 (primary),XGBoost,0,0.0004114972543902695
Azamuke 2024 (primary),XGBoost,0,0.0005395123152993619
Azamuke 2024 (primary),XGBoost,0,0.00026847183471545577
Azamuke 2024 (primary),XGBoost,1,0.7848793268203735
Azamuke 2024 (primary),XGBoost,0,0.8355268836021423
Azamuke 2024 (primary),XGBoost,1,0.9976463913917542
Azamuke 2024 (primary),XGBoost,0,0.7555813789367676
Azamuke 2024 (primary),XGBoost,0,0.00016180987586267292
Azamuke 2024 (primary),XGBoost,1,0.8004752993583679
Azamuke 2024 (primary),XGBoost,1,0.9538082480430603
Azamuke 2024 (primary),XGBoost,0,0.8337740302085876
Azamuke 2024 (primary),XGBoost,0,0.00035760196624323726
Azamuke 2024 (primary),XGBoost,0,8.734285074751824e-05
Azamuke 2024 (primary),XGBoost,1,0.7222731709480286
Azamuke 2024 (primary),XGBoost,0,0.00011302941129542887
Azamuke 2024 (primary),XGBoost,0,0.0005762293585576117
Azamuke 2024 (primary),XGBoost,1,0.853812575340271
Azamuke 2024 (primary),XGBoost,0,4.781465031555854e-05
Azamuke 2024 (primary),XGBoost,1,0.8102968335151672
Azamuke 2024 (primary),XGBoost,1,0.8267006278038025
Azamuke 2024 (primary),XGBoost,1,0.9090151190757751
Azamuke 2024 (primary),XGBoost,1,0.37940582633018494
Azamuke 2024 (primary),XGBoost,0,0.0001349923841189593
Azamuke 2024 (primary),XGBoost,1,0.7344048023223877
Azamuke 2024 (primary),XGBoost,0,0.6814805865287781
Azamuke 2024 (primary),XGBoost,0,0.00045687740202993155
Azamuke 2024 (primary),XGBoost,1,0.8163226842880249
Azamuke 2024 (primary),XGBoost,0,0.00011377479677321389
Azamuke 2024 (primary),XGBoost,1,0.8391983509063721
Azamuke 2024 (primary),XGBoost,1,0.9612975120544434
Azamuke 2024 (primary),XGBoost,1,0.5618779063224792
Azamuke 2024 (primary),XGBoost,1,0.792301595211029
Azamuke 2024 (primary),XGBoost,0,0.00010315158579032868
Azamuke 2024 (primary),XGBoost,0,0.860686719417572
Azamuke 2024 (primary),XGBoost,0,0.00018100996385328472
Azamuke 2024 (primary),XGBoost,1,0.8120280504226685
Azamuke 2024 (primary),XGBoost,0,0.00010544012184254825
Azamuke 2024 (primary),XGBoost,0,7.299766730284318e-05
Azamuke 2024 (primary),XGBoost,1,0.8804448246955872
Azamuke 2024 (primary),XGBoost,1,0.9819833040237427
Azamuke 2024 (primary),XGBoost,1,0.9504279494285583
Azamuke 2024 (primary),XGBoost,1,0.6817429065704346
Azamuke 2024 (primary),XGBoost,1,0.7104396820068359
Azamuke 2024 (primary),XGBoost,0,0.0001737393467919901
Azamuke 2024 (primary),XGBoost,0,0.8160400986671448
Azamuke 2024 (primary),XGBoost,1,0.8017425537109375
Azamuke 2024 (primary),XGBoost,0,0.5883608460426331
Azamuke 2024 (primary),XGBoost,1,0.8008277416229248
Azamuke 2024 (primary),XGBoost,1,0.7965046763420105
Azamuke 2024 (primary),XGBoost,0,0.0002686715452000499
Azamuke 2024 (primary),XGBoost,0,0.0008887028670869768
Azamuke 2024 (primary),XGBoost,1,0.9957119226455688
Azamuke 2024 (primary),XGBoost,1,0.7678089737892151
Azamuke 2024 (primary),XGBoost,1,0.8412728905677795
Azamuke 2024 (primary),XGBoost,0,0.0005831784219481051
Azamuke 2024 (primary),XGBoost,1,0.764983594417572
Azamuke 2024 (primary),XGBoost,1,0.8519611358642578
Azamuke 2024 (primary),XGBoost,1,0.8424846529960632
Azamuke 2024 (primary),XGBoost,0,0.5877358317375183
Azamuke 2024 (primary),XGBoost,0,0.00012392614735290408
Azamuke 2024 (primary),XGBoost,1,0.9947978258132935
Azamuke 2024 (primary),XGBoost,1,0.9231919646263123
Azamuke 2024 (primary),XGBoost,1,0.6859456896781921
Azamuke 2024 (primary),XGBoost,1,0.8007568120956421
Azamuke 2024 (primary),XGBoost,1,0.8098587989807129
Azamuke 2024 (primary),XGBoost,0,0.0004119109071325511
Azamuke 2024 (primary),XGBoost,1,0.7322563529014587
Azamuke 2024 (primary),XGBoost,0,0.0004997129435651004
Azamuke 2024 (primary),XGBoost,0,6.992782437009737e-05
Azamuke 2024 (primary),XGBoost,1,0.9009387493133545
Azamuke 2024 (primary),XGBoost,0,3.144368383800611e-05
Azamuke 2024 (primary),XGBoost,1,0.8683191537857056
Azamuke 2024 (primary),XGBoost,1,0.8064743280410767
Azamuke 2024 (primary),XGBoost,0,0.00012082014291081578
Azamuke 2024 (primary),XGBoost,1,0.9694711565971375
Azamuke 2024 (primary),XGBoost,0,0.5015327334403992
Azamuke 2024 (primary),XGBoost,0,0.0001368493540212512
Azamuke 2024 (primary),XGBoost,1,0.745234489440918
Azamuke 2024 (primary),XGBoost,1,0.9601068496704102
Azamuke 2024 (primary),XGBoost,1,0.5320548415184021
Azamuke 2024 (primary),XGBoost,0,4.735226320917718e-05
Azamuke 2024 (primary),XGBoost,0,0.00011877110227942467
Azamuke 2024 (primary),XGBoost,1,0.8933175206184387
Azamuke 2024 (primary),XGBoost,0,0.7774427533149719
Azamuke 2024 (primary),XGBoost,0,0.0007808383670635521
Azamuke 2024 (primary),XGBoost,0,4.871639612247236e-05
Azamuke 2024 (primary),XGBoost,0,0.00119608617387712
Azamuke 2024 (primary),XGBoost,1,0.9861677289009094
Azamuke 2024 (primary),XGBoost,0,0.00015640472702216357
Azamuke 2024 (primary),XGBoost,1,0.8789990544319153
Azamuke 2024 (primary),XGBoost,0,5.2154642617097124e-05
Azamuke 2024 (primary),XGBoost,1,0.5340015292167664
Azamuke 2024 (primary),XGBoost,0,0.9449086785316467
Azamuke 2024 (primary),XGBoost,1,0.4062030613422394
Azamuke 2024 (primary),XGBoost,1,0.7471423745155334
Azamuke 2024 (primary),XGBoost,0,0.0007242868305183947
Azamuke 2024 (primary),XGBoost,1,0.7754601836204529
Azamuke 2024 (primary),XGBoost,1,0.9228655695915222
Azamuke 2024 (primary),XGBoost,1,0.7357339859008789
Azamuke 2024 (primary),XGBoost,0,0.00042962413863278925
Azamuke 2024 (primary),XGBoost,0,0.00022382274619303644
Azamuke 2024 (primary),XGBoost,0,0.00036365370033308864
Azamuke 2024 (primary),XGBoost,1,0.8713223338127136
Azamuke 2024 (primary),XGBoost,1,0.7449285387992859
Azamuke 2024 (primary),XGBoost,0,0.00011809170973720029
Azamuke 2024 (primary),XGBoost,0,0.00029190751956775784
Azamuke 2024 (primary),XGBoost,0,0.00011993536463705823
Azamuke 2024 (primary),XGBoost,0,0.8651954531669617
Azamuke 2024 (primary),XGBoost,1,0.7375400066375732
Azamuke 2024 (primary),XGBoost,1,0.7232316732406616
Azamuke 2024 (primary),XGBoost,0,8.07355681899935e-05
Azamuke 2024 (primary),XGBoost,1,0.9984802603721619
Azamuke 2024 (primary),XGBoost,0,0.0002964357554446906
Azamuke 2024 (primary),XGBoost,1,0.973627507686615
Azamuke 2024 (primary),XGBoost,0,0.9278391599655151
Azamuke 2024 (primary),XGBoost,1,0.8482681512832642
Azamuke 2024 (primary),XGBoost,1,0.8673645853996277
Azamuke 2024 (primary),XGBoost,0,0.00017576769459992647
Azamuke 2024 (primary),XGBoost,0,0.00012125469220336527
Azamuke 2024 (primary),XGBoost,1,0.8713652491569519
Azamuke 2024 (primary),XGBoost,1,0.8550871014595032
Azamuke 2024 (primary),XGBoost,0,0.00010322980961063877
Azamuke 2024 (primary),XGBoost,1,0.9183142781257629
Azamuke 2024 (primary),XGBoost,0,4.800366150448099e-05
Azamuke 2024 (primary),XGBoost,1,0.3404220640659332
Azamuke 2024 (primary),XGBoost,1,0.7783602476119995
Azamuke 2024 (primary),XGBoost,1,0.8195128440856934
Azamuke 2024 (primary),XGBoost,1,0.5967273712158203
Azamuke 2024 (primary),XGBoost,0,0.00018468416237737983
Azamuke 2024 (primary),XGBoost,1,0.9318711161613464
Azamuke 2024 (primary),XGBoost,1,0.7902765870094299
Azamuke 2024 (primary),XGBoost,0,0.8100974559783936
Azamuke 2024 (primary),XGBoost,1,0.8425378799438477
Azamuke 2024 (primary),XGBoost,0,0.00020236238196957856
Azamuke 2024 (primary),XGBoost,1,0.9615482091903687
Azamuke 2024 (primary),XGBoost,0,0.00044744249316863716
Azamuke 2024 (primary),XGBoost,1,0.9130472540855408
Azamuke 2024 (primary),XGBoost,1,0.8858646154403687
Azamuke 2024 (primary),XGBoost,0,0.3870159089565277
Azamuke 2024 (primary),XGBoost,0,0.8057466149330139
Azamuke 2024 (primary),XGBoost,0,0.0003049648948945105
Azamuke 2024 (primary),XGBoost,1,0.8936761021614075
Azamuke 2024 (primary),XGBoost,0,0.9342179298400879
Azamuke 2024 (primary),XGBoost,0,0.00041750099626369774
Azamuke 2024 (primary),XGBoost,0,5.023437552154064e-05
Azamuke 2024 (primary),XGBoost,0,0.0003950728278141469
Azamuke 2024 (primary),XGBoost,1,0.8785251379013062
Azamuke 2024 (primary),XGBoost,0,0.00043889175867661834
Azamuke 2024 (primary),XGBoost,1,0.6477646827697754
Azamuke 2024 (primary),XGBoost,1,0.17194034159183502
Azamuke 2024 (primary),XGBoost,1,0.9152934551239014
Azamuke 2024 (primary),XGBoost,1,0.8141963481903076
Azamuke 2024 (primary),XGBoost,0,0.0002901138213928789
Azamuke 2024 (primary),XGBoost,0,0.00010284317977493629
Azamuke 2024 (primary),XGBoost,0,0.00036837710649706423
Azamuke 2024 (primary),XGBoost,0,0.0003666379489004612
Azamuke 2024 (primary),XGBoost,0,0.9125715494155884
Azamuke 2024 (primary),XGBoost,0,0.6883276700973511
Azamuke 2024 (primary),XGBoost,1,0.7348483204841614
Azamuke 2024 (primary),XGBoost,1,0.7568762898445129
Azamuke 2024 (primary),XGBoost,0,8.583016460761428e-05
Azamuke 2024 (primary),XGBoost,0,0.00025629851734265685
Azamuke 2024 (primary),XGBoost,0,0.0002634796255733818
Azamuke 2024 (primary),XGBoost,1,0.7087063193321228
Azamuke 2024 (primary),XGBoost,0,0.00012838236580137163
Azamuke 2024 (primary),XGBoost,0,0.7013744711875916
Azamuke 2024 (primary),XGBoost,1,0.5534071326255798
Azamuke 2024 (primary),XGBoost,1,0.6589055061340332
Azamuke 2024 (primary),XGBoost,1,0.9429550170898438
Azamuke 2024 (primary),XGBoost,0,0.00014090296463109553
Azamuke 2024 (primary),XGBoost,1,0.7207958698272705
Azamuke 2024 (primary),XGBoost,1,0.945294976234436
Azamuke 2024 (primary),XGBoost,0,5.818885256303474e-05
Azamuke 2024 (primary),XGBoost,1,0.9241284728050232
Azamuke 2024 (primary),XGBoost,0,0.00022106769029051065
Azamuke 2024 (primary),XGBoost,1,0.9772658944129944
Azamuke 2024 (primary),XGBoost,1,0.8268440961837769
Azamuke 2024 (primary),XGBoost,1,0.8238073587417603
Azamuke 2024 (primary),XGBoost,0,0.0001409794349456206
Azamuke 2024 (primary),XGBoost,0,0.00023557586246170104
Azamuke 2024 (primary),XGBoost,0,0.00023800625058356673
Azamuke 2024 (primary),XGBoost,0,0.00026393067673780024
Azamuke 2024 (primary),XGBoost,1,0.8339343070983887
Azamuke 2024 (primary),XGBoost,0,9.75088551058434e-05
Azamuke 2024 (primary),XGBoost,1,0.7236986756324768
Azamuke 2024 (primary),XGBoost,1,0.8729151487350464
Azamuke 2024 (primary),XGBoost,0,0.40853747725486755
Azamuke 2024 (primary),XGBoost,0,0.0005260464386083186
Azamuke 2024 (primary),XGBoost,0,0.0003994120052084327
Azamuke 2024 (primary),XGBoost,1,0.7779542803764343
Azamuke 2024 (primary),XGBoost,1,0.9987055063247681
Azamuke 2024 (primary),XGBoost,0,0.89839106798172
Azamuke 2024 (primary),XGBoost,0,0.0007673739455640316
Azamuke 2024 (primary),XGBoost,1,0.9303826093673706
Azamuke 2024 (primary),XGBoost,0,0.00016372755635529757
Azamuke 2024 (primary),XGBoost,1,0.8394572138786316
Azamuke 2024 (primary),XGBoost,1,0.9262223839759827
Azamuke 2024 (primary),XGBoost,0,0.906358003616333
Azamuke 2024 (primary),XGBoost,1,0.8417964577674866
Azamuke 2024 (primary),XGBoost,1,0.7957305908203125
Azamuke 2024 (primary),XGBoost,1,0.9972924590110779
Azamuke 2024 (primary),XGBoost,0,0.00039292799192480743
Azamuke 2024 (primary),XGBoost,0,9.225453686667606e-05
Azamuke 2024 (primary),XGBoost,0,0.00020958672394044697
Azamuke 2024 (primary),XGBoost,1,0.7267786264419556
Azamuke 2024 (primary),XGBoost,0,0.8741132020950317
Azamuke 2024 (primary),XGBoost,0,0.00011336013267282397
Azamuke 2024 (primary),XGBoost,1,0.8513409495353699
Azamuke 2024 (primary),XGBoost,0,0.001053687185049057
Azamuke 2024 (primary),XGBoost,1,0.8933637738227844
Azamuke 2024 (primary),XGBoost,0,0.001000642660073936
Azamuke 2024 (primary),XGBoost,0,0.8271146416664124
Azamuke 2024 (primary),XGBoost,0,0.003313439665362239
Azamuke 2024 (primary),XGBoost,1,0.7777660489082336
Azamuke 2024 (primary),XGBoost,0,9.08432702999562e-05
Azamuke 2024 (primary),XGBoost,0,0.8189834356307983
Azamuke 2024 (primary),XGBoost,1,0.9269693493843079
Azamuke 2024 (primary),XGBoost,1,0.6985211968421936
Azamuke 2024 (primary),XGBoost,1,0.9243214130401611
Azamuke 2024 (primary),XGBoost,1,0.6832792162895203
Azamuke 2024 (primary),XGBoost,1,0.8957081437110901
Azamuke 2024 (primary),XGBoost,1,0.9105589389801025
Azamuke 2024 (primary),XGBoost,1,0.7265408039093018
Azamuke 2024 (primary),XGBoost,0,0.8357135057449341
Azamuke 2024 (primary),XGBoost,1,0.7519102096557617
Azamuke 2024 (primary),XGBoost,0,0.00014560924319084734
Azamuke 2024 (primary),XGBoost,0,7.738018757663667e-05
Azamuke 2024 (primary),XGBoost,0,0.0018864466110244393
Azamuke 2024 (primary),XGBoost,1,0.9113863706588745
Azamuke 2024 (primary),XGBoost,1,0.8098776340484619
Azamuke 2024 (primary),XGBoost,0,0.0001893859589472413
Azamuke 2024 (primary),XGBoost,1,0.994183361530304
Azamuke 2024 (primary),XGBoost,1,0.45292845368385315
Azamuke 2024 (primary),XGBoost,0,0.5251951813697815
Azamuke 2024 (primary),XGBoost,0,0.00015860277926549315
Azamuke 2024 (primary),XGBoost,0,0.0001715897087706253
Azamuke 2024 (primary),XGBoost,0,5.185213376535103e-05
Azamuke 2024 (primary),XGBoost,0,0.00042776105692610145
Azamuke 2024 (primary),XGBoost,0,7.080430077621713e-05
Azamuke 2024 (primary),XGBoost,1,0.7189696431159973
Azamuke 2024 (primary),XGBoost,1,0.7449875473976135
Azamuke 2024 (primary),XGBoost,0,0.001081789960153401
Azamuke 2024 (primary),XGBoost,0,0.0004538551438599825
Azamuke 2024 (primary),XGBoost,0,0.00016664261056575924
Azamuke 2024 (primary),XGBoost,1,0.6851107478141785
Azamuke 2024 (primary),XGBoost,0,0.00021684424427803606
Azamuke 2024 (primary),XGBoost,1,0.8053120374679565
Azamuke 2024 (primary),XGBoost,1,0.8483497500419617
Azamuke 2024 (primary),XGBoost,0,0.6792171001434326
Azamuke 2024 (primary),XGBoost,0,0.00016251203487627208
Azamuke 2024 (primary),XGBoost,0,6.270517769735307e-05
Azamuke 2024 (primary),XGBoost,0,0.0004083624226041138
Azamuke 2024 (primary),XGBoost,0,0.00013262711581774056
Azamuke 2024 (primary),XGBoost,0,0.00047805157373659313
Azamuke 2024 (primary),XGBoost,0,0.8392031788825989
Azamuke 2024 (primary),XGBoost,0,6.3660329033155e-05
Azamuke 2024 (primary),XGBoost,0,0.0005120636196807027
Azamuke 2024 (primary),XGBoost,1,0.8093584775924683
Azamuke 2024 (primary),XGBoost,0,0.00042905364534817636
Azamuke 2024 (primary),XGBoost,0,0.9733909368515015
Azamuke 2024 (primary),XGBoost,1,0.6152732372283936
Azamuke 2024 (primary),XGBoost,1,0.8790882229804993
Azamuke 2024 (primary),XGBoost,1,0.8353856801986694
Azamuke 2024 (primary),XGBoost,0,0.9688093066215515
Azamuke 2024 (primary),XGBoost,1,0.8520433306694031
Azamuke 2024 (primary),XGBoost,1,0.9111064672470093
Azamuke 2024 (primary),XGBoost,1,0.9518706798553467
Azamuke 2024 (primary),XGBoost,1,0.7915990352630615
Azamuke 2024 (primary),XGBoost,1,0.8754426836967468
Azamuke 2024 (primary),XGBoost,1,0.39143234491348267
Azamuke 2024 (primary),XGBoost,0,0.0010615274077281356
Azamuke 2024 (primary),XGBoost,1,0.8801084756851196
Azamuke 2024 (primary),XGBoost,1,0.8799831867218018
Azamuke 2024 (primary),XGBoost,0,0.00024865148589015007
Azamuke 2024 (primary),XGBoost,1,0.8100583553314209
Azamuke 2024 (primary),XGBoost,0,0.00013034154835622758
Azamuke 2024 (primary),XGBoost,1,0.7099518775939941
Azamuke 2024 (primary),XGBoost,0,0.8058373332023621
Azamuke 2024 (primary),XGBoost,1,0.879218578338623
Azamuke 2024 (primary),XGBoost,0,0.003585251048207283
Azamuke 2024 (primary),XGBoost,0,0.00023629640054423362
Azamuke 2024 (primary),XGBoost,0,6.787425081711262e-05
Azamuke 2024 (primary),XGBoost,1,0.7363924980163574
Azamuke 2024 (primary),XGBoost,1,0.5007907748222351
Azamuke 2024 (primary),XGBoost,0,0.00020333254360593855
Azamuke 2024 (primary),XGBoost,0,0.0003081505710724741
Azamuke 2024 (primary),XGBoost,0,0.00016505034000147134
Azamuke 2024 (primary),XGBoost,0,2.1253628801787272e-05
Azamuke 2024 (primary),XGBoost,1,0.9209668636322021
Azamuke 2024 (primary),XGBoost,1,0.8637365698814392
Azamuke 2024 (primary),XGBoost,1,0.8005940914154053
Azamuke 2024 (primary),XGBoost,1,0.7349627614021301
Azamuke 2024 (primary),XGBoost,1,0.9366070032119751
Azamuke 2024 (primary),XGBoost,1,0.5407611131668091
Azamuke 2024 (primary),XGBoost,1,0.8159492611885071
Azamuke 2024 (primary),XGBoost,1,0.7831272482872009
Azamuke 2024 (primary),XGBoost,0,0.00039917524554766715
Azamuke 2024 (primary),XGBoost,0,0.00017553940415382385
Azamuke 2024 (primary),XGBoost,0,8.285335206892341e-05
Azamuke 2024 (primary),XGBoost,1,0.49693506956100464
Azamuke 2024 (primary),XGBoost,0,0.00017639040015637875
Azamuke 2024 (primary),XGBoost,0,0.000176787274540402
Azamuke 2024 (primary),XGBoost,1,0.9564716219902039
Azamuke 2024 (primary),XGBoost,0,0.00014655043196398765
Azamuke 2024 (primary),XGBoost,0,0.7653921842575073
Azamuke 2024 (primary),XGBoost,1,0.886192798614502
Azamuke 2024 (primary),XGBoost,0,0.9420053958892822
Azamuke 2024 (primary),XGBoost,1,0.9713872671127319
Azamuke 2024 (primary),XGBoost,1,0.9354362487792969
Azamuke 2024 (primary),XGBoost,1,0.8809706568717957
Azamuke 2024 (primary),XGBoost,0,0.0006900507141835988
Azamuke 2024 (primary),XGBoost,0,0.003521605860441923
Azamuke 2024 (primary),XGBoost,1,0.8961960077285767
Azamuke 2024 (primary),XGBoost,0,0.8383306264877319
Azamuke 2024 (primary),XGBoost,1,0.8645113110542297
Azamuke 2024 (primary),XGBoost,0,5.3472303989110515e-05
Azamuke 2024 (primary),XGBoost,1,0.7173224687576294
Azamuke 2024 (primary),XGBoost,1,0.48568400740623474
Azamuke 2024 (primary),XGBoost,0,0.8446105718612671
Azamuke 2024 (primary),XGBoost,1,0.7676545977592468
Azamuke 2024 (primary),XGBoost,1,0.5711463689804077
Azamuke 2024 (primary),XGBoost,1,0.8011987209320068
Azamuke 2024 (primary),XGBoost,1,0.932115375995636
Azamuke 2024 (primary),XGBoost,0,0.8576692342758179
Azamuke 2024 (primary),XGBoost,1,0.6356670260429382
Azamuke 2024 (primary),XGBoost,1,0.8429233431816101
Azamuke 2024 (primary),XGBoost,1,0.9883887767791748
Azamuke 2024 (primary),XGBoost,0,0.001164913410320878
Azamuke 2024 (primary),XGBoost,0,7.997650391189381e-05
Azamuke 2024 (primary),XGBoost,1,0.8563309907913208
Azamuke 2024 (primary),XGBoost,0,0.8353575468063354
Azamuke 2024 (primary),XGBoost,0,0.877325177192688
Azamuke 2024 (primary),XGBoost,1,0.8626800179481506
Azamuke 2024 (primary),XGBoost,0,0.00022443007037509233
Azamuke 2024 (primary),XGBoost,0,0.8275296688079834
Azamuke 2024 (primary),XGBoost,0,0.0001443265937268734
Azamuke 2024 (primary),XGBoost,1,0.8326467275619507
Azamuke 2024 (primary),XGBoost,0,0.0005597650888375938
Azamuke 2024 (primary),XGBoost,1,0.7084263563156128
Azamuke 2024 (primary),XGBoost,0,0.00017997583199758083
Azamuke 2024 (primary),XGBoost,1,0.7571532726287842
Azamuke 2024 (primary),XGBoost,1,0.8860544562339783
Azamuke 2024 (primary),XGBoost,0,0.000251206656685099
Azamuke 2024 (primary),XGBoost,1,0.6293632388114929
Azamuke 2024 (primary),XGBoost,0,0.000344792875694111
Azamuke 2024 (primary),XGBoost,1,0.8794194459915161
Azamuke 2024 (primary),XGBoost,0,0.00015074324619490653
Azamuke 2024 (primary),XGBoost,0,0.0004608046147041023
Azamuke 2024 (primary),XGBoost,1,0.901441216468811
Azamuke 2024 (primary),XGBoost,1,0.1282471865415573
Azamuke 2024 (primary),XGBoost,1,0.9963884353637695
Azamuke 2024 (primary),XGBoost,1,0.5330328345298767
Azamuke 2024 (primary),XGBoost,1,0.6771029233932495
Azamuke 2024 (primary),XGBoost,0,0.0001572260953253135
Azamuke 2024 (primary),XGBoost,0,0.00023031295859254897
Azamuke 2024 (primary),XGBoost,0,0.00015881737635936588
Azamuke 2024 (primary),XGBoost,1,0.9470458030700684
Azamuke 2024 (primary),XGBoost,1,0.6678720712661743
Azamuke 2024 (primary),XGBoost,1,0.8257482647895813
Azamuke 2024 (primary),XGBoost,1,0.6075313091278076
Azamuke 2024 (primary),XGBoost,1,0.8709440231323242
Azamuke 2024 (primary),XGBoost,0,0.00012773725029546767
Azamuke 2024 (primary),XGBoost,1,0.6667751669883728
Azamuke 2024 (primary),XGBoost,0,5.3787342039868236e-05
Azamuke 2024 (primary),XGBoost,1,0.5232922434806824
Azamuke 2024 (primary),XGBoost,1,0.5590559244155884
Azamuke 2024 (primary),XGBoost,1,0.6349615454673767
Azamuke 2024 (primary),XGBoost,1,0.8125794529914856
Azamuke 2024 (primary),XGBoost,1,0.9359636306762695
Azamuke 2024 (primary),XGBoost,1,0.8852009773254395
Azamuke 2024 (primary),XGBoost,0,7.735007966402918e-05
Azamuke 2024 (primary),XGBoost,0,4.675436139223166e-05
Azamuke 2024 (primary),XGBoost,1,0.8911018967628479
Azamuke 2024 (primary),XGBoost,1,0.6441744565963745
Azamuke 2024 (primary),XGBoost,0,0.00017050691531039774
Azamuke 2024 (primary),XGBoost,1,0.9693385362625122
Azamuke 2024 (primary),XGBoost,0,0.00015527925279457122
Azamuke 2024 (primary),XGBoost,0,9.293246694141999e-05
Azamuke 2024 (primary),XGBoost,0,0.8035297393798828
Azamuke 2024 (primary),XGBoost,1,0.9112491607666016
Azamuke 2024 (primary),XGBoost,1,0.86996990442276
Azamuke 2024 (primary),XGBoost,1,0.817953884601593
Azamuke 2024 (primary),XGBoost,1,0.9907932877540588
Azamuke 2024 (primary),XGBoost,1,0.9758198261260986
Azamuke 2024 (primary),XGBoost,0,0.00015070012887008488
Azamuke 2024 (primary),XGBoost,1,0.6980977654457092
Azamuke 2024 (primary),XGBoost,1,0.7917395234107971
Azamuke 2024 (primary),XGBoost,0,0.0001760199520504102
Azamuke 2024 (primary),XGBoost,1,0.8831567764282227
Azamuke 2024 (primary),XGBoost,1,0.8336119055747986
Azamuke 2024 (primary),XGBoost,0,0.00013215169019531459
Azamuke 2024 (primary),XGBoost,0,0.8034854531288147
Azamuke 2024 (primary),XGBoost,1,0.8315460085868835
Azamuke 2024 (primary),XGBoost,0,0.6274155378341675
Azamuke 2024 (primary),XGBoost,1,0.7279455065727234
Azamuke 2024 (primary),XGBoost,0,7.820956670911983e-05
Azamuke 2024 (primary),XGBoost,1,0.8797040581703186
Azamuke 2024 (primary),XGBoost,0,0.00023828688426874578
Azamuke 2024 (primary),XGBoost,0,0.00017546711023896933
Azamuke 2024 (primary),XGBoost,1,0.8157077431678772
Azamuke 2024 (primary),XGBoost,1,0.9109013676643372
Azamuke 2024 (primary),XGBoost,0,0.0009467450436204672
Azamuke 2024 (primary),XGBoost,1,0.8589498400688171
Azamuke 2024 (primary),XGBoost,0,0.00047697461559437215
Azamuke 2024 (primary),XGBoost,0,0.7470399141311646
PaySim (comparison),QDFL,1,0.6536532640457153
PaySim (comparison),QDFL,1,0.9270190000534058
PaySim (comparison),QDFL,0,0.41727393865585327
PaySim (comparison),QDFL,1,0.9650299549102783
PaySim (comparison),QDFL,1,0.9499124884605408
PaySim (comparison),QDFL,0,0.038691017776727676
PaySim (comparison),QDFL,1,0.951740562915802
PaySim (comparison),QDFL,1,0.8547230958938599
PaySim (comparison),QDFL,1,0.9487947821617126
PaySim (comparison),QDFL,1,0.8439272046089172
PaySim (comparison),QDFL,0,0.3837786018848419
PaySim (comparison),QDFL,1,0.921994149684906
PaySim (comparison),QDFL,1,0.8832306861877441
PaySim (comparison),QDFL,0,0.6714962124824524
PaySim (comparison),QDFL,1,0.9148677587509155
PaySim (comparison),QDFL,0,0.5660918354988098
PaySim (comparison),QDFL,1,0.9532172083854675
PaySim (comparison),QDFL,0,0.004523434676229954
PaySim (comparison),QDFL,1,0.8510780930519104
PaySim (comparison),QDFL,0,0.07201087474822998
PaySim (comparison),QDFL,0,0.022580990567803383
PaySim (comparison),QDFL,1,0.932803750038147
PaySim (comparison),QDFL,1,0.9233285784721375
PaySim (comparison),QDFL,0,0.0054886783473193645
PaySim (comparison),QDFL,1,0.9345262050628662
PaySim (comparison),QDFL,0,0.6696537733078003
PaySim (comparison),QDFL,1,0.9230384826660156
PaySim (comparison),QDFL,0,0.4885369837284088
PaySim (comparison),QDFL,1,0.9745442867279053
PaySim (comparison),QDFL,0,0.002478579059243202
PaySim (comparison),QDFL,1,0.5863601565361023
PaySim (comparison),QDFL,0,0.7839470505714417
PaySim (comparison),QDFL,0,0.9556700587272644
PaySim (comparison),QDFL,1,0.8304731845855713
PaySim (comparison),QDFL,1,0.38063162565231323
PaySim (comparison),QDFL,1,0.9601645469665527
PaySim (comparison),QDFL,0,0.020748738199472427
PaySim (comparison),QDFL,1,0.8610810041427612
PaySim (comparison),QDFL,0,0.016500869765877724
PaySim (comparison),QDFL,0,0.04588216543197632
PaySim (comparison),QDFL,0,0.0212081391364336
PaySim (comparison),QDFL,0,0.014989466406404972
PaySim (comparison),QDFL,1,0.9233306050300598
PaySim (comparison),QDFL,0,0.02096341922879219
PaySim (comparison),QDFL,1,0.9316902160644531
PaySim (comparison),QDFL,1,0.9816609621047974
PaySim (comparison),QDFL,1,0.6488916277885437
PaySim (comparison),QDFL,1,0.64312344789505
PaySim (comparison),QDFL,1,0.9695316553115845
PaySim (comparison),QDFL,0,0.45965278148651123
PaySim (comparison),QDFL,0,0.049201834946870804
PaySim (comparison),QDFL,0,0.2852350175380707
PaySim (comparison),QDFL,1,0.9141542911529541
PaySim (comparison),QDFL,0,0.6481017470359802
PaySim (comparison),QDFL,1,0.8353623151779175
PaySim (comparison),QDFL,0,0.3003561794757843
PaySim (comparison),QDFL,0,0.19017915427684784
PaySim (comparison),QDFL,1,0.6758742332458496
PaySim (comparison),QDFL,1,0.898082971572876
PaySim (comparison),QDFL,0,0.009051995351910591
PaySim (comparison),QDFL,0,0.029196560382843018
PaySim (comparison),QDFL,0,0.02064371667802334
PaySim (comparison),QDFL,0,0.06263525038957596
PaySim (comparison),QDFL,0,0.004594217054545879
PaySim (comparison),QDFL,0,0.7837525010108948
PaySim (comparison),QDFL,0,0.6985377073287964
PaySim (comparison),QDFL,0,0.025555981323122978
PaySim (comparison),QDFL,0,0.03816971182823181
PaySim (comparison),QDFL,0,0.015340672805905342
PaySim (comparison),QDFL,1,0.803979754447937
PaySim (comparison),QDFL,0,0.6732556819915771
PaySim (comparison),QDFL,1,0.9285262823104858
PaySim (comparison),QDFL,0,0.018311738967895508
PaySim (comparison),QDFL,1,0.6331178545951843
PaySim (comparison),QDFL,0,0.04603591188788414
PaySim (comparison),QDFL,0,0.01545797847211361
PaySim (comparison),QDFL,0,0.033415473997592926
PaySim (comparison),QDFL,0,0.02307780086994171
PaySim (comparison),QDFL,1,0.9317029714584351
PaySim (comparison),QDFL,0,0.5971195697784424
PaySim (comparison),QDFL,0,0.022557470947504044
PaySim (comparison),QDFL,1,0.8050640225410461
PaySim (comparison),QDFL,1,0.4739497900009155
PaySim (comparison),QDFL,0,0.02087860181927681
PaySim (comparison),QDFL,1,0.8767733573913574
PaySim (comparison),QDFL,1,0.8737067580223083
PaySim (comparison),QDFL,1,0.8831238746643066
PaySim (comparison),QDFL,0,0.015631722286343575
PaySim (comparison),QDFL,1,0.9755818843841553
PaySim (comparison),QDFL,0,0.02305050939321518
PaySim (comparison),QDFL,0,0.7394061088562012
PaySim (comparison),QDFL,0,0.031097663566470146
PaySim (comparison),QDFL,1,0.92460697889328
PaySim (comparison),QDFL,0,0.5611333250999451
PaySim (comparison),QDFL,0,0.04473940283060074
PaySim (comparison),QDFL,0,0.06374850869178772
PaySim (comparison),QDFL,0,0.012969836592674255
PaySim (comparison),QDFL,0,0.005136754363775253
PaySim (comparison),QDFL,0,0.5731256008148193
PaySim (comparison),QDFL,0,0.3767992854118347
PaySim (comparison),QDFL,1,0.45831555128097534
PaySim (comparison),QDFL,1,0.9453093409538269
PaySim (comparison),QDFL,0,0.005474402103573084
PaySim (comparison),QDFL,0,0.012096282094717026
PaySim (comparison),QDFL,1,0.7809662818908691
PaySim (comparison),QDFL,0,0.007190600968897343
PaySim (comparison),QDFL,1,0.9323017597198486
PaySim (comparison),QDFL,0,0.013847080059349537
PaySim (comparison),QDFL,0,0.025254031643271446
PaySim (comparison),QDFL,1,0.9344756007194519
PaySim (comparison),QDFL,1,0.7546537518501282
PaySim (comparison),QDFL,0,0.5015337467193604
PaySim (comparison),QDFL,1,0.8950901031494141
PaySim (comparison),QDFL,0,0.00945150014013052
PaySim (comparison),QDFL,1,0.921771764755249
PaySim (comparison),QDFL,1,0.9372057318687439
PaySim (comparison),QDFL,1,0.9405723214149475
PaySim (comparison),QDFL,0,0.023934148252010345
PaySim (comparison),QDFL,0,0.04351922497153282
PaySim (comparison),QDFL,0,0.8415974378585815
PaySim (comparison),QDFL,0,0.019375141710042953
PaySim (comparison),QDFL,1,0.6756347417831421
PaySim (comparison),QDFL,0,0.49594059586524963
PaySim (comparison),QDFL,1,0.6946895718574524
PaySim (comparison),QDFL,0,0.23897607624530792
PaySim (comparison),QDFL,1,0.8376330733299255
PaySim (comparison),QDFL,1,0.9660881161689758
PaySim (comparison),QDFL,1,0.9610406756401062
PaySim (comparison),QDFL,0,0.03828805312514305
PaySim (comparison),QDFL,0,0.04863196611404419
PaySim (comparison),QDFL,0,0.6011356115341187
PaySim (comparison),QDFL,0,0.6905804872512817
PaySim (comparison),QDFL,0,0.04266772419214249
PaySim (comparison),QDFL,0,0.6931888461112976
PaySim (comparison),QDFL,0,0.026520563289523125
PaySim (comparison),QDFL,0,0.2924410104751587
PaySim (comparison),QDFL,0,0.5593749284744263
PaySim (comparison),QDFL,0,0.1066051572561264
PaySim (comparison),QDFL,0,0.027758652344346046
PaySim (comparison),QDFL,1,0.9504647254943848
PaySim (comparison),QDFL,1,0.8769887685775757
PaySim (comparison),QDFL,0,0.0060249753296375275
PaySim (comparison),QDFL,1,0.9648985266685486
PaySim (comparison),QDFL,1,0.8184260129928589
PaySim (comparison),QDFL,0,0.05650130659341812
PaySim (comparison),QDFL,1,0.6076585054397583
PaySim (comparison),QDFL,0,0.01498382817953825
PaySim (comparison),QDFL,1,0.29938486218452454
PaySim (comparison),QDFL,1,0.8430900573730469
PaySim (comparison),QDFL,0,0.007022191770374775
PaySim (comparison),QDFL,1,0.7340786457061768
PaySim (comparison),QDFL,1,0.6307133436203003
PaySim (comparison),QDFL,0,0.924675703048706
PaySim (comparison),QDFL,1,0.5991222262382507
PaySim (comparison),QDFL,1,0.9540486335754395
PaySim (comparison),QDFL,0,0.026080850511789322
PaySim (comparison),QDFL,0,0.6250343322753906
PaySim (comparison),QDFL,0,0.895169198513031
PaySim (comparison),QDFL,0,0.02490933984518051
PaySim (comparison),QDFL,0,0.04185190424323082
PaySim (comparison),QDFL,1,0.9697756767272949
PaySim (comparison),QDFL,0,0.6209457516670227
PaySim (comparison),QDFL,1,0.5195367932319641
PaySim (comparison),QDFL,0,0.003160800551995635
PaySim (comparison),QDFL,0,0.7124492526054382
PaySim (comparison),QDFL,0,0.006239801645278931
PaySim (comparison),QDFL,0,0.7737002372741699
PaySim (comparison),QDFL,1,0.9627450108528137
PaySim (comparison),QDFL,0,0.011548413895070553
PaySim (comparison),QDFL,1,0.9107764363288879
PaySim (comparison),QDFL,0,0.025405781343579292
PaySim (comparison),QDFL,0,0.028692936524748802
PaySim (comparison),QDFL,0,0.024908222258090973
PaySim (comparison),QDFL,0,0.02060450240969658
PaySim (comparison),QDFL,1,0.8290292620658875
PaySim (comparison),QDFL,0,0.4613514840602875
PaySim (comparison),QDFL,0,0.005142217967659235
PaySim (comparison),QDFL,0,0.019338438287377357
PaySim (comparison),QDFL,0,0.01449654158204794
PaySim (comparison),QDFL,0,0.009725049138069153
PaySim (comparison),QDFL,0,0.026572592556476593
PaySim (comparison),QDFL,0,0.02797554060816765
PaySim (comparison),QDFL,0,0.08505676686763763
PaySim (comparison),QDFL,1,0.9792430400848389
PaySim (comparison),QDFL,1,0.8473270535469055
PaySim (comparison),QDFL,1,0.7424255609512329
PaySim (comparison),QDFL,1,0.948136031627655
PaySim (comparison),QDFL,1,0.8322869539260864
PaySim (comparison),QDFL,0,0.018824206665158272
PaySim (comparison),QDFL,0,0.4424356520175934
PaySim (comparison),QDFL,1,0.9350050091743469
PaySim (comparison),QDFL,0,0.027901357039809227
PaySim (comparison),QDFL,1,0.928297221660614
PaySim (comparison),QDFL,1,0.7713984847068787
PaySim (comparison),QDFL,1,0.7856654524803162
PaySim (comparison),QDFL,1,0.8153087496757507
PaySim (comparison),QDFL,1,0.5770512223243713
PaySim (comparison),QDFL,1,0.4910414218902588
PaySim (comparison),QDFL,1,0.944792628288269
PaySim (comparison),QDFL,0,0.06265787035226822
PaySim (comparison),QDFL,0,0.023286154493689537
PaySim (comparison),QDFL,0,0.020039832219481468
PaySim (comparison),QDFL,0,0.01753518544137478
PaySim (comparison),QDFL,1,0.9622441530227661
PaySim (comparison),QDFL,0,0.1547333151102066
PaySim (comparison),QDFL,0,0.10482991486787796
PaySim (comparison),QDFL,0,0.03795268386602402
PaySim (comparison),QDFL,1,0.6857863068580627
PaySim (comparison),QDFL,0,0.03214948624372482
PaySim (comparison),QDFL,0,0.04825040325522423
PaySim (comparison),QDFL,1,0.9838222861289978
PaySim (comparison),QDFL,1,0.9472647309303284
PaySim (comparison),QDFL,1,0.6629122495651245
PaySim (comparison),QDFL,1,0.9649492502212524
PaySim (comparison),QDFL,1,0.6990417838096619
PaySim (comparison),QDFL,1,0.9338918328285217
PaySim (comparison),QDFL,0,0.493207186460495
PaySim (comparison),QDFL,1,0.49091359972953796
PaySim (comparison),QDFL,1,0.902365505695343
PaySim (comparison),QDFL,0,0.08181855082511902
PaySim (comparison),QDFL,1,0.7499159574508667
PaySim (comparison),QDFL,0,0.02796107903122902
PaySim (comparison),QDFL,1,0.9123742580413818
PaySim (comparison),QDFL,1,0.6504101753234863
PaySim (comparison),QDFL,1,0.9449204802513123
PaySim (comparison),QDFL,0,0.037682849913835526
PaySim (comparison),QDFL,0,0.5300315022468567
PaySim (comparison),QDFL,0,0.024977412074804306
PaySim (comparison),QDFL,1,0.598659336566925
PaySim (comparison),QDFL,1,0.8804723620414734
PaySim (comparison),QDFL,1,0.7242632508277893
PaySim (comparison),QDFL,1,0.7508912682533264
PaySim (comparison),QDFL,0,0.6006091833114624
PaySim (comparison),QDFL,1,0.9201439023017883
PaySim (comparison),QDFL,1,0.9600526690483093
PaySim (comparison),QDFL,0,0.6115714907646179
PaySim (comparison),QDFL,1,0.7955421209335327
PaySim (comparison),QDFL,1,0.9043086171150208
PaySim (comparison),QDFL,1,0.8970873355865479
PaySim (comparison),QDFL,0,0.0405394472181797
PaySim (comparison),QDFL,0,0.024736391380429268
PaySim (comparison),QDFL,0,0.06525207310914993
PaySim (comparison),QDFL,0,0.03391044959425926
PaySim (comparison),QDFL,1,0.9282377362251282
PaySim (comparison),QDFL,0,0.014052087441086769
PaySim (comparison),QDFL,0,0.025756897404789925
PaySim (comparison),QDFL,1,0.7026411890983582
PaySim (comparison),QDFL,1,0.8498981595039368
PaySim (comparison),QDFL,1,0.9006586074829102
PaySim (comparison),QDFL,1,0.8790640830993652
PaySim (comparison),QDFL,1,0.9116392135620117
PaySim (comparison),QDFL,1,0.8871062397956848
PaySim (comparison),QDFL,0,0.6353511810302734
PaySim (comparison),QDFL,0,0.02151399850845337
PaySim (comparison),QDFL,1,0.7893109917640686
PaySim (comparison),QDFL,1,0.8198287487030029
PaySim (comparison),QDFL,1,0.8667482733726501
PaySim (comparison),QDFL,0,0.5799925327301025
PaySim (comparison),QDFL,0,0.5320214629173279
PaySim (comparison),QDFL,0,0.8854918479919434
PaySim (comparison),QDFL,0,0.0335317961871624
PaySim (comparison),QDFL,0,0.08842124044895172
PaySim (comparison),QDFL,1,0.9427642822265625
PaySim (comparison),QDFL,1,0.7653824090957642
PaySim (comparison),QDFL,0,0.5733018517494202
PaySim (comparison),QDFL,1,0.9575070142745972
PaySim (comparison),QDFL,1,0.6353487968444824
PaySim (comparison),QDFL,1,0.9146336317062378
PaySim (comparison),QDFL,0,0.0740557610988617
PaySim (comparison),QDFL,1,0.742183268070221
PaySim (comparison),QDFL,1,0.7536206245422363
PaySim (comparison),QDFL,1,0.8397333025932312
PaySim (comparison),QDFL,0,0.055865079164505005
PaySim (comparison),QDFL,1,0.8301312327384949
PaySim (comparison),QDFL,0,0.027240358293056488
PaySim (comparison),QDFL,1,0.9598506689071655
PaySim (comparison),QDFL,1,0.8429259061813354
PaySim (comparison),QDFL,0,0.5162978768348694
PaySim (comparison),QDFL,0,0.04540465399622917
PaySim (comparison),QDFL,1,0.7493475079536438
PaySim (comparison),QDFL,0,0.08006936311721802
PaySim (comparison),QDFL,0,0.009842116385698318
PaySim (comparison),QDFL,1,0.8972814679145813
PaySim (comparison),QDFL,0,0.0638214647769928
PaySim (comparison),QDFL,0,0.012007927522063255
PaySim (comparison),QDFL,0,0.012225216254591942
PaySim (comparison),QDFL,0,0.023927224799990654
PaySim (comparison),QDFL,1,0.8472727537155151
PaySim (comparison),QDFL,0,0.251084566116333
PaySim (comparison),QDFL,0,0.010268107987940311
PaySim (comparison),QDFL,1,0.3061235547065735
PaySim (comparison),QDFL,0,0.03018181025981903
PaySim (comparison),QDFL,0,0.04193052276968956
PaySim (comparison),QDFL,1,0.8931233286857605
PaySim (comparison),QDFL,0,0.02283540554344654
PaySim (comparison),QDFL,0,0.029212485998868942
PaySim (comparison),QDFL,1,0.8618884682655334
PaySim (comparison),QDFL,1,0.9382340312004089
PaySim (comparison),QDFL,1,0.9679155945777893
PaySim (comparison),QDFL,0,0.02544477954506874
PaySim (comparison),QDFL,0,0.5055876970291138
PaySim (comparison),QDFL,0,0.03197743371129036
PaySim (comparison),QDFL,1,0.7560883164405823
PaySim (comparison),QDFL,0,0.0160969290882349
PaySim (comparison),QDFL,0,0.06524883210659027
PaySim (comparison),QDFL,0,0.028234904631972313
PaySim (comparison),QDFL,0,0.0455169714987278
PaySim (comparison),QDFL,0,0.01507708802819252
PaySim (comparison),QDFL,0,0.038538672029972076
PaySim (comparison),QDFL,1,0.8232934474945068
PaySim (comparison),QDFL,0,0.023944096639752388
PaySim (comparison),QDFL,0,0.015561096370220184
PaySim (comparison),QDFL,1,0.8981585502624512
PaySim (comparison),QDFL,0,0.021777132526040077
PaySim (comparison),QDFL,0,0.01028598565608263
PaySim (comparison),QDFL,1,0.9769830703735352
PaySim (comparison),QDFL,1,0.9278348684310913
PaySim (comparison),QDFL,1,0.7232056260108948
PaySim (comparison),QDFL,0,0.4312010109424591
PaySim (comparison),QDFL,0,0.20938721299171448
PaySim (comparison),QDFL,0,0.3985016644001007
PaySim (comparison),QDFL,0,0.024746563285589218
PaySim (comparison),QDFL,1,0.9724887013435364
PaySim (comparison),QDFL,0,0.03808589652180672
PaySim (comparison),QDFL,0,0.04506959766149521
PaySim (comparison),QDFL,0,0.5270203948020935
PaySim (comparison),QDFL,0,0.5631965398788452
PaySim (comparison),QDFL,0,0.015245391987264156
PaySim (comparison),QDFL,1,0.8986145257949829
PaySim (comparison),QDFL,1,0.7362461686134338
PaySim (comparison),QDFL,1,0.8955411911010742
PaySim (comparison),QDFL,1,0.9690983295440674
PaySim (comparison),QDFL,0,0.06199181079864502
PaySim (comparison),QDFL,1,0.934133768081665
PaySim (comparison),QDFL,1,0.9363698363304138
PaySim (comparison),QDFL,1,0.8961571455001831
PaySim (comparison),QDFL,0,0.8018032908439636
PaySim (comparison),QDFL,0,0.7640981674194336
PaySim (comparison),QDFL,1,0.9726545810699463
PaySim (comparison),QDFL,1,0.8589329719543457
PaySim (comparison),QDFL,1,0.5843755602836609
PaySim (comparison),QDFL,0,0.053313251584768295
PaySim (comparison),QDFL,1,0.7137158513069153
PaySim (comparison),QDFL,1,0.7851359844207764
PaySim (comparison),QDFL,1,0.8276984691619873
PaySim (comparison),QDFL,1,0.7349976897239685
PaySim (comparison),QDFL,1,0.5161354541778564
PaySim (comparison),QDFL,1,0.8039050698280334
PaySim (comparison),QDFL,0,0.033705051988363266
PaySim (comparison),QDFL,0,0.019386935979127884
PaySim (comparison),QDFL,1,0.9603790044784546
PaySim (comparison),QDFL,1,0.7707339525222778
PaySim (comparison),QDFL,0,0.010555258952081203
PaySim (comparison),QDFL,0,0.009792963042855263
PaySim (comparison),QDFL,0,0.3715556859970093
PaySim (comparison),QDFL,1,0.8838744163513184
PaySim (comparison),QDFL,0,0.019333189353346825
PaySim (comparison),QDFL,0,0.625064492225647
PaySim (comparison),QDFL,1,0.9584693312644958
PaySim (comparison),QDFL,0,0.08486393094062805
PaySim (comparison),QDFL,1,0.9314634203910828
PaySim (comparison),QDFL,0,0.018283795565366745
PaySim (comparison),QDFL,1,0.8436921238899231
PaySim (comparison),QDFL,0,0.037168435752391815
PaySim (comparison),QDFL,0,0.05370801314711571
PaySim (comparison),QDFL,0,0.06186157837510109
PaySim (comparison),QDFL,1,0.6159276962280273
PaySim (comparison),QDFL,1,0.6328525543212891
PaySim (comparison),QDFL,0,0.035014960914850235
PaySim (comparison),QDFL,0,0.5627442598342896
PaySim (comparison),QDFL,0,0.07437881827354431
PaySim (comparison),QDFL,0,0.06847085803747177
PaySim (comparison),QDFL,1,0.9642861485481262
PaySim (comparison),QDFL,1,0.9525399804115295
PaySim (comparison),QDFL,1,0.8910067677497864
PaySim (comparison),QDFL,1,0.9516472816467285
PaySim (comparison),QDFL,1,0.8102208971977234
PaySim (comparison),QDFL,1,0.7309145331382751
PaySim (comparison),QDFL,0,0.912635326385498
PaySim (comparison),QDFL,1,0.9285539984703064
PaySim (comparison),QDFL,0,0.025292959064245224
PaySim (comparison),QDFL,1,0.5308143496513367
PaySim (comparison),QDFL,1,0.9172962307929993
PaySim (comparison),QDFL,1,0.9535471796989441
PaySim (comparison),QDFL,0,0.036421556025743484
PaySim (comparison),QDFL,0,0.7417141795158386
PaySim (comparison),QDFL,0,0.0030298479832708836
PaySim (comparison),QDFL,0,0.05721220374107361
PaySim (comparison),QDFL,0,0.02464396320283413
PaySim (comparison),QDFL,1,0.7034346461296082
PaySim (comparison),QDFL,0,0.03655938059091568
PaySim (comparison),QDFL,0,0.4501538872718811
PaySim (comparison),QDFL,0,0.5943531394004822
PaySim (comparison),QDFL,0,0.3919334411621094
PaySim (comparison),QDFL,1,0.9299576878547668
PaySim (comparison),QDFL,0,0.5168296694755554
PaySim (comparison),QDFL,0,0.03679341450333595
PaySim (comparison),QDFL,0,0.03823165223002434
PaySim (comparison),QDFL,1,0.9790219068527222
PaySim (comparison),QDFL,1,0.972046971321106
PaySim (comparison),QDFL,1,0.9736183285713196
PaySim (comparison),QDFL,0,0.08814753592014313
PaySim (comparison),QDFL,0,0.6894140243530273
PaySim (comparison),QDFL,1,0.9571906328201294
PaySim (comparison),QDFL,0,0.08100245893001556
PaySim (comparison),QDFL,1,0.6384245753288269
PaySim (comparison),QDFL,0,0.05550070106983185
PaySim (comparison),QDFL,0,0.8663797974586487
PaySim (comparison),QDFL,1,0.8520880937576294
PaySim (comparison),QDFL,0,0.009915925562381744
PaySim (comparison),QDFL,1,0.7527124881744385
PaySim (comparison),QDFL,0,0.08960316330194473
PaySim (comparison),QDFL,1,0.9702278971672058
PaySim (comparison),QDFL,1,0.893964409828186
PaySim (comparison),QDFL,0,0.0915580466389656
PaySim (comparison),QDFL,0,0.003106811549514532
PaySim (comparison),QDFL,1,0.7841261029243469
PaySim (comparison),QDFL,0,0.021519573405385017
PaySim (comparison),QDFL,1,0.7032721638679504
PaySim (comparison),QDFL,0,0.03499283269047737
PaySim (comparison),QDFL,1,0.9393659830093384
PaySim (comparison),QDFL,1,0.7817271947860718
PaySim (comparison),QDFL,0,0.03402289003133774
PaySim (comparison),QDFL,1,0.6898984313011169
PaySim (comparison),QDFL,1,0.7430976033210754
PaySim (comparison),QDFL,0,0.11295200884342194
PaySim (comparison),QDFL,1,0.7848904728889465
PaySim (comparison),QDFL,0,0.04049568995833397
PaySim (comparison),QDFL,1,0.8846231698989868
PaySim (comparison),QDFL,0,0.6609781384468079
PaySim (comparison),QDFL,0,0.047235213220119476
PaySim (comparison),QDFL,1,0.9440656900405884
PaySim (comparison),QDFL,1,0.4458407163619995
PaySim (comparison),QDFL,1,0.9376260042190552
PaySim (comparison),QDFL,0,0.02294350229203701
PaySim (comparison),QDFL,0,0.059217385947704315
PaySim (comparison),QDFL,1,0.8208655118942261
PaySim (comparison),QDFL,1,0.9254546761512756
PaySim (comparison),QDFL,0,0.004326068330556154
PaySim (comparison),QDFL,0,0.012812369503080845
PaySim (comparison),QDFL,0,0.0432635061442852
PaySim (comparison),QDFL,0,0.025656387209892273
PaySim (comparison),QDFL,0,0.5431368947029114
PaySim (comparison),QDFL,1,0.8314515948295593
PaySim (comparison),QDFL,0,0.023006895557045937
PaySim (comparison),QDFL,0,0.010419478639960289
PaySim (comparison),QDFL,1,0.8696346282958984
PaySim (comparison),QDFL,1,0.8513350486755371
PaySim (comparison),QDFL,1,0.8338300585746765
PaySim (comparison),QDFL,1,0.9382922053337097
PaySim (comparison),QDFL,0,0.012230873107910156
PaySim (comparison),QDFL,0,0.003514509415253997
PaySim (comparison),QDFL,0,0.01232287846505642
PaySim (comparison),QDFL,1,0.7435687184333801
PaySim (comparison),QDFL,1,0.8316748738288879
PaySim (comparison),QDFL,1,0.9328624606132507
PaySim (comparison),QDFL,0,0.014882869087159634
PaySim (comparison),QDFL,0,0.036258578300476074
PaySim (comparison),QDFL,0,0.03684333711862564
PaySim (comparison),QDFL,1,0.7019934058189392
PaySim (comparison),QDFL,0,0.3972574770450592
PaySim (comparison),QDFL,0,0.022082803770899773
PaySim (comparison),QDFL,1,0.9568371176719666
PaySim (comparison),QDFL,0,0.018258877098560333
PaySim (comparison),QDFL,1,0.8687058091163635
PaySim (comparison),QDFL,0,0.03818183019757271
PaySim (comparison),QDFL,1,0.830650806427002
PaySim (comparison),QDFL,1,0.9611971974372864
PaySim (comparison),QDFL,1,0.8749988675117493
PaySim (comparison),QDFL,0,0.03388572111725807
PaySim (comparison),QDFL,0,0.007962048053741455
PaySim (comparison),QDFL,0,0.018607767298817635
PaySim (comparison),QDFL,0,0.06348590552806854
PaySim (comparison),QDFL,1,0.8133349418640137
PaySim (comparison),QDFL,1,0.6922896504402161
PaySim (comparison),QDFL,0,0.11608290672302246
PaySim (comparison),QDFL,0,0.6532097458839417
PaySim (comparison),QDFL,1,0.629708468914032
PaySim (comparison),QDFL,1,0.6822291016578674
PaySim (comparison),QDFL,1,0.9725663065910339
PaySim (comparison),QDFL,1,0.9615663886070251
PaySim (comparison),QDFL,0,0.020928166806697845
PaySim (comparison),QDFL,0,0.7895662188529968
PaySim (comparison),QDFL,0,0.14817871153354645
PaySim (comparison),QDFL,1,0.9627874493598938
PaySim (comparison),QDFL,0,0.0583956241607666
PaySim (comparison),QDFL,0,0.2708524763584137
PaySim (comparison),QDFL,0,0.033231526613235474
PaySim (comparison),QDFL,1,0.616944432258606
PaySim (comparison),QDFL,1,0.46601948142051697
PaySim (comparison),QDFL,1,0.9136669039726257
PaySim (comparison),QDFL,0,0.20254749059677124
PaySim (comparison),QDFL,1,0.7760900855064392
PaySim (comparison),QDFL,1,0.7508019208908081
PaySim (comparison),QDFL,1,0.9393495917320251
PaySim (comparison),QDFL,1,0.46095359325408936
PaySim (comparison),QDFL,0,0.4139563739299774
PaySim (comparison),QDFL,1,0.8277754187583923
PaySim (comparison),QDFL,1,0.44647106528282166
PaySim (comparison),QDFL,0,0.051057931035757065
PaySim (comparison),QDFL,1,0.7703326344490051
PaySim (comparison),QDFL,0,0.015344074927270412
PaySim (comparison),QDFL,1,0.8486312627792358
PaySim (comparison),QDFL,1,0.8426365852355957
PaySim (comparison),QDFL,1,0.7079001665115356
PaySim (comparison),QDFL,0,0.0768304094672203
PaySim (comparison),QDFL,0,0.8369662165641785
PaySim (comparison),QDFL,0,0.05815809965133667
PaySim (comparison),QDFL,0,0.03345385193824768
PaySim (comparison),QDFL,1,0.960198163986206
PaySim (comparison),QDFL,1,0.894992470741272
PaySim (comparison),QDFL,1,0.9439995884895325
PaySim (comparison),QDFL,0,0.5636603236198425
PaySim (comparison),QDFL,1,0.7997416853904724
PaySim (comparison),QDFL,0,0.07146473228931427
PaySim (comparison),QDFL,1,0.9498496055603027
PaySim (comparison),QDFL,1,0.9092743992805481
PaySim (comparison),QDFL,0,0.13230778276920319
PaySim (comparison),QDFL,0,0.019684651866555214
PaySim (comparison),QDFL,0,0.008351864293217659
PaySim (comparison),QDFL,1,0.8806044459342957
PaySim (comparison),QDFL,1,0.8537261486053467
PaySim (comparison),QDFL,1,0.9459379315376282
PaySim (comparison),QDFL,0,0.030813036486506462
PaySim (comparison),QDFL,1,0.8823962807655334
PaySim (comparison),QDFL,0,0.017405128106474876
PaySim (comparison),QDFL,0,0.025209009647369385
PaySim (comparison),QDFL,1,0.96917724609375
PaySim (comparison),QDFL,1,0.9565757513046265
PaySim (comparison),QDFL,0,0.034029584378004074
PaySim (comparison),QDFL,1,0.7660222053527832
PaySim (comparison),QDFL,1,0.9694731831550598
PaySim (comparison),QDFL,0,0.028233544901013374
PaySim (comparison),QDFL,1,0.9563050270080566
PaySim (comparison),QDFL,0,0.7566906809806824
PaySim (comparison),QDFL,0,0.06904265284538269
PaySim (comparison),QDFL,0,0.47894486784935
PaySim (comparison),QDFL,1,0.8273018002510071
PaySim (comparison),QDFL,1,0.9836804866790771
PaySim (comparison),QDFL,1,0.9099178314208984
PaySim (comparison),QDFL,0,0.6815608739852905
PaySim (comparison),QDFL,0,0.04441874101758003
PaySim (comparison),QDFL,0,0.6744991540908813
PaySim (comparison),QDFL,1,0.7707595825195312
PaySim (comparison),QDFL,0,0.033156618475914
PaySim (comparison),QDFL,1,0.9285501837730408
PaySim (comparison),QDFL,0,0.0327824205160141
PaySim (comparison),QDFL,0,0.6013244986534119
PaySim (comparison),QDFL,1,0.9352514743804932
PaySim (comparison),QDFL,0,0.015532371588051319
PaySim (comparison),QDFL,1,0.5949886441230774
PaySim (comparison),QDFL,0,0.09187587350606918
PaySim (comparison),QDFL,0,0.02065924182534218
PaySim (comparison),QDFL,1,0.9297932982444763
PaySim (comparison),QDFL,1,0.9786403775215149
PaySim (comparison),QDFL,0,0.49421659111976624
PaySim (comparison),QDFL,1,0.2883756160736084
PaySim (comparison),QDFL,1,0.8255376815795898
PaySim (comparison),QDFL,0,0.027674881741404533
PaySim (comparison),QDFL,0,0.018302956596016884
PaySim (comparison),QDFL,0,0.5895391702651978
PaySim (comparison),QDFL,1,0.5510598421096802
PaySim (comparison),QDFL,1,0.9174893498420715
PaySim (comparison),QDFL,1,0.7946997880935669
PaySim (comparison),QDFL,1,0.8832291960716248
PaySim (comparison),QDFL,1,0.9430052638053894
PaySim (comparison),QDFL,0,0.5583944320678711
PaySim (comparison),QDFL,1,0.38658836483955383
PaySim (comparison),QDFL,0,0.897735059261322
PaySim (comparison),QDFL,1,0.9305868148803711
PaySim (comparison),QDFL,0,0.0931817889213562
PaySim (comparison),QDFL,0,0.4807290732860565
PaySim (comparison),QDFL,0,0.06061591953039169
PaySim (comparison),QDFL,0,0.011135058477520943
PaySim (comparison),QDFL,0,0.3133181929588318
PaySim (comparison),QDFL,1,0.8530468940734863
PaySim (comparison),QDFL,0,0.02830204740166664
PaySim (comparison),QDFL,0,0.8499086499214172
PaySim (comparison),QDFL,0,0.010484420694410801
PaySim (comparison),QDFL,0,0.6029205918312073
PaySim (comparison),QDFL,0,0.377127468585968
PaySim (comparison),QDFL,1,0.7775424718856812
PaySim (comparison),QDFL,1,0.9176629185676575
PaySim (comparison),QDFL,0,0.6442359685897827
PaySim (comparison),QDFL,1,0.8641379475593567
PaySim (comparison),QDFL,0,0.7636480331420898
PaySim (comparison),QDFL,0,0.030362633988261223
PaySim (comparison),QDFL,1,0.9457446932792664
PaySim (comparison),QDFL,1,0.901942253112793
PaySim (comparison),QDFL,1,0.8273873925209045
PaySim (comparison),QDFL,0,0.018300531432032585
PaySim (comparison),QDFL,0,0.036003805696964264
PaySim (comparison),QDFL,1,0.8613619804382324
PaySim (comparison),QDFL,1,0.9683360457420349
PaySim (comparison),QDFL,1,0.60494464635849
PaySim (comparison),QDFL,1,0.7288034558296204
PaySim (comparison),QDFL,1,0.9432785511016846
PaySim (comparison),QDFL,1,0.9794219732284546
PaySim (comparison),QDFL,0,0.02101389318704605
PaySim (comparison),QDFL,0,0.18984675407409668
PaySim (comparison),QDFL,1,0.9583540558815002
PaySim (comparison),QDFL,1,0.49533316493034363
PaySim (comparison),QDFL,1,0.4748767614364624
PaySim (comparison),QDFL,1,0.9640741944313049
PaySim (comparison),QDFL,1,0.7729247808456421
PaySim (comparison),QDFL,1,0.9725378751754761
PaySim (comparison),QDFL,0,0.5450444221496582
PaySim (comparison),QDFL,1,0.9565761089324951
PaySim (comparison),QDFL,1,0.885603666305542
PaySim (comparison),QDFL,1,0.8272451162338257
PaySim (comparison),QDFL,0,0.025095626711845398
PaySim (comparison),QDFL,0,0.05759513005614281
PaySim (comparison),QDFL,1,0.891684353351593
PaySim (comparison),QDFL,1,0.6972977519035339
PaySim (comparison),QDFL,1,0.8544374704360962
PaySim (comparison),QDFL,0,0.03717527911067009
PaySim (comparison),QDFL,1,0.9659180641174316
PaySim (comparison),QDFL,0,0.02738307975232601
PaySim (comparison),QDFL,0,0.029379112645983696
PaySim (comparison),QDFL,0,0.5296933054924011
PaySim (comparison),QDFL,0,0.015782013535499573
PaySim (comparison),QDFL,0,0.03617760166525841
PaySim (comparison),QDFL,0,0.019105087965726852
PaySim (comparison),QDFL,0,0.03081061691045761
PaySim (comparison),QDFL,0,0.027172507718205452
PaySim (comparison),QDFL,0,0.5360880494117737
PaySim (comparison),QDFL,1,0.7079935669898987
PaySim (comparison),QDFL,1,0.8941155076026917
PaySim (comparison),QDFL,1,0.8224241733551025
PaySim (comparison),QDFL,1,0.9522284269332886
PaySim (comparison),QDFL,0,0.02955421805381775
PaySim (comparison),QDFL,1,0.8689069151878357
PaySim (comparison),QDFL,1,0.6541902422904968
PaySim (comparison),QDFL,0,0.03216812014579773
PaySim (comparison),QDFL,1,0.5330788493156433
PaySim (comparison),QDFL,0,0.6700805425643921
PaySim (comparison),QDFL,1,0.6835055947303772
PaySim (comparison),QDFL,0,0.009683778509497643
PaySim (comparison),QDFL,1,0.9357572197914124
PaySim (comparison),QDFL,0,0.7081671357154846
PaySim (comparison),QDFL,1,0.8550029397010803
PaySim (comparison),QDFL,0,0.028095560148358345
PaySim (comparison),QDFL,0,0.004110187292098999
PaySim (comparison),QDFL,1,0.9471781253814697
PaySim (comparison),QDFL,0,0.007337938062846661
PaySim (comparison),QDFL,1,0.9747316837310791
PaySim (comparison),QDFL,1,0.5918775200843811
PaySim (comparison),QDFL,0,0.4516258239746094
PaySim (comparison),QDFL,1,0.7147316932678223
PaySim (comparison),QDFL,0,0.020815839990973473
PaySim (comparison),QDFL,1,0.7226050496101379
PaySim (comparison),QDFL,0,0.08451368659734726
PaySim (comparison),QDFL,1,0.9504955410957336
PaySim (comparison),QDFL,0,0.43864989280700684
PaySim (comparison),QDFL,0,0.02511410601437092
PaySim (comparison),QDFL,1,0.770083487033844
PaySim (comparison),QDFL,1,0.9629828333854675
PaySim (comparison),QDFL,1,0.8903752565383911
PaySim (comparison),QDFL,0,0.06781776249408722
PaySim (comparison),QDFL,1,0.789619505405426
PaySim (comparison),QDFL,0,0.03679519519209862
PaySim (comparison),QDFL,1,0.7252139449119568
PaySim (comparison),QDFL,1,0.9784443974494934
PaySim (comparison),QDFL,1,0.8870435953140259
PaySim (comparison),QDFL,0,0.05605631694197655
PaySim (comparison),QDFL,0,0.5700846910476685
PaySim (comparison),QDFL,0,0.010025977157056332
PaySim (comparison),QDFL,0,0.5954133868217468
PaySim (comparison),QDFL,1,0.9155740141868591
PaySim (comparison),QDFL,1,0.7053865194320679
PaySim (comparison),QDFL,0,0.120076984167099
PaySim (comparison),QDFL,1,0.6456888318061829
PaySim (comparison),QDFL,1,0.8784892559051514
PaySim (comparison),QDFL,0,0.0024205476511269808
PaySim (comparison),QDFL,0,0.7104421854019165
PaySim (comparison),QDFL,1,0.834262490272522
PaySim (comparison),QDFL,1,0.9578893780708313
PaySim (comparison),QDFL,1,0.9024727940559387
PaySim (comparison),QDFL,1,0.6020990014076233
PaySim (comparison),QDFL,0,0.020865460857748985
PaySim (comparison),QDFL,0,0.02562490664422512
PaySim (comparison),QDFL,0,0.02925906702876091
PaySim (comparison),QDFL,1,0.7999777793884277
PaySim (comparison),QDFL,1,0.7878110408782959
PaySim (comparison),QDFL,0,0.05957068130373955
PaySim (comparison),QDFL,0,0.049046874046325684
PaySim (comparison),QDFL,0,0.03073733113706112
PaySim (comparison),QDFL,1,0.9558787941932678
PaySim (comparison),QDFL,1,0.7579634785652161
PaySim (comparison),QDFL,1,0.9364972114562988
PaySim (comparison),QDFL,0,0.021884093061089516
PaySim (comparison),QDFL,0,0.005876403767615557
PaySim (comparison),QDFL,0,0.010157564654946327
PaySim (comparison),QDFL,0,0.028756914660334587
PaySim (comparison),QDFL,0,0.6614530086517334
PaySim (comparison),QDFL,0,0.011138797737658024
PaySim (comparison),QDFL,1,0.8629624843597412
PaySim (comparison),QDFL,0,0.43455860018730164
PaySim (comparison),QDFL,1,0.9620723724365234
PaySim (comparison),QDFL,1,0.8626774549484253
PaySim (comparison),QDFL,0,0.01602281630039215
PaySim (comparison),QDFL,1,0.039787407964468
PaySim (comparison),QDFL,1,0.7823525071144104
PaySim (comparison),QDFL,1,0.9006271362304688
PaySim (comparison),QDFL,0,0.005473592318594456
PaySim (comparison),QDFL,0,0.02289389818906784
PaySim (comparison),QDFL,1,0.45076584815979004
PaySim (comparison),QDFL,1,0.7307204604148865
PaySim (comparison),QDFL,0,0.6598746180534363
PaySim (comparison),QDFL,0,0.5891738533973694
PaySim (comparison),QDFL,0,0.7378401756286621
PaySim (comparison),QDFL,0,0.7520585060119629
PaySim (comparison),QDFL,0,0.014818117953836918
PaySim (comparison),QDFL,1,0.3816920220851898
PaySim (comparison),QDFL,1,0.9733880758285522
PaySim (comparison),QDFL,0,0.594321608543396
PaySim (comparison),QDFL,0,0.5571708679199219
PaySim (comparison),QDFL,0,0.061570506542921066
PaySim (comparison),QDFL,1,0.9546716213226318
PaySim (comparison),QDFL,1,0.9128122925758362
PaySim (comparison),QDFL,1,0.6505772471427917
PaySim (comparison),QDFL,0,0.06061331182718277
PaySim (comparison),QDFL,1,0.7786683440208435
PaySim (comparison),QDFL,1,0.9581848978996277
PaySim (comparison),QDFL,0,0.07224389165639877
PaySim (comparison),QDFL,0,0.1397622674703598
PaySim (comparison),QDFL,1,0.5142507553100586
PaySim (comparison),QDFL,1,0.723918616771698
PaySim (comparison),QDFL,1,0.9539954662322998
PaySim (comparison),QDFL,1,0.9669033885002136
PaySim (comparison),QDFL,0,0.07336470484733582
PaySim (comparison),QDFL,1,0.7502735257148743
PaySim (comparison),QDFL,1,0.8274770379066467
PaySim (comparison),QDFL,1,0.9477538466453552
PaySim (comparison),QDFL,1,0.6876856088638306
PaySim (comparison),QDFL,0,0.01272116880863905
PaySim (comparison),QDFL,0,0.010318788699805737
PaySim (comparison),QDFL,1,0.9572802782058716
PaySim (comparison),QDFL,0,0.009413140825927258
PaySim (comparison),QDFL,0,0.0003918633738067001
PaySim (comparison),QDFL,1,0.8216825127601624
PaySim (comparison),QDFL,0,0.01820463500916958
PaySim (comparison),QDFL,0,0.5413550138473511
PaySim (comparison),QDFL,1,0.7760603427886963
PaySim (comparison),QDFL,1,0.8270599246025085
PaySim (comparison),QDFL,1,0.696643054485321
PaySim (comparison),QDFL,0,0.007412388920783997
PaySim (comparison),QDFL,1,0.9208523631095886
PaySim (comparison),QDFL,1,0.9470750093460083
PaySim (comparison),QDFL,0,0.017022689804434776
PaySim (comparison),QDFL,0,0.01964976266026497
PaySim (comparison),QDFL,0,0.33812960982322693
PaySim (comparison),QDFL,1,0.802488386631012
PaySim (comparison),QDFL,0,0.01763233356177807
PaySim (comparison),QDFL,0,0.01471881102770567
PaySim (comparison),QDFL,0,0.01310052815824747
PaySim (comparison),QDFL,1,0.8814072012901306
PaySim (comparison),QDFL,1,0.9175171852111816
PaySim (comparison),QDFL,0,0.06637555360794067
PaySim (comparison),QDFL,0,0.04518794268369675
PaySim (comparison),QDFL,0,0.09183291345834732
PaySim (comparison),QDFL,0,0.10138584673404694
PaySim (comparison),QDFL,1,0.8884276747703552
PaySim (comparison),QDFL,1,0.9728578925132751
PaySim (comparison),QDFL,0,0.019896110519766808
PaySim (comparison),QDFL,1,0.7759112119674683
PaySim (comparison),QDFL,1,0.4897541403770447
PaySim (comparison),QDFL,1,0.8612619042396545
PaySim (comparison),QDFL,0,0.4962058365345001
PaySim (comparison),QDFL,1,0.9462547302246094
PaySim (comparison),QDFL,1,0.8361629247665405
PaySim (comparison),QDFL,0,0.049720749258995056
PaySim (comparison),QDFL,0,0.03035072050988674
PaySim (comparison),QDFL,0,0.07215476781129837
PaySim (comparison),QDFL,0,0.6217385530471802
PaySim (comparison),QDFL,0,0.01453090738505125
PaySim (comparison),QDFL,0,0.006208587437868118
PaySim (comparison),QDFL,1,0.40974465012550354
PaySim (comparison),QDFL,0,0.8730248212814331
PaySim (comparison),QDFL,0,0.01645544357597828
PaySim (comparison),QDFL,0,0.02527647837996483
PaySim (comparison),QDFL,1,0.81595379114151
PaySim (comparison),QDFL,0,0.07039783149957657
PaySim (comparison),QDFL,0,0.4511715769767761
PaySim (comparison),QDFL,1,0.9079501628875732
PaySim (comparison),QDFL,0,0.015334092080593109
PaySim (comparison),QDFL,1,0.9339523911476135
PaySim (comparison),QDFL,0,0.008530228398740292
PaySim (comparison),QDFL,0,0.023455163463950157
PaySim (comparison),QDFL,1,0.9385596513748169
PaySim (comparison),QDFL,1,0.9591730237007141
PaySim (comparison),QDFL,0,0.023045405745506287
PaySim (comparison),QDFL,1,0.9284045100212097
PaySim (comparison),QDFL,0,0.07307752966880798
PaySim (comparison),QDFL,1,0.9759727716445923
PaySim (comparison),QDFL,1,0.7333855628967285
PaySim (comparison),QDFL,0,0.024508284404873848
PaySim (comparison),QDFL,1,0.7947468161582947
PaySim (comparison),QDFL,1,0.9015719890594482
PaySim (comparison),QDFL,0,0.019904475659132004
PaySim (comparison),QDFL,1,0.9244756698608398
PaySim (comparison),QDFL,0,0.017078319564461708
PaySim (comparison),QDFL,0,0.014019251801073551
PaySim (comparison),QDFL,1,0.971891462802887
PaySim (comparison),QDFL,0,0.01287413015961647
PaySim (comparison),QDFL,1,0.9425935745239258
PaySim (comparison),QDFL,1,0.938599169254303
PaySim (comparison),QDFL,0,0.5890541076660156
PaySim (comparison),QDFL,1,0.6585668921470642
PaySim (comparison),QDFL,1,0.8814315795898438
PaySim (comparison),QDFL,1,0.7297770380973816
PaySim (comparison),QDFL,0,0.004834954626858234
PaySim (comparison),QDFL,1,0.594994068145752
PaySim (comparison),QDFL,0,0.019209083169698715
PaySim (comparison),QDFL,0,0.018865123391151428
PaySim (comparison),QDFL,0,0.022786522284150124
PaySim (comparison),QDFL,1,0.9315059781074524
PaySim (comparison),QDFL,1,0.6671529412269592
PaySim (comparison),QDFL,1,0.9375298023223877
PaySim (comparison),QDFL,0,0.07680296897888184
PaySim (comparison),QDFL,0,0.01221521943807602
PaySim (comparison),QDFL,0,0.022259898483753204
PaySim (comparison),QDFL,0,0.17847320437431335
PaySim (comparison),QDFL,1,0.9401208162307739
PaySim (comparison),QDFL,1,0.8340994119644165
PaySim (comparison),QDFL,1,0.9329026341438293
PaySim (comparison),QDFL,1,0.9697406888008118
PaySim (comparison),QDFL,1,0.7924560308456421
PaySim (comparison),QDFL,1,0.9781107902526855
PaySim (comparison),QDFL,0,0.06184003874659538
PaySim (comparison),QDFL,1,0.8367623686790466
PaySim (comparison),QDFL,0,0.005834606010466814
PaySim (comparison),QDFL,0,0.017383620142936707
PaySim (comparison),QDFL,0,0.034345369786024094
PaySim (comparison),QDFL,1,0.9421428442001343
PaySim (comparison),QDFL,0,0.0757579430937767
PaySim (comparison),QDFL,1,0.7763553261756897
PaySim (comparison),QDFL,0,0.04370947182178497
PaySim (comparison),QDFL,0,0.05117104575037956
PaySim (comparison),QDFL,0,0.007573803421109915
PaySim (comparison),QDFL,0,0.24862681329250336
PaySim (comparison),QDFL,0,0.13194002211093903
PaySim (comparison),QDFL,0,0.03092595748603344
PaySim (comparison),QDFL,1,0.4704631268978119
PaySim (comparison),QDFL,1,0.03684603050351143
PaySim (comparison),QDFL,1,0.8934254050254822
PaySim (comparison),QDFL,0,0.011476892046630383
PaySim (comparison),QDFL,0,0.02841971069574356
PaySim (comparison),QDFL,0,0.008645975962281227
PaySim (comparison),QDFL,1,0.4186705946922302
PaySim (comparison),QDFL,0,0.03080609440803528
PaySim (comparison),QDFL,1,0.9505577087402344
PaySim (comparison),QDFL,0,0.04777710512280464
PaySim (comparison),QDFL,0,0.012229151092469692
PaySim (comparison),QDFL,0,0.013310647569596767
PaySim (comparison),QDFL,1,0.3866901993751526
PaySim (comparison),QDFL,1,0.9089586138725281
PaySim (comparison),QDFL,0,0.005558561068028212
PaySim (comparison),QDFL,0,0.013300100341439247
PaySim (comparison),QDFL,0,0.1572122573852539
PaySim (comparison),QDFL,1,0.8358715772628784
PaySim (comparison),QDFL,0,0.12494876235723495
PaySim (comparison),QDFL,0,0.0040390826761722565
PaySim (comparison),QDFL,0,0.705810546875
PaySim (comparison),QDFL,0,0.05630168691277504
PaySim (comparison),QDFL,0,0.7330530881881714
PaySim (comparison),QDFL,0,0.02599741332232952
PaySim (comparison),QDFL,1,0.937626302242279
PaySim (comparison),QDFL,1,0.9651171565055847
PaySim (comparison),QDFL,0,0.036264464259147644
PaySim (comparison),QDFL,0,0.5738564133644104
PaySim (comparison),QDFL,0,0.1083775982260704
PaySim (comparison),QDFL,0,0.06580144166946411
PaySim (comparison),QDFL,0,0.02336883917450905
PaySim (comparison),QDFL,1,0.9590597748756409
PaySim (comparison),QDFL,0,0.7879834175109863
PaySim (comparison),QDFL,0,0.02806791290640831
PaySim (comparison),QDFL,0,0.6610366702079773
PaySim (comparison),QDFL,0,0.7559418678283691
PaySim (comparison),QDFL,1,0.7106135487556458
PaySim (comparison),QDFL,0,0.021260634064674377
PaySim (comparison),QDFL,0,0.0757099911570549
PaySim (comparison),QDFL,0,0.9155561923980713
PaySim (comparison),QDFL,1,0.8423494696617126
PaySim (comparison),QDFL,0,0.08580110967159271
PaySim (comparison),QDFL,1,0.9436951279640198
PaySim (comparison),QDFL,1,0.6406566500663757
PaySim (comparison),QDFL,0,0.02115124836564064
PaySim (comparison),QDFL,0,0.09085860103368759
PaySim (comparison),QDFL,1,0.9700613021850586
PaySim (comparison),QDFL,0,0.01955450512468815
PaySim (comparison),QDFL,1,0.8613067269325256
PaySim (comparison),QDFL,0,0.04401497542858124
PaySim (comparison),QDFL,0,0.0282306931912899
PaySim (comparison),QDFL,0,0.01936642825603485
PaySim (comparison),QDFL,1,0.8963222503662109
PaySim (comparison),QDFL,0,0.004925145767629147
PaySim (comparison),QDFL,0,0.05568234249949455
PaySim (comparison),QDFL,0,0.010329692624509335
PaySim (comparison),QDFL,1,0.8306050300598145
PaySim (comparison),QDFL,1,0.9285252094268799
PaySim (comparison),QDFL,0,0.021081341430544853
PaySim (comparison),QDFL,1,0.8129615783691406
PaySim (comparison),QDFL,0,0.31685036420822144
PaySim (comparison),QDFL,0,0.6917571425437927
PaySim (comparison),QDFL,1,0.886073648929596
PaySim (comparison),QDFL,0,0.013009697198867798
PaySim (comparison),QDFL,1,0.7562658786773682
PaySim (comparison),QDFL,1,0.6662876605987549
PaySim (comparison),QDFL,0,0.5494564175605774
PaySim (comparison),QDFL,1,0.7883517146110535
PaySim (comparison),QDFL,0,0.01902623102068901
PaySim (comparison),QDFL,1,0.8205121159553528
PaySim (comparison),QDFL,1,0.7307478189468384
PaySim (comparison),QDFL,0,0.027228718623518944
PaySim (comparison),QDFL,1,0.9455032348632812
PaySim (comparison),QDFL,0,0.03241870179772377
PaySim (comparison),QDFL,0,0.2425011694431305
PaySim (comparison),QDFL,0,0.015769293531775475
PaySim (comparison),QDFL,1,0.7551652193069458
PaySim (comparison),QDFL,1,0.9521114230155945
PaySim (comparison),QDFL,1,0.8519967198371887
PaySim (comparison),QDFL,1,0.5998568534851074
PaySim (comparison),QDFL,0,0.03654685989022255
PaySim (comparison),QDFL,0,0.050109922885894775
PaySim (comparison),QDFL,0,0.002721365774050355
PaySim (comparison),QDFL,0,0.5097104907035828
PaySim (comparison),QDFL,1,0.7651762962341309
PaySim (comparison),QDFL,0,0.025707179680466652
PaySim (comparison),QDFL,0,0.38293102383613586
PaySim (comparison),QDFL,0,0.05311652645468712
PaySim (comparison),QDFL,0,0.036664631217718124
PaySim (comparison),QDFL,1,0.881571352481842
PaySim (comparison),QDFL,1,0.919835090637207
PaySim (comparison),QDFL,0,0.10194717347621918
PaySim (comparison),QDFL,1,0.6414942145347595
PaySim (comparison),QDFL,0,0.04388020187616348
PaySim (comparison),QDFL,0,0.4996362030506134
PaySim (comparison),QDFL,0,0.6150057911872864
PaySim (comparison),QDFL,0,0.03224689140915871
PaySim (comparison),QDFL,1,0.6439267992973328
PaySim (comparison),QDFL,1,0.793139636516571
PaySim (comparison),QDFL,1,0.9807718992233276
PaySim (comparison),QDFL,1,0.8315033912658691
PaySim (comparison),QDFL,0,0.019635731354355812
PaySim (comparison),QDFL,1,0.9468315243721008
PaySim (comparison),QDFL,0,0.017839830368757248
PaySim (comparison),QDFL,1,0.9527023434638977
PaySim (comparison),QDFL,0,0.01592353731393814
PaySim (comparison),QDFL,1,0.8702953457832336
PaySim (comparison),QDFL,0,0.003792545525357127
PaySim (comparison),QDFL,0,0.028912588953971863
PaySim (comparison),QDFL,0,0.6676952242851257
PaySim (comparison),QDFL,1,0.9055529832839966
PaySim (comparison),QDFL,1,0.932756245136261
PaySim (comparison),QDFL,0,0.023197701200842857
PaySim (comparison),QDFL,0,0.5114534497261047
PaySim (comparison),QDFL,1,0.85832679271698
PaySim (comparison),QDFL,0,0.6799284815788269
PaySim (comparison),QDFL,1,0.8241920471191406
PaySim (comparison),QDFL,1,0.5125774145126343
PaySim (comparison),QDFL,0,0.07380282878875732
PaySim (comparison),QDFL,0,0.9193940162658691
PaySim (comparison),QDFL,1,0.7126755714416504
PaySim (comparison),QDFL,0,0.12302609533071518
PaySim (comparison),QDFL,1,0.9650536179542542
PaySim (comparison),QDFL,0,0.035078439861536026
PaySim (comparison),QDFL,0,0.03206653147935867
PaySim (comparison),QDFL,1,0.7934597730636597
PaySim (comparison),QDFL,0,0.10780782252550125
PaySim (comparison),QDFL,1,0.9092189073562622
PaySim (comparison),QDFL,1,0.8618248105049133
PaySim (comparison),QDFL,1,0.9132714867591858
PaySim (comparison),QDFL,1,0.9530748128890991
PaySim (comparison),QDFL,0,0.007869846187531948
PaySim (comparison),QDFL,1,0.9016210436820984
PaySim (comparison),QDFL,0,0.052110932767391205
PaySim (comparison),QDFL,0,0.027507932856678963
PaySim (comparison),QDFL,0,0.012096744030714035
PaySim (comparison),QDFL,0,0.04240702465176582
PaySim (comparison),QDFL,1,0.7878022789955139
PaySim (comparison),QDFL,0,0.6635105013847351
PaySim (comparison),QDFL,1,0.9149789214134216
PaySim (comparison),QDFL,0,0.05255386233329773
PaySim (comparison),QDFL,0,0.8310387134552002
PaySim (comparison),QDFL,0,0.7757599949836731
PaySim (comparison),QDFL,0,0.03174909949302673
PaySim (comparison),QDFL,0,0.06127544119954109
PaySim (comparison),QDFL,1,0.6075758934020996
PaySim (comparison),QDFL,0,0.024764129891991615
PaySim (comparison),QDFL,1,0.22649046778678894
PaySim (comparison),QDFL,1,0.9335194826126099
PaySim (comparison),QDFL,1,0.8918225765228271
PaySim (comparison),QDFL,1,0.9567538499832153
PaySim (comparison),QDFL,0,0.4553264081478119
PaySim (comparison),QDFL,0,0.017686989158391953
PaySim (comparison),QDFL,0,0.6445180177688599
PaySim (comparison),QDFL,1,0.7813220024108887
PaySim (comparison),QDFL,0,0.06091289222240448
PaySim (comparison),QDFL,0,0.015906235203146935
PaySim (comparison),QDFL,0,0.06914929300546646
PaySim (comparison),QDFL,1,0.8010169267654419
PaySim (comparison),QDFL,1,0.9454681873321533
PaySim (comparison),QDFL,0,0.034657690674066544
PaySim (comparison),QDFL,1,0.8612238764762878
PaySim (comparison),QDFL,0,0.013677224516868591
PaySim (comparison),QDFL,0,0.014188644476234913
PaySim (comparison),QDFL,1,0.960594892501831
PaySim (comparison),QDFL,1,0.8710132837295532
PaySim (comparison),QDFL,0,0.011427303776144981
PaySim (comparison),QDFL,0,0.030355127528309822
PaySim (comparison),QDFL,1,0.9519131183624268
PaySim (comparison),QDFL,0,0.01490042731165886
PaySim (comparison),QDFL,1,0.7361764311790466
PaySim (comparison),QDFL,1,0.728678822517395
PaySim (comparison),QDFL,1,0.9538992643356323
PaySim (comparison),QDFL,1,0.8406960368156433
PaySim (comparison),QDFL,0,0.5766046643257141
PaySim (comparison),QDFL,1,0.3675149977207184
PaySim (comparison),QDFL,1,0.9127700924873352
PaySim (comparison),QDFL,0,0.012570996768772602
PaySim (comparison),QDFL,0,0.006630042567849159
PaySim (comparison),QDFL,1,0.8959797024726868
PaySim (comparison),QDFL,1,0.7059771418571472
PaySim (comparison),QDFL,1,0.863309383392334
PaySim (comparison),QDFL,0,0.0026692128740251064
PaySim (comparison),QDFL,1,0.46035727858543396
PaySim (comparison),QDFL,0,0.4973084032535553
PaySim (comparison),QDFL,0,0.01502370648086071
PaySim (comparison),QDFL,0,0.022643493488430977
PaySim (comparison),QDFL,1,0.9285740256309509
PaySim (comparison),QDFL,0,0.01983668841421604
PaySim (comparison),QDFL,0,0.013935547322034836
PaySim (comparison),QDFL,0,0.02779916115105152
PaySim (comparison),QDFL,1,0.9386788010597229
PaySim (comparison),QDFL,1,0.960358738899231
PaySim (comparison),QDFL,1,0.8961321711540222
PaySim (comparison),QDFL,1,0.43281570076942444
PaySim (comparison),QDFL,1,0.9380305409431458
PaySim (comparison),QDFL,1,0.824941873550415
PaySim (comparison),QDFL,0,0.022923534736037254
PaySim (comparison),QDFL,1,0.7956525683403015
PaySim (comparison),QDFL,0,0.022115657106041908
PaySim (comparison),QDFL,0,0.6443096995353699
PaySim (comparison),QDFL,1,0.9207417964935303
PaySim (comparison),QDFL,1,0.9585453271865845
PaySim (comparison),QDFL,0,0.09044506400823593
PaySim (comparison),QDFL,0,0.20882365107536316
PaySim (comparison),QDFL,1,0.5519037246704102
PaySim (comparison),QDFL,0,0.02447482757270336
PaySim (comparison),QDFL,0,0.6500880122184753
PaySim (comparison),QDFL,0,0.026116926223039627
PaySim (comparison),QDFL,1,0.9194478392601013
PaySim (comparison),QDFL,1,0.950329601764679
PaySim (comparison),QDFL,1,0.9737389087677002
PaySim (comparison),QDFL,0,0.016304587945342064
PaySim (comparison),QDFL,1,0.7740590572357178
PaySim (comparison),QDFL,1,0.8885619044303894
PaySim (comparison),QDFL,1,0.9442718625068665
PaySim (comparison),QDFL,1,0.4486396312713623
PaySim (comparison),QDFL,1,0.6899853348731995
PaySim (comparison),QDFL,0,0.01763363927602768
PaySim (comparison),QDFL,0,0.005562647711485624
PaySim (comparison),QDFL,1,0.907150149345398
PaySim (comparison),QDFL,0,0.010138452984392643
PaySim (comparison),QDFL,1,0.6229642629623413
PaySim (comparison),QDFL,0,0.5232948660850525
PaySim (comparison),QDFL,0,0.0921192392706871
PaySim (comparison),QDFL,0,0.40342849493026733
PaySim (comparison),QDFL,1,0.9008030891418457
PaySim (comparison),QDFL,1,0.8271130919456482
PaySim (comparison),QDFL,0,0.0756727010011673
PaySim (comparison),QDFL,1,0.9566328525543213
PaySim (comparison),QDFL,1,0.8122420310974121
PaySim (comparison),QDFL,1,0.9442355036735535
PaySim (comparison),QDFL,1,0.8129581809043884
PaySim (comparison),QDFL,1,0.9060252904891968
PaySim (comparison),QDFL,0,0.02368096448481083
PaySim (comparison),QDFL,0,0.04638362675905228
PaySim (comparison),QDFL,1,0.6905105113983154
PaySim (comparison),QDFL,0,0.038244426250457764
PaySim (comparison),QDFL,0,0.022724226117134094
PaySim (comparison),QDFL,0,0.6112045049667358
PaySim (comparison),QDFL,0,0.018407471477985382
PaySim (comparison),QDFL,0,0.02198169007897377
PaySim (comparison),QDFL,1,0.9496541023254395
PaySim (comparison),QDFL,1,0.6239078640937805
PaySim (comparison),QDFL,0,0.019749710336327553
PaySim (comparison),QDFL,1,0.8850427865982056
PaySim (comparison),QDFL,1,0.8603049516677856
PaySim (comparison),QDFL,1,0.9568400382995605
PaySim (comparison),QDFL,0,0.7578379511833191
PaySim (comparison),QDFL,0,0.027954140678048134
PaySim (comparison),QDFL,0,0.029591413214802742
PaySim (comparison),QDFL,0,0.6711685061454773
PaySim (comparison),QDFL,1,0.947559654712677
PaySim (comparison),QDFL,0,0.6773151159286499
PaySim (comparison),QDFL,0,0.05605016648769379
PaySim (comparison),QDFL,0,0.028199560940265656
PaySim (comparison),QDFL,1,0.873239278793335
PaySim (comparison),QDFL,1,0.8384299874305725
PaySim (comparison),QDFL,0,0.029242046177387238
PaySim (comparison),QDFL,1,0.5562024712562561
PaySim (comparison),QDFL,0,0.7468711733818054
PaySim (comparison),QDFL,1,0.8815808892250061
PaySim (comparison),QDFL,1,0.9169641137123108
PaySim (comparison),QDFL,1,0.954067051410675
PaySim (comparison),QDFL,1,0.4704912602901459
PaySim (comparison),QDFL,1,0.2811163365840912
PaySim (comparison),QDFL,0,0.0401591919362545
PaySim (comparison),QDFL,1,0.9180322885513306
PaySim (comparison),QDFL,1,0.9246100783348083
PaySim (comparison),QDFL,1,0.8922099471092224
PaySim (comparison),QDFL,1,0.8362298607826233
PaySim (comparison),QDFL,1,0.7492212653160095
PaySim (comparison),QDFL,0,0.003041690681129694
PaySim (comparison),QDFL,1,0.8943184614181519
PaySim (comparison),QDFL,1,0.5385516881942749
PaySim (comparison),QDFL,0,0.5297020077705383
PaySim (comparison),QDFL,0,0.6226421594619751
PaySim (comparison),QDFL,1,0.730180025100708
PaySim (comparison),QDFL,1,0.854525089263916
PaySim (comparison),QDFL,1,0.8865406513214111
PaySim (comparison),QDFL,0,0.5945985913276672
PaySim (comparison),QDFL,1,0.9055846333503723
PaySim (comparison),QDFL,0,0.01334901712834835
PaySim (comparison),QDFL,1,0.9091362953186035
PaySim (comparison),QDFL,0,0.01875128038227558
PaySim (comparison),QDFL,1,0.9267001152038574
PaySim (comparison),QDFL,1,0.9672859907150269
PaySim (comparison),QDFL,0,0.03105662763118744
PaySim (comparison),QDFL,0,0.040010880678892136
PaySim (comparison),QDFL,1,0.5523275136947632
PaySim (comparison),QDFL,0,0.013668177649378777
PaySim (comparison),QDFL,1,0.9742769002914429
PaySim (comparison),QDFL,1,0.9331732392311096
PaySim (comparison),QDFL,0,0.027527499943971634
PaySim (comparison),QDFL,1,0.9361345171928406
PaySim (comparison),QDFL,0,0.3255646824836731
PaySim (comparison),QDFL,1,0.8811239004135132
PaySim (comparison),QDFL,0,0.8398178815841675
PaySim (comparison),QDFL,0,0.03594077005982399
PaySim (comparison),QDFL,1,0.7028958797454834
PaySim (comparison),QDFL,0,0.006091895047575235
PaySim (comparison),QDFL,0,0.01770664192736149
PaySim (comparison),QDFL,0,0.6437268257141113
PaySim (comparison),QDFL,1,0.9341868162155151
PaySim (comparison),QDFL,1,0.8429814577102661
PaySim (comparison),QDFL,1,0.9348101615905762
PaySim (comparison),QDFL,0,0.04457932710647583
PaySim (comparison),QDFL,1,0.7294469475746155
PaySim (comparison),QDFL,0,0.014821716584265232
PaySim (comparison),QDFL,0,0.8694757223129272
PaySim (comparison),QDFL,0,0.570216953754425
PaySim (comparison),QDFL,0,0.02032223530113697
PaySim (comparison),QDFL,1,0.008973068557679653
PaySim (comparison),QDFL,0,0.4172609746456146
PaySim (comparison),QDFL,0,0.003108471864834428
PaySim (comparison),QDFL,0,0.11526144295930862
PaySim (comparison),QDFL,1,0.9068514704704285
PaySim (comparison),QDFL,0,0.9668130874633789
PaySim (comparison),QDFL,0,0.832944393157959
PaySim (comparison),QDFL,0,0.008165156468749046
PaySim (comparison),QDFL,1,0.9448967576026917
PaySim (comparison),QDFL,1,0.9364714622497559
PaySim (comparison),QDFL,1,0.43807414174079895
PaySim (comparison),QDFL,1,0.9667471647262573
PaySim (comparison),QDFL,1,0.6680440306663513
PaySim (comparison),QDFL,1,0.8641841411590576
PaySim (comparison),QDFL,0,0.3135542869567871
PaySim (comparison),QDFL,0,0.02493145503103733
PaySim (comparison),QDFL,1,0.7912310361862183
PaySim (comparison),QDFL,1,0.9472771286964417
PaySim (comparison),QDFL,1,0.9591673612594604
PaySim (comparison),QDFL,0,0.026530781760811806
PaySim (comparison),QDFL,1,0.8774004578590393
PaySim (comparison),QDFL,0,0.21018178761005402
PaySim (comparison),QDFL,0,0.024744950234889984
PaySim (comparison),QDFL,0,0.02677897922694683
PaySim (comparison),QDFL,1,0.9089150428771973
PaySim (comparison),QDFL,1,0.7414947152137756
PaySim (comparison),QDFL,1,0.6450730562210083
PaySim (comparison),QDFL,0,0.008925342932343483
PaySim (comparison),QDFL,0,0.0038699572905898094
PaySim (comparison),QDFL,1,0.5931290984153748
PaySim (comparison),QDFL,0,0.05018218234181404
PaySim (comparison),QDFL,1,0.9685429930686951
PaySim (comparison),QDFL,0,0.055723536759614944
PaySim (comparison),QDFL,0,0.021360374987125397
PaySim (comparison),QDFL,1,0.7738708257675171
PaySim (comparison),QDFL,1,0.6233649253845215
PaySim (comparison),QDFL,0,0.03338528424501419
PaySim (comparison),QDFL,0,0.5988391041755676
PaySim (comparison),QDFL,1,0.7254523038864136
PaySim (comparison),QDFL,0,0.9075549244880676
PaySim (comparison),QDFL,1,0.9171445965766907
PaySim (comparison),QDFL,1,0.9080908298492432
PaySim (comparison),QDFL,1,0.9256883263587952
PaySim (comparison),QDFL,1,0.35319656133651733
PaySim (comparison),QDFL,1,0.8368178009986877
PaySim (comparison),QDFL,0,0.7715913653373718
PaySim (comparison),QDFL,1,0.892156183719635
PaySim (comparison),QDFL,1,0.8723771572113037
PaySim (comparison),QDFL,0,0.04786301031708717
PaySim (comparison),QDFL,0,0.044750653207302094
PaySim (comparison),QDFL,1,0.8431625962257385
PaySim (comparison),QDFL,0,0.02994072623550892
PaySim (comparison),QDFL,0,0.00863696075975895
PaySim (comparison),QDFL,0,0.009246967732906342
PaySim (comparison),QDFL,1,0.9399781823158264
PaySim (comparison),QDFL,1,0.9728453159332275
PaySim (comparison),QDFL,0,0.13975928723812103
PaySim (comparison),QDFL,1,0.7261937856674194
PaySim (comparison),QDFL,0,0.0029147739987820387
PaySim (comparison),QDFL,1,0.8711341619491577
PaySim (comparison),QDFL,0,0.019587667658925056
PaySim (comparison),QDFL,0,0.8020725250244141
PaySim (comparison),QDFL,1,0.7696697115898132
PaySim (comparison),QDFL,0,0.956680417060852
PaySim (comparison),QDFL,0,0.012591272592544556
PaySim (comparison),QDFL,1,0.8184351325035095
PaySim (comparison),QDFL,1,0.5035401582717896
PaySim (comparison),QDFL,1,0.8859567642211914
PaySim (comparison),QDFL,1,0.9415861368179321
PaySim (comparison),QDFL,1,0.8075590133666992
PaySim (comparison),QDFL,0,0.015369887463748455
PaySim (comparison),QDFL,1,0.9813527464866638
PaySim (comparison),QDFL,1,0.9615005850791931
PaySim (comparison),QDFL,0,0.02051382325589657
PaySim (comparison),QDFL,1,0.3614407479763031
PaySim (comparison),QDFL,1,0.9581063389778137
PaySim (comparison),QDFL,1,0.8556787967681885
PaySim (comparison),QDFL,1,0.9465767741203308
PaySim (comparison),QDFL,0,0.023942772299051285
PaySim (comparison),QDFL,0,0.2963384687900543
PaySim (comparison),QDFL,1,0.6360434889793396
PaySim (comparison),QDFL,1,0.9362372159957886
PaySim (comparison),QDFL,1,0.9389013051986694
PaySim (comparison),QDFL,1,0.9390242695808411
PaySim (comparison),QDFL,0,0.012461936101317406
PaySim (comparison),QDFL,0,0.4697478115558624
PaySim (comparison),QDFL,1,0.7420529723167419
PaySim (comparison),QDFL,1,0.8455520868301392
PaySim (comparison),QDFL,0,0.11199252307415009
PaySim (comparison),QDFL,0,0.7103184461593628
PaySim (comparison),QDFL,1,0.4848146438598633
PaySim (comparison),QDFL,1,0.9563834071159363
PaySim (comparison),QDFL,0,0.0043425532057881355
PaySim (comparison),QDFL,0,0.3056524395942688
PaySim (comparison),QDFL,1,0.9768781661987305
PaySim (comparison),QDFL,1,0.9076645970344543
PaySim (comparison),QDFL,1,0.784095287322998
PaySim (comparison),QDFL,1,0.9573494791984558
PaySim (comparison),QDFL,0,0.08414408564567566
PaySim (comparison),QDFL,1,0.8742120862007141
PaySim (comparison),QDFL,1,0.9798164963722229
PaySim (comparison),QDFL,0,0.27695536613464355
PaySim (comparison),QDFL,0,0.028046321123838425
PaySim (comparison),QDFL,0,0.009901722893118858
PaySim (comparison),QDFL,1,0.7061460614204407
PaySim (comparison),QDFL,0,0.02968490682542324
PaySim (comparison),QDFL,1,0.9677676558494568
PaySim (comparison),QDFL,1,0.967491865158081
PaySim (comparison),QDFL,1,0.7202879786491394
PaySim (comparison),QDFL,1,0.9700866341590881
PaySim (comparison),QDFL,1,0.9433528780937195
PaySim (comparison),QDFL,1,0.8544268608093262
PaySim (comparison),QDFL,1,0.6073755025863647
PaySim (comparison),QDFL,0,0.09483484923839569
PaySim (comparison),QDFL,0,0.027923615649342537
PaySim (comparison),QDFL,0,0.023509858176112175
PaySim (comparison),QDFL,0,0.01879507675766945
PaySim (comparison),QDFL,0,0.018169304355978966
PaySim (comparison),QDFL,1,0.852508008480072
PaySim (comparison),QDFL,0,0.19216600060462952
PaySim (comparison),QDFL,0,0.5390790700912476
PaySim (comparison),QDFL,1,0.9484061598777771
PaySim (comparison),QDFL,0,0.01479188259691
PaySim (comparison),QDFL,1,0.9347348809242249
PaySim (comparison),QDFL,1,0.9577122330665588
PaySim (comparison),QDFL,0,0.7412164807319641
PaySim (comparison),QDFL,1,0.8360081911087036
PaySim (comparison),QDFL,1,0.9071035385131836
PaySim (comparison),QDFL,0,0.03838187828660011
PaySim (comparison),QDFL,1,0.6079303026199341
PaySim (comparison),QDFL,0,0.016203351318836212
PaySim (comparison),QDFL,1,0.9364898800849915
PaySim (comparison),QDFL,0,0.02246497943997383
PaySim (comparison),QDFL,0,0.03552982583642006
PaySim (comparison),QDFL,0,0.03443837910890579
PaySim (comparison),QDFL,1,0.7007250785827637
PaySim (comparison),QDFL,1,0.7972204685211182
PaySim (comparison),QDFL,1,0.8083655834197998
PaySim (comparison),QDFL,1,0.8469454646110535
PaySim (comparison),QDFL,1,0.9187751412391663
PaySim (comparison),QDFL,0,0.007098975125700235
PaySim (comparison),QDFL,0,0.010502160526812077
PaySim (comparison),QDFL,1,0.9527184963226318
PaySim (comparison),QDFL,0,0.5306771993637085
PaySim (comparison),QDFL,0,0.6360743045806885
PaySim (comparison),QDFL,0,0.732022225856781
PaySim (comparison),QDFL,0,0.02314128167927265
PaySim (comparison),QDFL,1,0.941954493522644
PaySim (comparison),QDFL,1,0.9102410674095154
PaySim (comparison),QDFL,1,0.9644272923469543
PaySim (comparison),QDFL,0,0.30901822447776794
PaySim (comparison),QDFL,1,0.9285467267036438
PaySim (comparison),QDFL,0,0.1136845052242279
PaySim (comparison),QDFL,1,0.8181084394454956
PaySim (comparison),QDFL,0,0.004424240440130234
PaySim (comparison),QDFL,0,0.8776377439498901
PaySim (comparison),QDFL,0,0.016124185174703598
PaySim (comparison),QDFL,1,0.9357577562332153
PaySim (comparison),QDFL,0,0.4659495949745178
PaySim (comparison),QDFL,0,0.026916030794382095
PaySim (comparison),QDFL,0,0.024148400872945786
PaySim (comparison),QDFL,1,0.7209693789482117
PaySim (comparison),QDFL,0,0.00318074319511652
PaySim (comparison),QDFL,0,0.04097010940313339
PaySim (comparison),QDFL,1,0.8887854814529419
PaySim (comparison),QDFL,1,0.743817925453186
PaySim (comparison),QDFL,0,0.018945926800370216
PaySim (comparison),QDFL,0,0.0347672775387764
PaySim (comparison),QDFL,1,0.7545003890991211
PaySim (comparison),QDFL,1,0.8609485030174255
PaySim (comparison),QDFL,1,0.934790313243866
PaySim (comparison),QDFL,0,0.026117926463484764
PaySim (comparison),QDFL,0,0.031311627477407455
PaySim (comparison),QDFL,0,0.012831272557377815
PaySim (comparison),QDFL,1,0.9663311839103699
PaySim (comparison),QDFL,1,0.9246582984924316
PaySim (comparison),QDFL,0,0.010961241088807583
PaySim (comparison),QDFL,1,0.939031183719635
PaySim (comparison),QDFL,0,0.01838614232838154
PaySim (comparison),QDFL,1,0.48919543623924255
PaySim (comparison),QDFL,0,0.012201303616166115
PaySim (comparison),QDFL,1,0.921800434589386
PaySim (comparison),QDFL,0,0.8003748059272766
PaySim (comparison),QDFL,0,0.04105531796813011
PaySim (comparison),QDFL,1,0.7710412740707397
PaySim (comparison),QDFL,1,0.9254207611083984
PaySim (comparison),QDFL,1,0.8969077467918396
PaySim (comparison),QDFL,0,0.022291433066129684
PaySim (comparison),QDFL,1,0.9476796388626099
PaySim (comparison),QDFL,0,0.02355118840932846
PaySim (comparison),QDFL,1,0.8843406438827515
PaySim (comparison),QDFL,0,0.46907663345336914
PaySim (comparison),QDFL,1,0.9208800792694092
PaySim (comparison),QDFL,1,0.9485362768173218
PaySim (comparison),QDFL,0,0.1245013028383255
PaySim (comparison),QDFL,1,0.9272034168243408
PaySim (comparison),QDFL,0,0.45397982001304626
PaySim (comparison),QDFL,1,0.9548105001449585
PaySim (comparison),QDFL,1,0.9268931150436401
PaySim (comparison),QDFL,0,0.033209916204214096
PaySim (comparison),QDFL,0,0.037687622010707855
PaySim (comparison),QDFL,0,0.006610627751797438
PaySim (comparison),QDFL,0,0.02422916702926159
PaySim (comparison),QDFL,0,0.08784379810094833
PaySim (comparison),QDFL,0,0.025293465703725815
PaySim (comparison),QDFL,1,0.8860060572624207
PaySim (comparison),QDFL,1,0.5083990097045898
PaySim (comparison),QDFL,1,0.8791645169258118
PaySim (comparison),QDFL,1,0.9536095857620239
PaySim (comparison),QDFL,1,0.5027449727058411
PaySim (comparison),QDFL,1,0.8826338648796082
PaySim (comparison),QDFL,0,0.15467017889022827
PaySim (comparison),QDFL,1,0.6096087098121643
PaySim (comparison),QDFL,1,0.8521098494529724
PaySim (comparison),QDFL,1,0.7939901947975159
PaySim (comparison),QDFL,0,0.018771542236208916
PaySim (comparison),QDFL,1,0.606619656085968
PaySim (comparison),QDFL,1,0.9544345140457153
PaySim (comparison),QDFL,1,0.6967514753341675
PaySim (comparison),QDFL,1,0.9152337908744812
PaySim (comparison),QDFL,0,0.021846186369657516
PaySim (comparison),QDFL,0,0.0069429995492100716
PaySim (comparison),QDFL,1,0.9546958804130554
PaySim (comparison),QDFL,0,0.014721005223691463
PaySim (comparison),QDFL,1,0.8353322744369507
PaySim (comparison),QDFL,1,0.7714387774467468
PaySim (comparison),QDFL,0,0.1742834746837616
PaySim (comparison),QDFL,1,0.6079695224761963
PaySim (comparison),QDFL,1,0.9736368656158447
PaySim (comparison),QDFL,1,0.6391310691833496
PaySim (comparison),QDFL,1,0.9003655910491943
PaySim (comparison),QDFL,1,0.8052189946174622
PaySim (comparison),QDFL,1,0.9683693647384644
PaySim (comparison),QDFL,0,0.016104528680443764
PaySim (comparison),QDFL,0,0.275906503200531
PaySim (comparison),QDFL,1,0.913226306438446
PaySim (comparison),QDFL,1,0.9591861963272095
PaySim (comparison),QDFL,1,0.858941376209259
PaySim (comparison),QDFL,1,0.011796138249337673
PaySim (comparison),QDFL,0,0.014357732608914375
PaySim (comparison),QDFL,0,0.043104369193315506
PaySim (comparison),QDFL,0,0.13462381064891815
PaySim (comparison),QDFL,1,0.9493029117584229
PaySim (comparison),QDFL,1,0.9575057029724121
PaySim (comparison),QDFL,0,0.002219861838966608
PaySim (comparison),QDFL,1,0.7237213253974915
PaySim (comparison),QDFL,0,0.023730553686618805
PaySim (comparison),QDFL,0,0.03441845625638962
PaySim (comparison),QDFL,1,0.9218149185180664
PaySim (comparison),QDFL,1,0.9095474481582642
PaySim (comparison),QDFL,1,0.5322017073631287
PaySim (comparison),QDFL,0,0.7448992133140564
PaySim (comparison),QDFL,1,0.6733556389808655
PaySim (comparison),QDFL,1,0.8552101850509644
PaySim (comparison),QDFL,0,0.2967272698879242
PaySim (comparison),QDFL,0,0.02119930274784565
PaySim (comparison),QDFL,1,0.7869697213172913
PaySim (comparison),QDFL,1,0.6087732911109924
PaySim (comparison),QDFL,0,0.013534287922084332
PaySim (comparison),QDFL,1,0.41689667105674744
PaySim (comparison),QDFL,1,0.9114804267883301
PaySim (comparison),QDFL,0,0.021874114871025085
PaySim (comparison),QDFL,1,0.9433202147483826
PaySim (comparison),QDFL,1,0.8778812289237976
PaySim (comparison),QDFL,0,0.6741663217544556
PaySim (comparison),QDFL,0,0.4764315187931061
PaySim (comparison),QDFL,0,0.6293648481369019
PaySim (comparison),QDFL,0,0.022555630654096603
PaySim (comparison),QDFL,0,0.7360541820526123
PaySim (comparison),QDFL,1,0.9085285663604736
PaySim (comparison),QDFL,0,0.3530930280685425
PaySim (comparison),QDFL,0,0.5603615641593933
PaySim (comparison),QDFL,0,0.09574639052152634
PaySim (comparison),QDFL,1,0.8975357413291931
PaySim (comparison),QDFL,0,0.00809689611196518
PaySim (comparison),QDFL,0,0.045675069093704224
PaySim (comparison),QDFL,0,0.09472860395908356
PaySim (comparison),QDFL,0,0.05428263172507286
PaySim (comparison),QDFL,0,0.06579095870256424
PaySim (comparison),QDFL,0,0.025030652061104774
PaySim (comparison),QDFL,1,0.9412130117416382
PaySim (comparison),QDFL,0,0.6775949597358704
PaySim (comparison),QDFL,1,0.9672837853431702
PaySim (comparison),QDFL,1,0.950049877166748
PaySim (comparison),QDFL,0,0.003449295414611697
PaySim (comparison),QDFL,1,0.7903342843055725
PaySim (comparison),QDFL,1,0.6503992080688477
PaySim (comparison),QDFL,1,0.16683343052864075
PaySim (comparison),QDFL,1,0.6526334285736084
PaySim (comparison),QDFL,1,0.9411311745643616
PaySim (comparison),QDFL,1,0.48754626512527466
PaySim (comparison),QDFL,0,0.006766375619918108
PaySim (comparison),QDFL,0,0.02475591003894806
PaySim (comparison),QDFL,0,0.37588122487068176
PaySim (comparison),QDFL,0,0.01272116880863905
PaySim (comparison),QDFL,0,0.6101008057594299
PaySim (comparison),QDFL,1,0.31358087062835693
PaySim (comparison),QDFL,1,0.8737815022468567
PaySim (comparison),QDFL,0,0.0802440419793129
PaySim (comparison),QDFL,1,0.8880245089530945
PaySim (comparison),QDFL,1,0.10070644319057465
PaySim (comparison),QDFL,0,0.44762036204338074
PaySim (comparison),QDFL,1,0.874749481678009
PaySim (comparison),QDFL,1,0.9425528049468994
PaySim (comparison),QDFL,0,0.6347973942756653
PaySim (comparison),QDFL,1,0.8690466284751892
PaySim (comparison),QDFL,1,0.9653192758560181
PaySim (comparison),QDFL,1,0.810472846031189
PaySim (comparison),QDFL,1,0.9847666621208191
PaySim (comparison),QDFL,1,0.744748592376709
PaySim (comparison),QDFL,1,0.9319190979003906
PaySim (comparison),QDFL,1,0.8880678415298462
PaySim (comparison),QDFL,0,0.9313890933990479
PaySim (comparison),QDFL,0,0.022370118647813797
PaySim (comparison),QDFL,1,0.9493709206581116
PaySim (comparison),QDFL,0,0.13773806393146515
PaySim (comparison),QDFL,1,0.7691317200660706
PaySim (comparison),QDFL,0,0.07240395247936249
PaySim (comparison),QDFL,1,0.8532406091690063
PaySim (comparison),QDFL,1,0.9289966225624084
PaySim (comparison),QDFL,1,0.9614054560661316
PaySim (comparison),QDFL,0,0.033039726316928864
PaySim (comparison),QDFL,0,0.006487925536930561
PaySim (comparison),QDFL,1,0.5511856079101562
PaySim (comparison),QDFL,0,0.06655929237604141
PaySim (comparison),QDFL,1,0.7490360736846924
PaySim (comparison),QDFL,1,0.9813280701637268
PaySim (comparison),QDFL,1,0.9313701391220093
PaySim (comparison),QDFL,0,0.690588653087616
PaySim (comparison),QDFL,0,0.01912079006433487
PaySim (comparison),QDFL,1,0.7972286343574524
PaySim (comparison),QDFL,0,0.023939935490489006
PaySim (comparison),QDFL,0,0.012706474401056767
PaySim (comparison),QDFL,1,0.5679716467857361
PaySim (comparison),QDFL,0,0.027133259922266006
PaySim (comparison),QDFL,1,0.5165717005729675
PaySim (comparison),QDFL,0,0.02728666178882122
PaySim (comparison),QDFL,1,0.7431600093841553
PaySim (comparison),QDFL,1,0.9263874888420105
PaySim (comparison),QDFL,1,0.9685924053192139
PaySim (comparison),QDFL,1,0.8976965546607971
PaySim (comparison),QDFL,1,0.7362687587738037
PaySim (comparison),QDFL,0,0.05904652178287506
PaySim (comparison),QDFL,1,0.9616221785545349
PaySim (comparison),QDFL,1,0.8817477822303772
PaySim (comparison),QDFL,0,0.0068552796728909016
PaySim (comparison),QDFL,1,0.6481235027313232
PaySim (comparison),QDFL,0,0.046768978238105774
PaySim (comparison),QDFL,1,0.9280925393104553
PaySim (comparison),QDFL,1,0.9619614481925964
PaySim (comparison),QDFL,0,0.7176252603530884
PaySim (comparison),QDFL,1,0.9605852961540222
PaySim (comparison),QDFL,0,0.01581021212041378
PaySim (comparison),QDFL,0,0.020827000960707664
PaySim (comparison),QDFL,1,0.624801516532898
PaySim (comparison),QDFL,0,0.5681467652320862
PaySim (comparison),QDFL,1,0.6199705600738525
PaySim (comparison),QDFL,1,0.6605263948440552
PaySim (comparison),QDFL,1,0.9712899923324585
PaySim (comparison),QDFL,0,0.18907827138900757
PaySim (comparison),QDFL,1,0.9377471804618835
PaySim (comparison),QDFL,1,0.6658508777618408
PaySim (comparison),QDFL,0,0.14236438274383545
PaySim (comparison),QDFL,0,0.6838042140007019
PaySim (comparison),QDFL,1,0.8130589723587036
PaySim (comparison),QDFL,0,0.09619638323783875
PaySim (comparison),QDFL,1,0.8745882511138916
PaySim (comparison),QDFL,0,0.7748385071754456
PaySim (comparison),QDFL,0,0.07049732655286789
PaySim (comparison),QDFL,0,0.03794141113758087
PaySim (comparison),QDFL,1,0.8760481476783752
PaySim (comparison),QDFL,1,0.7456109523773193
PaySim (comparison),QDFL,0,0.0961630791425705
PaySim (comparison),QDFL,0,0.028110982850193977
PaySim (comparison),QDFL,1,0.8607538938522339
PaySim (comparison),QDFL,0,0.012142399325966835
PaySim (comparison),QDFL,0,0.019892066717147827
PaySim (comparison),QDFL,0,0.206192746758461
PaySim (comparison),QDFL,0,0.5796924829483032
PaySim (comparison),QDFL,0,0.01980605162680149
PaySim (comparison),QDFL,0,0.06911268830299377
PaySim (comparison),QDFL,0,0.024970460683107376
PaySim (comparison),QDFL,1,0.8506084680557251
PaySim (comparison),QDFL,1,0.5200921297073364
PaySim (comparison),QDFL,0,0.7384406328201294
PaySim (comparison),QDFL,0,0.01770109497010708
PaySim (comparison),QDFL,1,0.9014402031898499
PaySim (comparison),QDFL,0,0.007266298867762089
PaySim (comparison),QDFL,1,0.8444834351539612
PaySim (comparison),QDFL,0,0.02074967697262764
PaySim (comparison),QDFL,0,0.03469754010438919
PaySim (comparison),QDFL,0,0.019947027787566185
PaySim (comparison),QDFL,0,0.850415050983429
PaySim (comparison),QDFL,1,0.7271132469177246
PaySim (comparison),QDFL,0,0.5410356521606445
PaySim (comparison),QDFL,0,0.6420204043388367
PaySim (comparison),QDFL,1,0.8650665283203125
PaySim (comparison),QDFL,0,0.006231584120541811
PaySim (comparison),QDFL,0,0.006664292421191931
PaySim (comparison),QDFL,1,0.9174730777740479
PaySim (comparison),QDFL,1,0.9254711270332336
PaySim (comparison),QDFL,1,0.9743170738220215
PaySim (comparison),QDFL,0,0.042655009776353836
PaySim (comparison),QDFL,0,0.028459254652261734
PaySim (comparison),QDFL,1,0.9005692601203918
PaySim (comparison),QDFL,1,0.8542701005935669
PaySim (comparison),QDFL,0,0.023910466581583023
PaySim (comparison),QDFL,1,0.5844407081604004
PaySim (comparison),QDFL,1,0.9668800830841064
PaySim (comparison),QDFL,0,0.5645546317100525
PaySim (comparison),QDFL,0,0.025175167247653008
PaySim (comparison),QDFL,0,0.05255845561623573
PaySim (comparison),QDFL,1,0.9400798678398132
PaySim (comparison),QDFL,1,0.930927574634552
PaySim (comparison),QDFL,0,0.07306288182735443
PaySim (comparison),QDFL,1,0.8522931933403015
PaySim (comparison),QDFL,1,0.9418135285377502
PaySim (comparison),QDFL,0,0.023787090554833412
PaySim (comparison),QDFL,0,0.025571182370185852
PaySim (comparison),QDFL,0,0.659827709197998
PaySim (comparison),QDFL,1,0.8148480653762817
PaySim (comparison),QDFL,0,0.007398229092359543
PaySim (comparison),QDFL,0,0.019621118903160095
PaySim (comparison),QDFL,1,0.8417415618896484
PaySim (comparison),QDFL,0,0.08421606570482254
PaySim (comparison),QDFL,0,0.18096032738685608
PaySim (comparison),QDFL,0,0.021791044622659683
PaySim (comparison),QDFL,1,0.9160942435264587
PaySim (comparison),QDFL,0,0.008570963516831398
PaySim (comparison),QDFL,0,0.7332021594047546
PaySim (comparison),QDFL,1,0.8855750560760498
PaySim (comparison),QDFL,0,0.022981153801083565
PaySim (comparison),QDFL,1,0.9448584318161011
PaySim (comparison),QDFL,1,0.9221450686454773
PaySim (comparison),QDFL,0,0.038881510496139526
PaySim (comparison),QDFL,0,0.042679861187934875
PaySim (comparison),QDFL,0,0.002900023479014635
PaySim (comparison),QDFL,0,0.005590417888015509
PaySim (comparison),QDFL,1,0.9627873301506042
PaySim (comparison),QDFL,1,0.008515823632478714
PaySim (comparison),QDFL,1,0.8337183594703674
PaySim (comparison),QDFL,0,0.2531379759311676
PaySim (comparison),QDFL,0,0.6900392174720764
PaySim (comparison),QDFL,0,0.034398943185806274
PaySim (comparison),QDFL,1,0.8533491492271423
PaySim (comparison),QDFL,0,0.3797491788864136
PaySim (comparison),QDFL,1,0.08606845140457153
PaySim (comparison),QDFL,0,0.055853232741355896
PaySim (comparison),QDFL,0,0.052071310579776764
PaySim (comparison),QDFL,1,0.5063536763191223
PaySim (comparison),QDFL,1,0.8278957605361938
PaySim (comparison),QDFL,1,0.9808331727981567
PaySim (comparison),QDFL,0,0.14080798625946045
PaySim (comparison),QDFL,0,0.02434014156460762
PaySim (comparison),QDFL,0,0.7108493447303772
PaySim (comparison),QDFL,1,0.9289487600326538
PaySim (comparison),QDFL,0,0.022206425666809082
PaySim (comparison),QDFL,1,0.875464677810669
PaySim (comparison),QDFL,0,0.4526453912258148
PaySim (comparison),QDFL,0,0.00824747048318386
PaySim (comparison),QDFL,0,0.016382819041609764
PaySim (comparison),QDFL,0,0.4662241041660309
PaySim (comparison),QDFL,1,0.9791854023933411
PaySim (comparison),QDFL,0,0.5927534699440002
PaySim (comparison),QDFL,0,0.021060140803456306
PaySim (comparison),QDFL,1,0.8767346143722534
PaySim (comparison),QDFL,1,0.9219236373901367
PaySim (comparison),QDFL,0,0.06269589066505432
PaySim (comparison),QDFL,1,0.9685109257698059
PaySim (comparison),QDFL,1,0.8866401314735413
PaySim (comparison),QDFL,1,0.9562494158744812
PaySim (comparison),QDFL,0,0.006626080721616745
PaySim (comparison),QDFL,1,0.9484918713569641
PaySim (comparison),QDFL,1,0.7824947834014893
PaySim (comparison),QDFL,0,0.24844130873680115
PaySim (comparison),QDFL,1,0.9357660412788391
PaySim (comparison),QDFL,0,0.02066812850534916
PaySim (comparison),QDFL,1,0.860358476638794
PaySim (comparison),QDFL,0,0.896337628364563
PaySim (comparison),QDFL,1,0.9241457581520081
PaySim (comparison),QDFL,0,0.034907832741737366
PaySim (comparison),QDFL,0,0.025623491033911705
PaySim (comparison),QDFL,0,0.6710526347160339
PaySim (comparison),QDFL,1,0.865780770778656
PaySim (comparison),QDFL,1,0.9544482827186584
PaySim (comparison),QDFL,0,0.1517963856458664
PaySim (comparison),QDFL,1,0.7731677293777466
PaySim (comparison),QDFL,1,0.8149968981742859
PaySim (comparison),QDFL,0,0.013332465663552284
PaySim (comparison),QDFL,1,0.9860498309135437
PaySim (comparison),QDFL,1,0.88521808385849
PaySim (comparison),QDFL,1,0.27774232625961304
PaySim (comparison),QDFL,0,0.05308294668793678
PaySim (comparison),QDFL,1,0.5450708270072937
PaySim (comparison),QDFL,0,0.03476754203438759
PaySim (comparison),QDFL,1,0.9618334174156189
PaySim (comparison),QDFL,0,0.0033354689367115498
PaySim (comparison),QDFL,1,0.6723077297210693
PaySim (comparison),QDFL,0,0.04338211193680763
PaySim (comparison),QDFL,1,0.9519245028495789
PaySim (comparison),QDFL,0,0.8525630831718445
PaySim (comparison),QDFL,0,0.04002326726913452
PaySim (comparison),QDFL,0,0.0875449851155281
PaySim (comparison),QDFL,1,0.9097995162010193
PaySim (comparison),QDFL,0,0.5910266637802124
PaySim (comparison),QDFL,1,0.8125333189964294
PaySim (comparison),QDFL,0,0.053578272461891174
PaySim (comparison),QDFL,1,0.8526870608329773
PaySim (comparison),QDFL,1,0.875062108039856
PaySim (comparison),QDFL,0,0.21532773971557617
PaySim (comparison),QDFL,1,0.9564980268478394
PaySim (comparison),QDFL,0,0.015244175679981709
PaySim (comparison),QDFL,1,0.8532026410102844
PaySim (comparison),QDFL,1,0.549602746963501
PaySim (comparison),QDFL,0,0.9548872113227844
PaySim (comparison),QDFL,0,0.021093612536787987
PaySim (comparison),QDFL,0,0.8953325748443604
PaySim (comparison),QDFL,0,0.428409606218338
PaySim (comparison),QDFL,1,0.8696908354759216
PaySim (comparison),QDFL,0,0.014045312069356441
PaySim (comparison),QDFL,0,0.04093153029680252
PaySim (comparison),QDFL,1,0.9228995442390442
PaySim (comparison),QDFL,0,0.10333339869976044
PaySim (comparison),QDFL,1,0.41408300399780273
PaySim (comparison),QDFL,1,0.9681687355041504
PaySim (comparison),QDFL,1,0.847516655921936
PaySim (comparison),QDFL,1,0.8096011877059937
PaySim (comparison),QDFL,1,0.8006556034088135
PaySim (comparison),QDFL,0,0.029595796018838882
PaySim (comparison),QDFL,0,0.5323712825775146
PaySim (comparison),QDFL,0,0.026288039982318878
PaySim (comparison),QDFL,1,0.9537782073020935
PaySim (comparison),QDFL,0,0.09632804989814758
PaySim (comparison),QDFL,1,0.9146376848220825
PaySim (comparison),QDFL,0,0.015116559341549873
PaySim (comparison),QDFL,1,0.5771032571792603
PaySim (comparison),QDFL,0,0.02280067652463913
PaySim (comparison),QDFL,0,0.056355711072683334
PaySim (comparison),QDFL,1,0.6614600419998169
PaySim (comparison),QDFL,0,0.1190071552991867
PaySim (comparison),QDFL,0,0.04813496023416519
PaySim (comparison),QDFL,0,0.011241178959608078
PaySim (comparison),QDFL,0,0.8382349610328674
PaySim (comparison),QDFL,1,0.3764612674713135
PaySim (comparison),QDFL,1,0.843275249004364
PaySim (comparison),QDFL,0,0.7044273614883423
PaySim (comparison),QDFL,1,0.5713981986045837
PaySim (comparison),QDFL,0,0.15820631384849548
PaySim (comparison),QDFL,1,0.9578512907028198
PaySim (comparison),QDFL,0,0.04355405643582344
PaySim (comparison),QDFL,1,0.4013061225414276
PaySim (comparison),QDFL,1,0.9642229080200195
PaySim (comparison),QDFL,0,0.6609718799591064
PaySim (comparison),QDFL,0,0.06738559156656265
PaySim (comparison),QDFL,0,0.23624072968959808
PaySim (comparison),QDFL,0,0.04205446317791939
PaySim (comparison),QDFL,0,0.015400796197354794
PaySim (comparison),QDFL,0,0.004603983368724585
PaySim (comparison),QDFL,1,0.906416654586792
PaySim (comparison),QDFL,1,0.7845130562782288
PaySim (comparison),QDFL,0,0.09275490790605545
PaySim (comparison),QDFL,0,0.4837643802165985
PaySim (comparison),QDFL,1,0.5265222787857056
PaySim (comparison),QDFL,0,0.03923257440328598
PaySim (comparison),QDFL,0,0.04264061897993088
PaySim (comparison),QDFL,0,0.0228487029671669
PaySim (comparison),QDFL,1,0.43787679076194763
PaySim (comparison),QDFL,0,0.003013310022652149
PaySim (comparison),QDFL,1,0.6288172602653503
PaySim (comparison),QDFL,0,0.9036882519721985
PaySim (comparison),QDFL,0,0.012557283975183964
PaySim (comparison),QDFL,1,0.8359816670417786
PaySim (comparison),QDFL,0,0.016574429348111153
PaySim (comparison),QDFL,1,0.9292483925819397
PaySim (comparison),QDFL,1,0.8790934085845947
PaySim (comparison),QDFL,1,0.9780296087265015
PaySim (comparison),QDFL,0,0.10883267968893051
PaySim (comparison),QDFL,0,0.40697336196899414
PaySim (comparison),QDFL,0,0.44030526280403137
PaySim (comparison),QDFL,0,0.019313929602503777
PaySim (comparison),QDFL,1,0.9464417099952698
PaySim (comparison),QDFL,0,0.5807533264160156
PaySim (comparison),QDFL,1,0.9502084255218506
PaySim (comparison),QDFL,1,0.7153720855712891
PaySim (comparison),QDFL,1,0.9523762464523315
PaySim (comparison),QDFL,0,0.08711317181587219
PaySim (comparison),QDFL,0,0.5405328869819641
PaySim (comparison),QDFL,0,0.384831964969635
PaySim (comparison),QDFL,1,0.9287750720977783
PaySim (comparison),QDFL,1,0.48518481850624084
PaySim (comparison),QDFL,0,0.005211317911744118
PaySim (comparison),QDFL,0,0.12574712932109833
PaySim (comparison),QDFL,1,0.686325192451477
PaySim (comparison),QDFL,1,0.9739198088645935
PaySim (comparison),QDFL,1,0.8462944030761719
PaySim (comparison),QDFL,0,0.03170142322778702
PaySim (comparison),QDFL,1,0.9635066986083984
PaySim (comparison),QDFL,1,0.5867624282836914
PaySim (comparison),QDFL,0,0.026449205353856087
PaySim (comparison),QDFL,1,0.7216768264770508
PaySim (comparison),QDFL,1,0.9294021129608154
PaySim (comparison),QDFL,1,0.7208645343780518
PaySim (comparison),QDFL,0,0.02651282027363777
PaySim (comparison),QDFL,1,0.7368214726448059
PaySim (comparison),QDFL,0,0.6484836339950562
PaySim (comparison),QDFL,1,0.7304975986480713
PaySim (comparison),QDFL,1,0.964150071144104
PaySim (comparison),QDFL,0,0.03618616238236427
PaySim (comparison),QDFL,1,0.6035265326499939
PaySim (comparison),QDFL,1,0.44885721802711487
PaySim (comparison),QDFL,1,0.9774723649024963
PaySim (comparison),QDFL,0,0.12133698165416718
PaySim (comparison),QDFL,1,0.9146522879600525
PaySim (comparison),QDFL,1,0.5105936527252197
PaySim (comparison),QDFL,0,0.02574586682021618
PaySim (comparison),QDFL,0,0.8934034109115601
PaySim (comparison),QDFL,1,0.9768649339675903
PaySim (comparison),QDFL,0,0.017280252650380135
PaySim (comparison),QDFL,1,0.8128565549850464
PaySim (comparison),QDFL,1,0.7364348769187927
PaySim (comparison),QDFL,0,0.058253832161426544
PaySim (comparison),QDFL,0,0.03021015226840973
PaySim (comparison),QDFL,0,0.1245647519826889
PaySim (comparison),QDFL,1,0.6277847290039062
PaySim (comparison),QDFL,0,0.6635280847549438
PaySim (comparison),QDFL,1,0.8185003399848938
PaySim (comparison),QDFL,0,0.004310904070734978
PaySim (comparison),QDFL,1,0.458366334438324
PaySim (comparison),QDFL,0,0.006876678206026554
PaySim (comparison),QDFL,0,0.9118944406509399
PaySim (comparison),QDFL,1,0.4451434016227722
PaySim (comparison),QDFL,0,0.5983147025108337
PaySim (comparison),QDFL,1,0.821794331073761
PaySim (comparison),QDFL,1,0.7278805375099182
PaySim (comparison),QDFL,0,0.5433081984519958
PaySim (comparison),QDFL,1,0.8349946737289429
PaySim (comparison),QDFL,0,0.08628108352422714
PaySim (comparison),QDFL,0,0.011480625718832016
PaySim (comparison),QDFL,0,0.5578340291976929
PaySim (comparison),QDFL,1,0.8335664868354797
PaySim (comparison),QDFL,0,0.696734607219696
PaySim (comparison),QDFL,0,0.5451577305793762
PaySim (comparison),QDFL,0,0.03500834107398987
PaySim (comparison),QDFL,1,0.7665578126907349
PaySim (comparison),QDFL,1,0.9263144135475159
PaySim (comparison),QDFL,1,0.8176555633544922
PaySim (comparison),QDFL,1,0.8746458888053894
PaySim (comparison),QDFL,0,0.6888559460639954
PaySim (comparison),QDFL,1,0.9420530200004578
PaySim (comparison),QDFL,1,0.6988715529441833
PaySim (comparison),QDFL,1,0.9432430863380432
PaySim (comparison),QDFL,1,0.6640685200691223
PaySim (comparison),QDFL,1,0.9305831789970398
PaySim (comparison),QDFL,0,0.025489365682005882
PaySim (comparison),QDFL,1,0.9786398410797119
PaySim (comparison),QDFL,1,0.8867348432540894
PaySim (comparison),QDFL,1,0.9359981417655945
PaySim (comparison),QDFL,0,0.033072639256715775
PaySim (comparison),QDFL,1,0.7744084596633911
PaySim (comparison),QDFL,0,0.00475873751565814
PaySim (comparison),QDFL,1,0.8962898850440979
PaySim (comparison),QDFL,1,0.9318366646766663
PaySim (comparison),QDFL,0,0.5224395394325256
PaySim (comparison),QDFL,1,0.9413447976112366
PaySim (comparison),QDFL,1,0.9870555400848389
PaySim (comparison),QDFL,0,0.7146242260932922
PaySim (comparison),QDFL,1,0.7400671243667603
PaySim (comparison),QDFL,1,0.8701183199882507
PaySim (comparison),QDFL,1,0.8334729671478271
PaySim (comparison),QDFL,0,0.04795503243803978
PaySim (comparison),QDFL,0,0.5215893387794495
PaySim (comparison),QDFL,1,0.954138994216919
PaySim (comparison),QDFL,1,0.8812424540519714
PaySim (comparison),QDFL,0,0.07808173447847366
PaySim (comparison),QDFL,0,0.04845643416047096
PaySim (comparison),QDFL,0,0.011004631407558918
PaySim (comparison),QDFL,1,0.9562291502952576
PaySim (comparison),QDFL,0,0.5220057964324951
PaySim (comparison),QDFL,1,0.9550672769546509
PaySim (comparison),QDFL,1,0.9311226606369019
PaySim (comparison),QDFL,0,0.1524330973625183
PaySim (comparison),QDFL,1,0.9305105209350586
PaySim (comparison),QDFL,0,0.019449157640337944
PaySim (comparison),QDFL,0,0.15659892559051514
PaySim (comparison),QDFL,1,0.9673781394958496
PaySim (comparison),QDFL,1,0.9357374310493469
PaySim (comparison),QDFL,0,0.06808234006166458
PaySim (comparison),QDFL,0,0.05426975339651108
PaySim (comparison),QDFL,1,0.9738571643829346
PaySim (comparison),QDFL,1,0.8199018836021423
PaySim (comparison),QDFL,0,0.5242655277252197
PaySim (comparison),QDFL,1,0.9681826233863831
PaySim (comparison),QDFL,1,0.7948072552680969
PaySim (comparison),QDFL,1,0.8098194599151611
PaySim (comparison),QDFL,1,0.9170933365821838
PaySim (comparison),QDFL,1,0.9360805153846741
PaySim (comparison),QDFL,1,0.7451938390731812
PaySim (comparison),QDFL,0,0.009087535552680492
PaySim (comparison),QDFL,1,0.9591746926307678
PaySim (comparison),QDFL,1,0.940535843372345
PaySim (comparison),QDFL,1,0.7955896854400635
PaySim (comparison),QDFL,1,0.6152034997940063
PaySim (comparison),QDFL,1,0.8693670034408569
PaySim (comparison),QDFL,0,0.04187246412038803
PaySim (comparison),QDFL,1,0.9233141541481018
PaySim (comparison),QDFL,0,0.011599701829254627
PaySim (comparison),QDFL,1,0.9123897552490234
PaySim (comparison),QDFL,0,0.06487148255109787
PaySim (comparison),QDFL,0,0.024618903174996376
PaySim (comparison),QDFL,1,0.9547281265258789
PaySim (comparison),QDFL,0,0.6517589092254639
PaySim (comparison),QDFL,1,0.8407363295555115
PaySim (comparison),QDFL,0,0.01613014005124569
PaySim (comparison),QDFL,1,0.9017625451087952
PaySim (comparison),QDFL,0,0.01916477270424366
PaySim (comparison),QDFL,0,0.018623897805809975
PaySim (comparison),QDFL,0,0.006306972820311785
PaySim (comparison),QDFL,0,0.032091692090034485
PaySim (comparison),QDFL,1,0.8619171977043152
PaySim (comparison),QDFL,0,0.005232444033026695
PaySim (comparison),QDFL,0,0.7209469079971313
PaySim (comparison),QDFL,0,0.7033458948135376
PaySim (comparison),QDFL,1,0.9443055391311646
PaySim (comparison),QDFL,0,0.020318221300840378
PaySim (comparison),QDFL,0,0.5083758234977722
PaySim (comparison),QDFL,1,0.977185070514679
PaySim (comparison),QDFL,1,0.9184879064559937
PaySim (comparison),QDFL,0,0.03658754751086235
PaySim (comparison),QDFL,0,0.22650262713432312
PaySim (comparison),QDFL,0,0.08230393379926682
PaySim (comparison),QDFL,0,0.442555695772171
PaySim (comparison),QDFL,0,0.08063152432441711
PaySim (comparison),QDFL,1,0.914214551448822
PaySim (comparison),QDFL,0,0.011257297359406948
PaySim (comparison),QDFL,0,0.009553546085953712
PaySim (comparison),QDFL,1,0.8696961402893066
PaySim (comparison),QDFL,1,0.9274517297744751
PaySim (comparison),QDFL,1,0.9677596092224121
PaySim (comparison),QDFL,0,0.03425677493214607
PaySim (comparison),QDFL,1,0.6919048428535461
PaySim (comparison),QDFL,0,0.48644816875457764
PaySim (comparison),QDFL,1,0.9420307874679565
PaySim (comparison),QDFL,1,0.9071015119552612
PaySim (comparison),QDFL,0,0.0254601389169693
PaySim (comparison),QDFL,1,0.31846341490745544
PaySim (comparison),QDFL,1,0.7331222891807556
PaySim (comparison),QDFL,0,0.01052724290639162
PaySim (comparison),QDFL,1,0.9696545004844666
PaySim (comparison),QDFL,0,0.02063426747918129
PaySim (comparison),QDFL,1,0.8377454280853271
PaySim (comparison),QDFL,0,0.006482075434178114
PaySim (comparison),QDFL,0,0.013648327440023422
PaySim (comparison),QDFL,0,0.047539182007312775
PaySim (comparison),QDFL,0,0.010714571923017502
PaySim (comparison),QDFL,0,0.6066567301750183
PaySim (comparison),QDFL,1,0.3355047106742859
PaySim (comparison),QDFL,0,0.018944526091217995
PaySim (comparison),QDFL,0,0.05923144891858101
PaySim (comparison),QDFL,0,0.06826669722795486
PaySim (comparison),QDFL,1,0.8936842083930969
PaySim (comparison),QDFL,0,0.6446800827980042
PaySim (comparison),QDFL,0,0.013892106711864471
PaySim (comparison),QDFL,0,0.04304446280002594
PaySim (comparison),QDFL,1,0.28453895449638367
PaySim (comparison),QDFL,0,0.5216532349586487
PaySim (comparison),QDFL,0,0.07435645163059235
PaySim (comparison),QDFL,1,0.35699182748794556
PaySim (comparison),QDFL,0,0.03288819640874863
PaySim (comparison),QDFL,1,0.8746979832649231
PaySim (comparison),QDFL,1,0.4508981704711914
PaySim (comparison),QDFL,1,0.8322746157646179
PaySim (comparison),QDFL,1,0.9664111137390137
PaySim (comparison),QDFL,0,0.02118397131562233
PaySim (comparison),QDFL,0,0.4988458752632141
PaySim (comparison),QDFL,0,0.03813384100794792
PaySim (comparison),QDFL,0,0.02027197554707527
PaySim (comparison),QDFL,0,0.02489827759563923
PaySim (comparison),QDFL,1,0.8378751277923584
PaySim (comparison),QDFL,1,0.8365883827209473
PaySim (comparison),QDFL,0,0.021634511649608612
PaySim (comparison),QDFL,1,0.9388681054115295
PaySim (comparison),QDFL,1,0.45444461703300476
PaySim (comparison),QDFL,0,0.6840564608573914
PaySim (comparison),QDFL,1,0.8505969047546387
PaySim (comparison),QDFL,0,0.014384046196937561
PaySim (comparison),QDFL,0,0.015819905325770378
PaySim (comparison),QDFL,1,0.6675330400466919
PaySim (comparison),QDFL,1,0.946750283241272
PaySim (comparison),QDFL,0,0.07928222417831421
PaySim (comparison),QDFL,0,0.015997523441910744
PaySim (comparison),QDFL,1,0.7861833572387695
PaySim (comparison),QDFL,1,0.8747161030769348
PaySim (comparison),QDFL,1,0.9272896647453308
PaySim (comparison),QDFL,0,0.006586083211004734
PaySim (comparison),QDFL,0,0.04401803016662598
PaySim (comparison),QDFL,1,0.2804946005344391
PaySim (comparison),QDFL,0,0.018690209835767746
PaySim (comparison),QDFL,1,0.9679002165794373
PaySim (comparison),QDFL,0,0.12097162753343582
PaySim (comparison),QDFL,0,0.019760385155677795
PaySim (comparison),QDFL,1,0.8999388217926025
PaySim (comparison),QDFL,0,0.3057829439640045
PaySim (comparison),QDFL,0,0.06826824694871902
PaySim (comparison),QDFL,1,0.5236818194389343
PaySim (comparison),QDFL,0,0.0889645516872406
PaySim (comparison),QDFL,1,0.921628475189209
PaySim (comparison),QDFL,1,0.9769310355186462
PaySim (comparison),QDFL,0,0.008557092398405075
PaySim (comparison),QDFL,1,0.5395631790161133
PaySim (comparison),QDFL,0,0.05512580648064613
PaySim (comparison),QDFL,0,0.013144062831997871
PaySim (comparison),QDFL,0,0.1128002256155014
PaySim (comparison),QDFL,1,0.8240928649902344
PaySim (comparison),QDFL,0,0.7330780029296875
PaySim (comparison),QDFL,1,0.9662047624588013
PaySim (comparison),QDFL,0,0.02428361028432846
PaySim (comparison),QDFL,0,0.006567869335412979
PaySim (comparison),QDFL,1,0.6193739175796509
PaySim (comparison),QDFL,1,0.9733024835586548
PaySim (comparison),QDFL,1,0.9497101306915283
PaySim (comparison),QDFL,1,0.14953956007957458
PaySim (comparison),QDFL,0,0.569110095500946
PaySim (comparison),QDFL,0,0.7294927835464478
PaySim (comparison),QDFL,1,0.15222987532615662
PaySim (comparison),QDFL,0,0.08658001571893692
PaySim (comparison),QDFL,1,0.7690950632095337
PaySim (comparison),QDFL,1,0.9332255721092224
PaySim (comparison),QDFL,1,0.9549726843833923
PaySim (comparison),QDFL,1,0.7038273215293884
PaySim (comparison),QDFL,0,0.0035572503693401814
PaySim (comparison),QDFL,1,0.9290541410446167
PaySim (comparison),QDFL,1,0.9612399339675903
PaySim (comparison),QDFL,1,0.9479537606239319
PaySim (comparison),QDFL,0,0.0153442258015275
PaySim (comparison),QDFL,1,0.7972087264060974
PaySim (comparison),QDFL,0,0.029833165928721428
PaySim (comparison),QDFL,0,0.02710121124982834
PaySim (comparison),QDFL,0,0.019176330417394638
PaySim (comparison),QDFL,0,0.015911050140857697
PaySim (comparison),QDFL,0,0.6917768120765686
PaySim (comparison),QDFL,1,0.2554071545600891
PaySim (comparison),QDFL,1,0.948662519454956
PaySim (comparison),QDFL,0,0.9326909184455872
PaySim (comparison),QDFL,1,0.8469315767288208
PaySim (comparison),QDFL,0,0.0188838429749012
PaySim (comparison),QDFL,1,0.9562817811965942
PaySim (comparison),QDFL,1,0.9188320636749268
PaySim (comparison),QDFL,0,0.03980852663516998
PaySim (comparison),QDFL,1,0.8544999361038208
PaySim (comparison),QDFL,1,0.8599250316619873
PaySim (comparison),QDFL,1,0.8216726183891296
PaySim (comparison),QDFL,1,0.5754229426383972
PaySim (comparison),QDFL,0,0.17835633456707
PaySim (comparison),QDFL,0,0.021353771910071373
PaySim (comparison),QDFL,0,0.5283499360084534
PaySim (comparison),QDFL,1,0.9063432216644287
PaySim (comparison),QDFL,0,0.006766286212950945
PaySim (comparison),QDFL,1,0.8194084763526917
PaySim (comparison),QDFL,1,0.5287811756134033
PaySim (comparison),QDFL,1,0.6814606785774231
PaySim (comparison),QDFL,0,0.5150303840637207
PaySim (comparison),QDFL,0,0.04069996252655983
PaySim (comparison),QDFL,1,0.8573084473609924
PaySim (comparison),QDFL,1,0.6595069169998169
PaySim (comparison),QDFL,0,0.08340627700090408
PaySim (comparison),QDFL,0,0.005445389077067375
PaySim (comparison),QDFL,0,0.35839682817459106
PaySim (comparison),QDFL,0,0.02123885042965412
PaySim (comparison),QDFL,1,0.8501589298248291
PaySim (comparison),QDFL,1,0.9445727467536926
PaySim (comparison),QDFL,1,0.49660953879356384
PaySim (comparison),QDFL,1,0.756605327129364
PaySim (comparison),QDFL,0,0.9221506714820862
PaySim (comparison),QDFL,1,0.9590946435928345
PaySim (comparison),QDFL,1,0.9446777701377869
PaySim (comparison),QDFL,1,0.9674516916275024
PaySim (comparison),QDFL,0,0.5476402640342712
PaySim (comparison),QDFL,0,0.0665770098567009
PaySim (comparison),QDFL,1,0.9164029955863953
PaySim (comparison),QDFL,1,0.9369615912437439
PaySim (comparison),QDFL,0,0.7633727788925171
PaySim (comparison),QDFL,0,0.6549647450447083
PaySim (comparison),QDFL,0,0.023129837587475777
PaySim (comparison),QDFL,1,0.872637927532196
PaySim (comparison),QDFL,1,0.8120557069778442
PaySim (comparison),QDFL,1,0.48722752928733826
PaySim (comparison),QDFL,1,0.01726239174604416
PaySim (comparison),QDFL,0,0.02392258308827877
PaySim (comparison),QDFL,1,0.5813701152801514
PaySim (comparison),QDFL,0,0.05010906979441643
PaySim (comparison),QDFL,1,0.8648102879524231
PaySim (comparison),QDFL,1,0.9358505606651306
PaySim (comparison),QDFL,0,0.7051477432250977
PaySim (comparison),QDFL,0,0.06322601437568665
PaySim (comparison),QDFL,0,0.0273972749710083
PaySim (comparison),QDFL,1,0.7097092866897583
PaySim (comparison),QDFL,0,0.026017628610134125
PaySim (comparison),QDFL,1,0.7598748207092285
PaySim (comparison),QDFL,1,0.7577769756317139
PaySim (comparison),QDFL,1,0.9118664860725403
PaySim (comparison),QDFL,1,0.8089638352394104
PaySim (comparison),QDFL,1,0.8793718814849854
PaySim (comparison),QDFL,1,0.7548491954803467
PaySim (comparison),QDFL,1,0.5723119974136353
PaySim (comparison),QDFL,0,0.8702407479286194
PaySim (comparison),QDFL,1,0.8744274377822876
PaySim (comparison),QDFL,1,0.9242144823074341
PaySim (comparison),QDFL,1,0.4725555181503296
PaySim (comparison),QDFL,0,0.6459239721298218
PaySim (comparison),QDFL,1,0.8955386281013489
PaySim (comparison),QDFL,1,0.9436487555503845
PaySim (comparison),QDFL,0,0.023908518254756927
PaySim (comparison),QDFL,0,0.05633539333939552
PaySim (comparison),QDFL,0,0.08947445452213287
PaySim (comparison),QDFL,1,0.39043763279914856
PaySim (comparison),QDFL,0,0.04274170100688934
PaySim (comparison),QDFL,1,0.696050763130188
PaySim (comparison),QDFL,0,0.020413007587194443
PaySim (comparison),QDFL,0,0.028214771300554276
PaySim (comparison),QDFL,0,0.017451567575335503
PaySim (comparison),QDFL,0,0.03812327980995178
PaySim (comparison),QDFL,0,0.0041725183837115765
PaySim (comparison),QDFL,1,0.8903579711914062
PaySim (comparison),QDFL,1,0.9648433923721313
PaySim (comparison),QDFL,0,0.013597062788903713
PaySim (comparison),QDFL,0,0.09640638530254364
PaySim (comparison),QDFL,0,0.028233680874109268
PaySim (comparison),QDFL,0,0.0282394178211689
PaySim (comparison),QDFL,1,0.8353068232536316
PaySim (comparison),QDFL,1,0.8025285601615906
PaySim (comparison),QDFL,0,0.2525867223739624
PaySim (comparison),QDFL,0,0.06960384547710419
PaySim (comparison),QDFL,0,0.1250510960817337
PaySim (comparison),QDFL,0,0.030607011169195175
PaySim (comparison),QDFL,0,0.19270186126232147
PaySim (comparison),QDFL,0,0.023985175415873528
PaySim (comparison),QDFL,0,0.02193894051015377
PaySim (comparison),QDFL,1,0.0022948102559894323
PaySim (comparison),QDFL,0,0.49533119797706604
PaySim (comparison),QDFL,0,0.8723673224449158
PaySim (comparison),QDFL,1,0.9515628814697266
PaySim (comparison),QDFL,0,0.7251320481300354
PaySim (comparison),QDFL,0,0.08744381368160248
PaySim (comparison),QDFL,0,0.005099537782371044
PaySim (comparison),QDFL,1,0.30219534039497375
PaySim (comparison),QDFL,0,0.48197323083877563
PaySim (comparison),QDFL,1,0.8847193717956543
PaySim (comparison),QDFL,1,0.8664173483848572
PaySim (comparison),QDFL,0,0.01788102462887764
PaySim (comparison),QDFL,1,0.8736856579780579
PaySim (comparison),QDFL,0,0.02115686796605587
PaySim (comparison),QDFL,0,0.7166827321052551
PaySim (comparison),QDFL,0,0.03826213628053665
PaySim (comparison),QDFL,1,0.08288117498159409
PaySim (comparison),QDFL,1,0.8480029702186584
PaySim (comparison),QDFL,0,0.02301212027668953
PaySim (comparison),QDFL,0,0.023006917908787727
PaySim (comparison),QDFL,1,0.9405876994132996
PaySim (comparison),QDFL,0,0.01864527352154255
PaySim (comparison),QDFL,1,0.7456232905387878
PaySim (comparison),QDFL,0,0.01969786547124386
PaySim (comparison),QDFL,1,0.8763523697853088
PaySim (comparison),QDFL,1,0.9038780927658081
PaySim (comparison),QDFL,1,0.6498615741729736
PaySim (comparison),QDFL,1,0.8112296462059021
PaySim (comparison),QDFL,0,0.010739002376794815
PaySim (comparison),QDFL,0,0.7930917143821716
PaySim (comparison),QDFL,0,0.03330303356051445
PaySim (comparison),QDFL,1,0.8640366792678833
PaySim (comparison),QDFL,0,0.5106604099273682
PaySim (comparison),QDFL,0,0.08960961550474167
PaySim (comparison),QDFL,0,0.7646307945251465
PaySim (comparison),QDFL,0,0.03377332165837288
PaySim (comparison),QDFL,1,0.9477136731147766
PaySim (comparison),QDFL,1,0.4273267686367035
PaySim (comparison),QDFL,0,0.014940858818590641
PaySim (comparison),QDFL,1,0.9076782464981079
PaySim (comparison),QDFL,1,0.841238796710968
PaySim (comparison),QDFL,1,0.9496046304702759
PaySim (comparison),QDFL,1,0.8848286867141724
PaySim (comparison),QDFL,0,0.05899657681584358
PaySim (comparison),QDFL,0,0.02951095439493656
PaySim (comparison),QDFL,1,0.9655458331108093
PaySim (comparison),QDFL,0,0.012497859075665474
PaySim (comparison),QDFL,1,0.9177526831626892
PaySim (comparison),QDFL,1,0.93165123462677
PaySim (comparison),QDFL,1,0.9840775728225708
PaySim (comparison),QDFL,1,0.6873089075088501
PaySim (comparison),QDFL,1,0.6978668570518494
PaySim (comparison),QDFL,0,0.4757877290248871
PaySim (comparison),QDFL,1,0.32298219203948975
PaySim (comparison),QDFL,1,0.6358846426010132
PaySim (comparison),QDFL,1,0.7918037176132202
PaySim (comparison),QDFL,1,0.9095840454101562
PaySim (comparison),QDFL,0,0.014681840315461159
PaySim (comparison),QDFL,0,0.8677582144737244
PaySim (comparison),QDFL,0,0.027607092633843422
PaySim (comparison),QDFL,0,0.015887660905718803
PaySim (comparison),QDFL,0,0.464267760515213
PaySim (comparison),QDFL,1,0.8970285058021545
PaySim (comparison),QDFL,0,0.0029666810296475887
PaySim (comparison),QDFL,0,0.011244104243814945
PaySim (comparison),QDFL,1,0.9489660859107971
PaySim (comparison),QDFL,1,0.8917298316955566
PaySim (comparison),QDFL,0,0.030782029032707214
PaySim (comparison),QDFL,0,0.030874505639076233
PaySim (comparison),QDFL,0,0.01616889238357544
PaySim (comparison),QDFL,0,0.7120673656463623
PaySim (comparison),QDFL,0,0.022479476407170296
PaySim (comparison),QDFL,0,0.039720065891742706
PaySim (comparison),QDFL,1,0.8503403663635254
PaySim (comparison),QDFL,1,0.8205060958862305
PaySim (comparison),QDFL,1,0.9303330779075623
PaySim (comparison),QDFL,0,0.21944400668144226
PaySim (comparison),QDFL,0,0.685778021812439
PaySim (comparison),QDFL,0,0.03228157013654709
PaySim (comparison),QDFL,0,0.05275646969676018
PaySim (comparison),QDFL,0,0.7362486124038696
PaySim (comparison),QDFL,0,0.019472096115350723
PaySim (comparison),QDFL,1,0.8618384599685669
PaySim (comparison),QDFL,0,0.013721977360546589
PaySim (comparison),QDFL,1,0.2521341145038605
PaySim (comparison),QDFL,0,0.0040896679274737835
PaySim (comparison),QDFL,1,0.7591370344161987
PaySim (comparison),QDFL,0,0.7045194506645203
PaySim (comparison),QDFL,0,0.021948019042611122
PaySim (comparison),QDFL,1,0.5831066370010376
PaySim (comparison),QDFL,0,0.9314881563186646
PaySim (comparison),QDFL,0,0.029843155294656754
PaySim (comparison),QDFL,1,0.5657288432121277
PaySim (comparison),QDFL,1,0.9145144820213318
PaySim (comparison),QDFL,0,0.6509363651275635
PaySim (comparison),QDFL,1,0.5267364978790283
PaySim (comparison),QDFL,1,0.28421342372894287
PaySim (comparison),QDFL,0,0.0232002642005682
PaySim (comparison),QDFL,1,0.7300788760185242
PaySim (comparison),QDFL,1,0.93068528175354
PaySim (comparison),QDFL,0,0.06097036972641945
PaySim (comparison),QDFL,0,0.820184051990509
PaySim (comparison),QDFL,1,0.9667490124702454
PaySim (comparison),QDFL,0,0.2668914198875427
PaySim (comparison),QDFL,1,0.9497695565223694
PaySim (comparison),QDFL,0,0.031199410557746887
PaySim (comparison),QDFL,0,0.009574399329721928
PaySim (comparison),QDFL,0,0.8097991943359375
PaySim (comparison),QDFL,1,0.9206200838088989
PaySim (comparison),QDFL,0,0.034195512533187866
PaySim (comparison),QDFL,0,0.12599489092826843
PaySim (comparison),QDFL,1,0.9601230025291443
PaySim (comparison),QDFL,1,0.9308245182037354
PaySim (comparison),QDFL,1,0.9246906638145447
PaySim (comparison),QDFL,0,0.018244195729494095
PaySim (comparison),QDFL,0,0.02108931913971901
PaySim (comparison),QDFL,1,0.8654477000236511
PaySim (comparison),QDFL,0,0.8999394178390503
PaySim (comparison),QDFL,1,0.7606521844863892
PaySim (comparison),QDFL,0,0.0691516250371933
PaySim (comparison),QDFL,1,0.9450573921203613
PaySim (comparison),QDFL,0,0.013579173013567924
PaySim (comparison),QDFL,1,0.7667381763458252
PaySim (comparison),QDFL,1,0.6506418585777283
PaySim (comparison),QDFL,0,0.6081286668777466
PaySim (comparison),QDFL,0,0.021265799179673195
PaySim (comparison),QDFL,0,0.005921675357967615
PaySim (comparison),QDFL,1,0.9456778764724731
PaySim (comparison),QDFL,1,0.8231297135353088
PaySim (comparison),QDFL,1,0.9668444395065308
PaySim (comparison),QDFL,0,0.029276106506586075
PaySim (comparison),QDFL,0,0.00376669829711318
PaySim (comparison),QDFL,1,0.5422607064247131
PaySim (comparison),QDFL,0,0.03823809698224068
PaySim (comparison),QDFL,0,0.047123558819293976
PaySim (comparison),QDFL,0,0.02574448101222515
PaySim (comparison),QDFL,0,0.07468952983617783
PaySim (comparison),QDFL,1,0.8931102752685547
PaySim (comparison),QDFL,0,0.004216669127345085
PaySim (comparison),QDFL,1,0.8984670639038086
PaySim (comparison),QDFL,1,0.6498735547065735
PaySim (comparison),QDFL,0,0.9100745916366577
PaySim (comparison),QDFL,1,0.03764726221561432
PaySim (comparison),QDFL,1,0.7958479523658752
PaySim (comparison),QDFL,0,0.020567355677485466
PaySim (comparison),QDFL,0,0.023517418652772903
PaySim (comparison),QDFL,1,0.9578033089637756
PaySim (comparison),QDFL,1,0.6413272619247437
PaySim (comparison),QDFL,1,0.9188384413719177
PaySim (comparison),QDFL,1,0.6952023506164551
PaySim (comparison),QDFL,1,0.4541238248348236
PaySim (comparison),QDFL,1,0.8585459589958191
PaySim (comparison),QDFL,1,0.9486761093139648
PaySim (comparison),QDFL,0,0.05342129245400429
PaySim (comparison),QDFL,1,0.8268111944198608
PaySim (comparison),QDFL,1,0.5437979698181152
PaySim (comparison),QDFL,0,0.0333983451128006
PaySim (comparison),QDFL,0,0.01567845419049263
PaySim (comparison),QDFL,0,0.5436084270477295
PaySim (comparison),QDFL,1,0.7574657797813416
PaySim (comparison),QDFL,1,0.8977872729301453
PaySim (comparison),QDFL,0,0.026973046362400055
PaySim (comparison),QDFL,0,0.01816043071448803
PaySim (comparison),QDFL,0,0.12165029346942902
PaySim (comparison),QDFL,1,0.9519443511962891
PaySim (comparison),QDFL,1,0.9458045363426208
PaySim (comparison),QDFL,1,0.9619470238685608
PaySim (comparison),QDFL,0,0.00982723943889141
PaySim (comparison),QDFL,0,0.018008917570114136
PaySim (comparison),QDFL,0,0.029895825311541557
PaySim (comparison),QDFL,0,0.006157708819955587
PaySim (comparison),QDFL,0,0.019258465617895126
PaySim (comparison),QDFL,1,0.6741928458213806
PaySim (comparison),QDFL,1,0.47474998235702515
PaySim (comparison),QDFL,0,0.005538953468203545
PaySim (comparison),QDFL,0,0.9130609631538391
PaySim (comparison),QDFL,1,0.710573136806488
PaySim (comparison),QDFL,1,0.8821009397506714
PaySim (comparison),QDFL,0,0.042007818818092346
PaySim (comparison),QDFL,0,0.40075597167015076
PaySim (comparison),QDFL,0,0.6265215277671814
PaySim (comparison),QDFL,1,0.845696747303009
PaySim (comparison),QDFL,1,0.8021206259727478
PaySim (comparison),QDFL,0,0.7018023133277893
PaySim (comparison),QDFL,0,0.9091521501541138
PaySim (comparison),QDFL,1,0.8796122670173645
PaySim (comparison),QDFL,0,0.018239827826619148
PaySim (comparison),QDFL,1,0.8608227968215942
PaySim (comparison),QDFL,1,0.9589128494262695
PaySim (comparison),QDFL,0,0.027319476008415222
PaySim (comparison),QDFL,0,0.4474772810935974
PaySim (comparison),QDFL,0,0.6278164982795715
PaySim (comparison),QDFL,0,0.027040494605898857
PaySim (comparison),QDFL,1,0.828593373298645
PaySim (comparison),QDFL,0,0.0012709257425740361
PaySim (comparison),QDFL,0,0.5984998941421509
PaySim (comparison),QDFL,1,0.8262325525283813
PaySim (comparison),QDFL,1,0.7587835788726807
PaySim (comparison),QDFL,1,0.9347284436225891
PaySim (comparison),QDFL,1,0.8616175055503845
PaySim (comparison),QDFL,0,0.018037408590316772
PaySim (comparison),QDFL,1,0.828278124332428
PaySim (comparison),QDFL,1,0.7763843536376953
PaySim (comparison),QDFL,1,0.7983256578445435
PaySim (comparison),QDFL,0,0.031274132430553436
PaySim (comparison),QDFL,1,0.9395272731781006
PaySim (comparison),QDFL,1,0.8564079403877258
PaySim (comparison),QDFL,1,0.7867034077644348
PaySim (comparison),QDFL,0,0.02321665547788143
PaySim (comparison),QDFL,0,0.015196781605482101
PaySim (comparison),QDFL,0,0.06996048241853714
PaySim (comparison),QDFL,1,0.673378586769104
PaySim (comparison),QDFL,0,0.019103605300188065
PaySim (comparison),QDFL,0,0.014615134336054325
PaySim (comparison),QDFL,1,0.8440325856208801
PaySim (comparison),QDFL,0,0.025179602205753326
PaySim (comparison),QDFL,0,0.05864890292286873
PaySim (comparison),QDFL,1,0.2443523406982422
PaySim (comparison),QDFL,0,0.851701021194458
PaySim (comparison),QDFL,0,0.021311119198799133
PaySim (comparison),QDFL,1,0.9402675032615662
PaySim (comparison),QDFL,0,0.07397352904081345
PaySim (comparison),QDFL,1,0.9495627284049988
PaySim (comparison),QDFL,0,0.07045552879571915
PaySim (comparison),QDFL,0,0.03087916411459446
PaySim (comparison),QDFL,0,0.048411138355731964
PaySim (comparison),QDFL,1,0.8853563666343689
PaySim (comparison),QDFL,1,0.9411540031433105
PaySim (comparison),QDFL,0,0.009894806891679764
PaySim (comparison),QDFL,1,0.8862295150756836
PaySim (comparison),QDFL,0,0.010655540972948074
PaySim (comparison),QDFL,1,0.32670968770980835
PaySim (comparison),QDFL,0,0.020478613674640656
PaySim (comparison),QDFL,1,0.7461570501327515
PaySim (comparison),QDFL,0,0.3543579578399658
PaySim (comparison),QDFL,0,0.10900450497865677
PaySim (comparison),QDFL,1,0.8139389753341675
PaySim (comparison),QDFL,0,0.015864653512835503
PaySim (comparison),QDFL,1,0.8959438800811768
PaySim (comparison),QDFL,1,0.7583956122398376
PaySim (comparison),QDFL,1,0.7149768471717834
PaySim (comparison),QDFL,1,0.9059182405471802
PaySim (comparison),QDFL,1,0.9126263856887817
PaySim (comparison),QDFL,0,0.6716090440750122
PaySim (comparison),QDFL,1,0.6214130520820618
PaySim (comparison),QDFL,1,0.9306492209434509
PaySim (comparison),QDFL,1,0.9038536548614502
PaySim (comparison),QDFL,0,0.9452167749404907
PaySim (comparison),QDFL,0,0.05404190719127655
PaySim (comparison),QDFL,1,0.7576295137405396
PaySim (comparison),QDFL,0,0.4911896288394928
PaySim (comparison),QDFL,0,0.07560356706380844
PaySim (comparison),QDFL,0,0.027728401124477386
PaySim (comparison),QDFL,0,0.6345525979995728
PaySim (comparison),QDFL,0,0.025112075731158257
PaySim (comparison),QDFL,0,0.7063373923301697
PaySim (comparison),QDFL,1,0.044083088636398315
PaySim (comparison),QDFL,1,0.9043500423431396
PaySim (comparison),QDFL,1,0.7127510905265808
PaySim (comparison),QDFL,1,0.8830562829971313
PaySim (comparison),QDFL,0,0.16985103487968445
PaySim (comparison),QDFL,0,0.01241711713373661
PaySim (comparison),QDFL,0,0.03071020171046257
PaySim (comparison),QDFL,1,0.9447344541549683
PaySim (comparison),QDFL,0,0.8728301525115967
PaySim (comparison),QDFL,1,0.830721914768219
PaySim (comparison),QDFL,1,0.7884230017662048
PaySim (comparison),QDFL,1,0.8051045536994934
PaySim (comparison),QDFL,1,0.9637038111686707
PaySim (comparison),QDFL,1,0.8835920095443726
PaySim (comparison),QDFL,1,0.97148197889328
PaySim (comparison),QDFL,1,0.6407408118247986
PaySim (comparison),QDFL,0,0.15810883045196533
PaySim (comparison),QDFL,1,0.8775288462638855
PaySim (comparison),QDFL,1,0.9247030019760132
PaySim (comparison),QDFL,1,0.8237533569335938
PaySim (comparison),QDFL,0,0.031126929447054863
PaySim (comparison),QDFL,0,0.019715966656804085
PaySim (comparison),QDFL,0,0.03100067563354969
PaySim (comparison),QDFL,1,0.8648780584335327
PaySim (comparison),QDFL,0,0.6035545468330383
PaySim (comparison),QDFL,0,0.9174429774284363
PaySim (comparison),QDFL,0,0.04152530059218407
PaySim (comparison),QDFL,1,0.7193392515182495
PaySim (comparison),QDFL,1,0.9278969764709473
PaySim (comparison),QDFL,1,0.8126876950263977
PaySim (comparison),QDFL,1,0.8314715027809143
PaySim (comparison),QDFL,0,0.7716764211654663
PaySim (comparison),QDFL,1,0.9131435751914978
PaySim (comparison),QDFL,1,0.8050920963287354
PaySim (comparison),QDFL,0,0.9386767745018005
PaySim (comparison),QDFL,0,0.047077275812625885
PaySim (comparison),QDFL,0,0.08368075639009476
PaySim (comparison),QDFL,0,0.017389526590704918
PaySim (comparison),QDFL,1,0.8328109979629517
PaySim (comparison),QDFL,0,0.56815105676651
PaySim (comparison),QDFL,0,0.8461500406265259
PaySim (comparison),QDFL,1,0.5940505266189575
PaySim (comparison),QDFL,1,0.7622396945953369
PaySim (comparison),QDFL,1,0.9543911814689636
PaySim (comparison),QDFL,0,0.04485959932208061
PaySim (comparison),QDFL,0,0.011888643726706505
PaySim (comparison),QDFL,1,0.7976298928260803
PaySim (comparison),QDFL,1,0.9605860710144043
PaySim (comparison),QDFL,1,0.6793805360794067
PaySim (comparison),QDFL,1,0.8498591780662537
PaySim (comparison),QDFL,0,0.007419820409268141
PaySim (comparison),QDFL,0,0.02067726105451584
PaySim (comparison),QDFL,1,0.9401081204414368
PaySim (comparison),QDFL,0,0.5941254496574402
PaySim (comparison),QDFL,1,0.9006190299987793
PaySim (comparison),QDFL,1,0.8732472062110901
PaySim (comparison),QDFL,0,0.09525568783283234
PaySim (comparison),QDFL,1,0.9502208828926086
PaySim (comparison),QDFL,0,0.9412209391593933
PaySim (comparison),QDFL,0,0.04393542930483818
PaySim (comparison),QDFL,1,0.7165032625198364
PaySim (comparison),QDFL,0,0.01258859969675541
PaySim (comparison),QDFL,0,0.04715026170015335
PaySim (comparison),QDFL,0,0.015930235385894775
PaySim (comparison),QDFL,1,0.9722225069999695
PaySim (comparison),QDFL,0,0.7295738458633423
PaySim (comparison),QDFL,0,0.005953150801360607
PaySim (comparison),QDFL,0,0.4414754807949066
PaySim (comparison),QDFL,1,0.7526910305023193
PaySim (comparison),QDFL,0,0.8043314814567566
PaySim (comparison),QDFL,1,0.8900898098945618
PaySim (comparison),QDFL,0,0.012296234257519245
PaySim (comparison),QDFL,0,0.03722530975937843
PaySim (comparison),QDFL,0,0.052986618131399155
PaySim (comparison),QDFL,1,0.8189586400985718
PaySim (comparison),QDFL,0,0.5979092121124268
PaySim (comparison),QDFL,1,0.9394237399101257
PaySim (comparison),QDFL,1,0.9004917144775391
PaySim (comparison),QDFL,1,0.8652398586273193
PaySim (comparison),QDFL,0,0.7693288326263428
PaySim (comparison),QDFL,0,0.02422637678682804
PaySim (comparison),QDFL,0,0.018330104649066925
PaySim (comparison),QDFL,1,0.9312061667442322
PaySim (comparison),QDFL,1,0.967201828956604
PaySim (comparison),QDFL,0,0.022025680169463158
PaySim (comparison),QDFL,1,0.9848722219467163
PaySim (comparison),QDFL,0,0.009759638458490372
PaySim (comparison),QDFL,1,0.9586614370346069
PaySim (comparison),QDFL,1,0.7770766615867615
PaySim (comparison),QDFL,0,0.015179029665887356
PaySim (comparison),QDFL,0,0.3703458607196808
PaySim (comparison),QDFL,0,0.05608997121453285
PaySim (comparison),QDFL,1,0.5732215642929077
PaySim (comparison),QDFL,1,0.9500142931938171
PaySim (comparison),QDFL,0,0.03887542709708214
PaySim (comparison),QDFL,1,0.9610302448272705
PaySim (comparison),QDFL,0,0.03142969310283661
PaySim (comparison),QDFL,1,0.7318240404129028
PaySim (comparison),QDFL,0,0.6890607476234436
PaySim (comparison),QDFL,1,0.8581876754760742
PaySim (comparison),QDFL,1,0.9441357851028442
PaySim (comparison),QDFL,1,0.7657065987586975
PaySim (comparison),QDFL,0,0.592498242855072
PaySim (comparison),QDFL,0,0.801170825958252
PaySim (comparison),QDFL,0,0.017930498346686363
PaySim (comparison),QDFL,1,0.9667388796806335
PaySim (comparison),QDFL,1,0.9689043164253235
PaySim (comparison),QDFL,0,0.02378648892045021
PaySim (comparison),QDFL,0,0.017638646066188812
PaySim (comparison),QDFL,1,0.9199696183204651
PaySim (comparison),QDFL,0,0.002466198056936264
PaySim (comparison),QDFL,1,0.8365375399589539
PaySim (comparison),QDFL,1,0.9038423895835876
PaySim (comparison),QDFL,0,0.7980286478996277
PaySim (comparison),QDFL,1,0.9587739109992981
PaySim (comparison),QDFL,1,0.7902382612228394
PaySim (comparison),QDFL,1,0.9521364569664001
PaySim (comparison),QDFL,0,0.27796077728271484
PaySim (comparison),QDFL,0,0.3988114595413208
PaySim (comparison),QDFL,0,0.07329501211643219
PaySim (comparison),QDFL,0,0.0021811965852975845
PaySim (comparison),QDFL,0,0.4778655171394348
PaySim (comparison),QDFL,0,0.5850516557693481
PaySim (comparison),QDFL,1,0.6000175476074219
PaySim (comparison),QDFL,1,0.7658987045288086
PaySim (comparison),QDFL,1,0.47401362657546997
PaySim (comparison),QDFL,0,0.024772366508841515
PaySim (comparison),QDFL,0,0.0883856937289238
PaySim (comparison),QDFL,1,0.9505442380905151
PaySim (comparison),QDFL,1,0.9383895993232727
PaySim (comparison),QDFL,0,0.0054075769148766994
PaySim (comparison),QDFL,0,0.13215284049510956
PaySim (comparison),QDFL,0,0.745918869972229
PaySim (comparison),QDFL,1,0.8510437607765198
PaySim (comparison),QDFL,0,0.6694508790969849
PaySim (comparison),QDFL,0,0.033566173166036606
PaySim (comparison),QDFL,1,0.8792126178741455
PaySim (comparison),QDFL,0,0.02172057330608368
PaySim (comparison),QDFL,1,0.8417987823486328
PaySim (comparison),QDFL,0,0.021081814542412758
PaySim (comparison),QDFL,0,0.027149401605129242
PaySim (comparison),QDFL,1,0.9147207736968994
PaySim (comparison),QDFL,1,0.9479572176933289
PaySim (comparison),QDFL,0,0.039221808314323425
PaySim (comparison),QDFL,1,0.873011589050293
PaySim (comparison),QDFL,0,0.8640013337135315
PaySim (comparison),QDFL,1,0.9045343399047852
PaySim (comparison),QDFL,0,0.07004483044147491
PaySim (comparison),QDFL,0,0.06587371230125427
PaySim (comparison),QDFL,0,0.032056793570518494
PaySim (comparison),QDFL,1,0.9185721278190613
PaySim (comparison),QDFL,0,0.012729848735034466
PaySim (comparison),QDFL,0,0.02952788956463337
PaySim (comparison),QDFL,0,0.6496495604515076
PaySim (comparison),QDFL,0,0.012333555147051811
PaySim (comparison),QDFL,1,0.9613884091377258
PaySim (comparison),QDFL,1,0.5386200547218323
PaySim (comparison),QDFL,0,0.07301309704780579
PaySim (comparison),QDFL,0,0.09890185296535492
PaySim (comparison),QDFL,0,0.019196026027202606
PaySim (comparison),QDFL,1,0.9068092107772827
PaySim (comparison),QDFL,1,0.7951395511627197
PaySim (comparison),QDFL,1,0.16203191876411438
PaySim (comparison),QDFL,1,0.9070417881011963
PaySim (comparison),QDFL,0,0.029519667848944664
PaySim (comparison),QDFL,1,0.9398404359817505
PaySim (comparison),QDFL,0,0.6522284150123596
PaySim (comparison),QDFL,1,0.7094318866729736
PaySim (comparison),QDFL,0,0.011185633018612862
PaySim (comparison),QDFL,0,0.039173804223537445
PaySim (comparison),QDFL,1,0.9195981025695801
PaySim (comparison),QDFL,1,0.8730825781822205
PaySim (comparison),QDFL,0,0.01631731167435646
PaySim (comparison),QDFL,1,0.5795733332633972
PaySim (comparison),QDFL,0,0.7472808957099915
PaySim (comparison),QDFL,1,0.7848780155181885
PaySim (comparison),QDFL,0,0.048529427498579025
PaySim (comparison),QDFL,0,0.5270783305168152
PaySim (comparison),QDFL,1,0.7225372195243835
PaySim (comparison),QDFL,1,0.827865481376648
PaySim (comparison),QDFL,1,0.5239198803901672
PaySim (comparison),QDFL,1,0.6913686394691467
PaySim (comparison),QDFL,0,0.019220834597945213
PaySim (comparison),QDFL,1,0.43431296944618225
PaySim (comparison),QDFL,1,0.8152442574501038
PaySim (comparison),QDFL,1,0.9437668919563293
PaySim (comparison),QDFL,1,0.5942914485931396
PaySim (comparison),QDFL,1,0.8167859315872192
PaySim (comparison),QDFL,1,0.7044883966445923
PaySim (comparison),QDFL,1,0.9876139163970947
PaySim (comparison),QDFL,0,0.014094021171331406
PaySim (comparison),QDFL,0,0.602387011051178
PaySim (comparison),QDFL,0,0.6582238674163818
PaySim (comparison),QDFL,0,0.03546648845076561
PaySim (comparison),QDFL,1,0.9185855984687805
PaySim (comparison),QDFL,0,0.02522328309714794
PaySim (comparison),QDFL,0,0.1947154551744461
PaySim (comparison),QDFL,0,0.026204444468021393
PaySim (comparison),QDFL,0,0.02354840561747551
PaySim (comparison),QDFL,1,0.8904359340667725
PaySim (comparison),QDFL,1,0.9430572986602783
PaySim (comparison),QDFL,0,0.04215109720826149
PaySim (comparison),QDFL,1,0.8677710890769958
PaySim (comparison),QDFL,0,0.5497319102287292
PaySim (comparison),QDFL,1,0.895025908946991
PaySim (comparison),QDFL,0,0.016202285885810852
PaySim (comparison),QDFL,1,0.954010546207428
PaySim (comparison),QDFL,1,0.8916031122207642
PaySim (comparison),QDFL,1,0.9509918689727783
PaySim (comparison),QDFL,1,0.6728483438491821
PaySim (comparison),QDFL,1,0.8061341047286987
PaySim (comparison),QDFL,0,0.01949179358780384
PaySim (comparison),QDFL,0,0.11845030635595322
PaySim (comparison),QDFL,1,0.7883034348487854
PaySim (comparison),QDFL,1,0.9815040826797485
PaySim (comparison),QDFL,0,0.025229403749108315
PaySim (comparison),QDFL,1,0.973249614238739
PaySim (comparison),QDFL,1,0.894416332244873
PaySim (comparison),QDFL,0,0.041412223130464554
PaySim (comparison),QDFL,1,0.9598547220230103
PaySim (comparison),QDFL,1,0.8860769867897034
PaySim (comparison),QDFL,0,0.3908390402793884
PaySim (comparison),QDFL,0,0.07442385703325272
PaySim (comparison),QDFL,1,0.7834159731864929
PaySim (comparison),QDFL,0,0.012726829387247562
PaySim (comparison),QDFL,0,0.02088971994817257
PaySim (comparison),QDFL,1,0.5993260741233826
PaySim (comparison),QDFL,0,0.4634682238101959
PaySim (comparison),QDFL,0,0.01623515412211418
PaySim (comparison),QDFL,0,0.023207424208521843
PaySim (comparison),QDFL,1,0.9487663507461548
PaySim (comparison),QDFL,1,0.8478562831878662
PaySim (comparison),QDFL,0,0.0184799712151289
PaySim (comparison),QDFL,1,0.487962931394577
PaySim (comparison),QDFL,1,0.6707119941711426
PaySim (comparison),QDFL,1,0.8108786940574646
PaySim (comparison),QDFL,0,0.9207452535629272
PaySim (comparison),QDFL,1,0.7334204316139221
PaySim (comparison),QDFL,0,0.10984044522047043
PaySim (comparison),QDFL,0,0.040445901453495026
PaySim (comparison),QDFL,1,0.9632255434989929
PaySim (comparison),QDFL,1,0.8439964056015015
PaySim (comparison),QDFL,1,0.9632532000541687
PaySim (comparison),QDFL,0,0.02893015742301941
PaySim (comparison),QDFL,1,0.9691566228866577
PaySim (comparison),QDFL,0,0.15677659213542938
PaySim (comparison),QDFL,1,0.7603390216827393
PaySim (comparison),QDFL,0,0.6443682909011841
PaySim (comparison),QDFL,1,0.934626042842865
PaySim (comparison),QDFL,0,0.030612219125032425
PaySim (comparison),QDFL,1,0.8017768859863281
PaySim (comparison),QDFL,0,0.6930698156356812
PaySim (comparison),QDFL,0,0.010143186897039413
PaySim (comparison),QDFL,0,0.026727944612503052
PaySim (comparison),QDFL,1,0.9498071074485779
PaySim (comparison),QDFL,1,0.7268560528755188
PaySim (comparison),QDFL,0,0.5688555836677551
PaySim (comparison),QDFL,1,0.7714340686798096
PaySim (comparison),QDFL,1,0.8857933282852173
PaySim (comparison),QDFL,1,0.8205353021621704
PaySim (comparison),QDFL,1,0.8935995101928711
PaySim (comparison),QDFL,1,0.9452658891677856
PaySim (comparison),QDFL,1,0.945107638835907
PaySim (comparison),QDFL,1,0.8429600596427917
PaySim (comparison),QDFL,0,0.017216069623827934
PaySim (comparison),QDFL,0,0.03659350797533989
PaySim (comparison),QDFL,1,0.9579012989997864
PaySim (comparison),QDFL,0,0.014015250839293003
PaySim (comparison),QDFL,1,0.9655212759971619
PaySim (comparison),QDFL,0,0.060905229300260544
PaySim (comparison),QDFL,0,0.02752607874572277
PaySim (comparison),QDFL,1,0.8100419640541077
PaySim (comparison),QDFL,0,0.011591924354434013
PaySim (comparison),QDFL,1,0.9384139180183411
PaySim (comparison),QDFL,1,0.7956872582435608
PaySim (comparison),QDFL,1,0.6572678685188293
PaySim (comparison),QDFL,0,0.8654235005378723
PaySim (comparison),QDFL,1,0.8349345922470093
PaySim (comparison),QDFL,1,0.5568380355834961
PaySim (comparison),QDFL,1,0.9399228096008301
PaySim (comparison),QDFL,1,0.7022536396980286
PaySim (comparison),QDFL,1,0.29015976190567017
PaySim (comparison),QDFL,0,0.0216631181538105
PaySim (comparison),QDFL,1,0.9299825429916382
PaySim (comparison),QDFL,1,0.6574194431304932
PaySim (comparison),QDFL,1,0.35368871688842773
PaySim (comparison),QDFL,1,0.9352197647094727
PaySim (comparison),QDFL,1,0.945698618888855
PaySim (comparison),QDFL,1,0.39382338523864746
PaySim (comparison),QDFL,1,0.9727491140365601
PaySim (comparison),QDFL,1,0.8765255212783813
PaySim (comparison),QDFL,1,0.8174776434898376
PaySim (comparison),QDFL,1,0.6697691679000854
PaySim (comparison),QDFL,0,0.016518939286470413
PaySim (comparison),QDFL,0,0.015403653495013714
PaySim (comparison),QDFL,0,0.712411105632782
PaySim (comparison),QDFL,0,0.03948264569044113
PaySim (comparison),QDFL,1,0.8696717023849487
PaySim (comparison),QDFL,0,0.02397683821618557
PaySim (comparison),QDFL,0,0.012384000234305859
PaySim (comparison),QDFL,0,0.009802885353565216
PaySim (comparison),QDFL,1,0.9190418720245361
PaySim (comparison),QDFL,0,0.0377938449382782
PaySim (comparison),QDFL,1,0.9456666707992554
PaySim (comparison),QDFL,1,0.9797008037567139
PaySim (comparison),QDFL,0,0.023131532594561577
PaySim (comparison),QDFL,1,0.9319417476654053
PaySim (comparison),QDFL,1,0.9636675119400024
PaySim (comparison),QDFL,1,0.5537965893745422
PaySim (comparison),QDFL,0,0.6849728226661682
PaySim (comparison),QDFL,1,0.896225094795227
PaySim (comparison),QDFL,0,0.013993555679917336
PaySim (comparison),QDFL,0,0.01942162774503231
PaySim (comparison),QDFL,0,0.03850508853793144
PaySim (comparison),QDFL,1,0.8184893131256104
PaySim (comparison),QDFL,1,0.8886131644248962
PaySim (comparison),QDFL,1,0.5996586680412292
PaySim (comparison),QDFL,1,0.8725383281707764
PaySim (comparison),QDFL,0,0.08063085377216339
PaySim (comparison),QDFL,0,0.03905729204416275
PaySim (comparison),QDFL,1,0.39346420764923096
PaySim (comparison),QDFL,1,0.6909961700439453
PaySim (comparison),QDFL,1,0.7438036203384399
PaySim (comparison),QDFL,1,0.9765706658363342
PaySim (comparison),QDFL,1,0.9482811689376831
PaySim (comparison),QDFL,1,0.4732924997806549
PaySim (comparison),QDFL,0,0.2412620484828949
PaySim (comparison),QDFL,0,0.005154162645339966
PaySim (comparison),QDFL,0,0.027996372431516647
PaySim (comparison),QDFL,1,0.9454693794250488
PaySim (comparison),QDFL,1,0.7265103459358215
PaySim (comparison),QDFL,1,0.9229286909103394
PaySim (comparison),QDFL,1,0.8157719969749451
PaySim (comparison),QDFL,0,0.015899913385510445
PaySim (comparison),QDFL,1,0.6033905148506165
PaySim (comparison),QDFL,1,0.9764294624328613
PaySim (comparison),QDFL,1,0.7569999098777771
PaySim (comparison),QDFL,1,0.6589722037315369
PaySim (comparison),QDFL,0,0.014146646484732628
PaySim (comparison),QDFL,1,0.9260551929473877
PaySim (comparison),QDFL,1,0.7323169112205505
PaySim (comparison),QDFL,1,0.9665377140045166
PaySim (comparison),QDFL,0,0.020471708849072456
PaySim (comparison),QDFL,0,0.368718683719635
PaySim (comparison),QDFL,0,0.03624465689063072
PaySim (comparison),QDFL,1,0.8884903788566589
PaySim (comparison),QDFL,1,0.7742293477058411
PaySim (comparison),QDFL,1,0.9473312497138977
PaySim (comparison),QDFL,1,0.9781867861747742
PaySim (comparison),QDFL,0,0.023787546902894974
PaySim (comparison),QDFL,1,0.8629776835441589
PaySim (comparison),QDFL,1,0.7375385761260986
PaySim (comparison),QDFL,1,0.905404806137085
PaySim (comparison),QDFL,1,0.8670392036437988
PaySim (comparison),QDFL,1,0.9455386400222778
PaySim (comparison),QDFL,0,0.005621955264359713
PaySim (comparison),QDFL,0,0.005739523563534021
PaySim (comparison),QDFL,0,0.02179894410073757
PaySim (comparison),QDFL,1,0.9600968360900879
PaySim (comparison),QDFL,1,0.8712995648384094
PaySim (comparison),QDFL,1,0.7283660769462585
PaySim (comparison),QDFL,0,0.0025646970607340336
PaySim (comparison),QDFL,0,0.06675779074430466
PaySim (comparison),QDFL,1,0.6733695864677429
PaySim (comparison),QDFL,1,0.9537410140037537
PaySim (comparison),QDFL,0,0.04046731814742088
PaySim (comparison),QDFL,0,0.6096078753471375
PaySim (comparison),QDFL,0,0.04277801513671875
PaySim (comparison),QDFL,1,0.9044471383094788
PaySim (comparison),QDFL,0,0.042024947702884674
PaySim (comparison),QDFL,0,0.5298048853874207
PaySim (comparison),QDFL,1,0.8764047622680664
PaySim (comparison),QDFL,1,0.9766804575920105
PaySim (comparison),QDFL,1,0.6456765532493591
PaySim (comparison),QDFL,1,0.29876232147216797
PaySim (comparison),QDFL,0,0.00761641887947917
PaySim (comparison),QDFL,1,0.9642614722251892
PaySim (comparison),QDFL,0,0.30347740650177
PaySim (comparison),QDFL,1,0.8661184906959534
PaySim (comparison),QDFL,1,0.7130757570266724
PaySim (comparison),QDFL,0,0.01427003089338541
PaySim (comparison),QDFL,0,0.538137674331665
PaySim (comparison),QDFL,0,0.02166268788278103
PaySim (comparison),QDFL,1,0.7966569662094116
PaySim (comparison),QDFL,1,0.5884100794792175
PaySim (comparison),QDFL,0,0.00804558489471674
PaySim (comparison),QDFL,1,0.9228432178497314
PaySim (comparison),QDFL,1,0.9159055948257446
PaySim (comparison),QDFL,0,0.016220202669501305
PaySim (comparison),QDFL,1,0.9399862885475159
PaySim (comparison),QDFL,0,0.4351250231266022
PaySim (comparison),QDFL,0,0.6457393169403076
PaySim (comparison),QDFL,1,0.9217774271965027
PaySim (comparison),QDFL,0,0.023463623598217964
PaySim (comparison),QDFL,0,0.015783406794071198
PaySim (comparison),QDFL,0,0.6901237368583679
PaySim (comparison),QDFL,0,0.023161744698882103
PaySim (comparison),QDFL,0,0.5631343722343445
PaySim (comparison),QDFL,0,0.07704432308673859
PaySim (comparison),QDFL,1,0.8701874613761902
PaySim (comparison),QDFL,1,0.4310268461704254
PaySim (comparison),QDFL,0,0.14451460540294647
PaySim (comparison),QDFL,0,0.016333898529410362
PaySim (comparison),QDFL,1,0.586933970451355
PaySim (comparison),QDFL,1,0.5117812752723694
PaySim (comparison),QDFL,1,0.9683390855789185
PaySim (comparison),QDFL,1,0.9439553022384644
PaySim (comparison),QDFL,0,0.6351019144058228
PaySim (comparison),QDFL,1,0.942974865436554
PaySim (comparison),QDFL,1,0.6258963942527771
PaySim (comparison),QDFL,1,0.8579842448234558
PaySim (comparison),QDFL,0,0.6218403577804565
PaySim (comparison),QDFL,0,0.02124195359647274
PaySim (comparison),QDFL,0,0.02839413285255432
PaySim (comparison),QDFL,1,0.9469051361083984
PaySim (comparison),QDFL,1,0.7211736440658569
PaySim (comparison),QDFL,1,0.7326565384864807
PaySim (comparison),QDFL,1,0.9441440105438232
PaySim (comparison),QDFL,0,0.004101668018847704
PaySim (comparison),QDFL,0,0.5140461325645447
PaySim (comparison),QDFL,1,0.6919085383415222
PaySim (comparison),QDFL,1,0.9017214179039001
PaySim (comparison),QDFL,1,0.6026822924613953
PaySim (comparison),QDFL,0,0.03114379569888115
PaySim (comparison),QDFL,1,0.8226304650306702
PaySim (comparison),QDFL,0,0.16604118049144745
PaySim (comparison),QDFL,0,0.015454509295523167
PaySim (comparison),QDFL,1,0.979375422000885
PaySim (comparison),QDFL,1,0.951679527759552
PaySim (comparison),QDFL,0,0.09640336781740189
PaySim (comparison),QDFL,1,0.6703524589538574
PaySim (comparison),QDFL,0,0.060506440699100494
PaySim (comparison),QDFL,0,0.022649230435490608
PaySim (comparison),QDFL,1,0.9501793384552002
PaySim (comparison),QDFL,1,0.9439734816551208
PaySim (comparison),QDFL,0,0.026200033724308014
PaySim (comparison),QDFL,0,0.013776110485196114
PaySim (comparison),QDFL,1,0.49337664246559143
PaySim (comparison),QDFL,0,0.0036668707616627216
PaySim (comparison),QDFL,1,0.8527872562408447
PaySim (comparison),QDFL,0,0.2389264702796936
PaySim (comparison),QDFL,0,0.026668457314372063
PaySim (comparison),QDFL,0,0.020649652928113937
PaySim (comparison),QDFL,1,0.8923669457435608
PaySim (comparison),QDFL,0,0.5529659390449524
PaySim (comparison),QDFL,0,0.027424445375800133
PaySim (comparison),QDFL,0,0.013159472495317459
PaySim (comparison),QDFL,0,0.009325925260782242
PaySim (comparison),QDFL,0,0.028751958161592484
PaySim (comparison),QDFL,0,0.01749180629849434
PaySim (comparison),QDFL,1,0.944736897945404
PaySim (comparison),QDFL,0,0.7178717255592346
PaySim (comparison),QDFL,1,0.6002854108810425
PaySim (comparison),QDFL,0,0.013935685157775879
PaySim (comparison),QDFL,0,0.06931646168231964
PaySim (comparison),QDFL,1,0.5947290658950806
PaySim (comparison),QDFL,1,0.5818058848381042
PaySim (comparison),QDFL,0,0.8418887257575989
PaySim (comparison),QDFL,0,0.031916528940200806
PaySim (comparison),QDFL,0,0.05505649372935295
PaySim (comparison),QDFL,1,0.9503515958786011
PaySim (comparison),QDFL,0,0.0319189615547657
PaySim (comparison),QDFL,0,0.09240809828042984
PaySim (comparison),QDFL,1,0.9536241292953491
PaySim (comparison),QDFL,0,0.6877502202987671
PaySim (comparison),QDFL,1,0.871171772480011
PaySim (comparison),QDFL,1,0.9583964943885803
PaySim (comparison),QDFL,1,0.8992316126823425
PaySim (comparison),QDFL,1,0.3899608850479126
PaySim (comparison),QDFL,0,0.02548651583492756
PaySim (comparison),QDFL,1,0.9131754040718079
PaySim (comparison),QDFL,0,0.028756286948919296
PaySim (comparison),QDFL,0,0.05835474655032158
PaySim (comparison),QDFL,1,0.978316605091095
PaySim (comparison),QDFL,0,0.026194950565695763
PaySim (comparison),QDFL,1,0.8421725630760193
PaySim (comparison),QDFL,1,0.9376704692840576
PaySim (comparison),QDFL,1,0.9408619999885559
PaySim (comparison),QDFL,1,0.5976476073265076
PaySim (comparison),QDFL,0,0.6242051124572754
PaySim (comparison),QDFL,0,0.05064794793725014
PaySim (comparison),QDFL,0,0.00443365378305316
PaySim (comparison),QDFL,1,0.7544804811477661
PaySim (comparison),QDFL,0,0.08669330924749374
PaySim (comparison),QDFL,0,0.03988096863031387
PaySim (comparison),QDFL,1,0.9314286112785339
PaySim (comparison),QDFL,1,0.9729353785514832
PaySim (comparison),QDFL,1,0.549268364906311
PaySim (comparison),QDFL,1,0.7508298754692078
PaySim (comparison),QDFL,1,0.9280467629432678
PaySim (comparison),QDFL,0,0.04793620482087135
PaySim (comparison),QDFL,0,0.015478109009563923
PaySim (comparison),QDFL,1,0.9594998955726624
PaySim (comparison),QDFL,0,0.060928553342819214
PaySim (comparison),QDFL,1,0.9565560221672058
PaySim (comparison),QDFL,1,0.9491332769393921
PaySim (comparison),QDFL,0,0.09129609912633896
PaySim (comparison),QDFL,0,0.0064850859344005585
PaySim (comparison),QDFL,1,0.9491221308708191
PaySim (comparison),QDFL,1,0.7518272995948792
PaySim (comparison),QDFL,1,0.7107003927230835
PaySim (comparison),QDFL,0,0.09013791382312775
PaySim (comparison),QDFL,1,0.9001407623291016
PaySim (comparison),QDFL,1,0.8494548797607422
PaySim (comparison),QDFL,1,0.9304901957511902
PaySim (comparison),QDFL,0,0.017902826890349388
PaySim (comparison),QDFL,0,0.02027082070708275
PaySim (comparison),QDFL,1,0.8131289482116699
PaySim (comparison),QDFL,1,0.6564645171165466
PaySim (comparison),QDFL,1,0.9025089144706726
PaySim (comparison),QDFL,1,0.5519357323646545
PaySim (comparison),QDFL,1,0.842456579208374
PaySim (comparison),QDFL,0,0.017025277018547058
PaySim (comparison),QDFL,1,0.7975543737411499
PaySim (comparison),QDFL,0,0.007261296268552542
PaySim (comparison),QDFL,0,0.02658247761428356
PaySim (comparison),QDFL,1,0.9222405552864075
PaySim (comparison),QDFL,0,0.0059434352442622185
PaySim (comparison),QDFL,1,0.5959895849227905
PaySim (comparison),QDFL,1,0.7826087474822998
PaySim (comparison),QDFL,0,0.028661057353019714
PaySim (comparison),QDFL,1,0.8756311535835266
PaySim (comparison),QDFL,0,0.005052252672612667
PaySim (comparison),QDFL,0,0.4262644946575165
PaySim (comparison),QDFL,1,0.7764593362808228
PaySim (comparison),QDFL,1,0.804047167301178
PaySim (comparison),QDFL,1,0.6272369623184204
PaySim (comparison),QDFL,0,0.009882710874080658
PaySim (comparison),QDFL,0,0.493929386138916
PaySim (comparison),QDFL,1,0.9089033603668213
PaySim (comparison),QDFL,0,0.003432734403759241
PaySim (comparison),QDFL,0,0.007100064307451248
PaySim (comparison),QDFL,0,0.012703771702945232
PaySim (comparison),QDFL,0,0.030989745631814003
PaySim (comparison),QDFL,1,0.8738152384757996
PaySim (comparison),QDFL,0,0.019278505817055702
PaySim (comparison),QDFL,1,0.8320553302764893
PaySim (comparison),QDFL,0,0.652899980545044
PaySim (comparison),QDFL,1,0.6967769861221313
PaySim (comparison),QDFL,0,0.026605917140841484
PaySim (comparison),QDFL,1,0.8619116544723511
PaySim (comparison),QDFL,1,0.896941602230072
PaySim (comparison),QDFL,0,0.6068649888038635
PaySim (comparison),QDFL,1,0.8569086790084839
PaySim (comparison),QDFL,1,0.9282229542732239
PaySim (comparison),QDFL,1,0.9643983840942383
PaySim (comparison),QDFL,0,0.43793362379074097
PaySim (comparison),QDFL,0,0.021891841664910316
PaySim (comparison),QDFL,0,0.025347396731376648
PaySim (comparison),QDFL,1,0.9015955328941345
PaySim (comparison),QDFL,1,0.9484052062034607
PaySim (comparison),QDFL,0,0.028658270835876465
PaySim (comparison),QDFL,0,0.7362300157546997
PaySim (comparison),QDFL,0,0.018558494746685028
PaySim (comparison),QDFL,0,0.011623945087194443
PaySim (comparison),QDFL,1,0.8990263342857361
PaySim (comparison),QDFL,1,0.8505980968475342
PaySim (comparison),QDFL,0,0.013736956752836704
PaySim (comparison),QDFL,1,0.36939626932144165
PaySim (comparison),QDFL,0,0.009747383184731007
PaySim (comparison),QDFL,1,0.9415240287780762
PaySim (comparison),QDFL,0,0.0672634020447731
PaySim (comparison),QDFL,1,0.8924527764320374
PaySim (comparison),QDFL,1,0.7559126019477844
PaySim (comparison),QDFL,0,0.01611984334886074
PaySim (comparison),QDFL,0,0.6975252032279968
PaySim (comparison),QDFL,1,0.9087330102920532
PaySim (comparison),QDFL,1,0.934314489364624
PaySim (comparison),QDFL,0,0.011954743415117264
PaySim (comparison),QDFL,1,0.9665725827217102
PaySim (comparison),QDFL,0,0.011188988573849201
PaySim (comparison),QDFL,1,0.9695853590965271
PaySim (comparison),QDFL,1,0.7725716233253479
PaySim (comparison),QDFL,1,0.347125768661499
PaySim (comparison),QDFL,1,0.8529635071754456
PaySim (comparison),QDFL,0,0.02878638543188572
PaySim (comparison),QDFL,1,0.9276688694953918
PaySim (comparison),QDFL,1,0.5383408069610596
PaySim (comparison),QDFL,0,0.47032904624938965
PaySim (comparison),QDFL,1,0.43619340658187866
PaySim (comparison),QDFL,0,0.4269591271877289
PaySim (comparison),QDFL,1,0.9643125534057617
PaySim (comparison),QDFL,0,0.01697864755988121
PaySim (comparison),QDFL,1,0.9004100561141968
PaySim (comparison),QDFL,1,0.9161857962608337
PaySim (comparison),QDFL,0,0.4828610122203827
PaySim (comparison),QDFL,0,0.011923536658287048
PaySim (comparison),QDFL,0,0.07083181291818619
PaySim (comparison),QDFL,1,0.8936827182769775
PaySim (comparison),QDFL,0,0.017103705555200577
PaySim (comparison),QDFL,0,0.03556289151310921
PaySim (comparison),QDFL,0,0.03453570231795311
PaySim (comparison),QDFL,0,0.014534752815961838
PaySim (comparison),QDFL,1,0.9431660175323486
PaySim (comparison),QDFL,0,0.7435104846954346
PaySim (comparison),QDFL,1,0.8813071250915527
PaySim (comparison),QDFL,1,0.9686088562011719
PaySim (comparison),QDFL,1,0.021269651129841805
PaySim (comparison),QDFL,1,0.7472919821739197
PaySim (comparison),QDFL,0,0.07186233252286911
PaySim (comparison),QDFL,0,0.056769855320453644
PaySim (comparison),QDFL,0,0.040914446115493774
PaySim (comparison),QDFL,0,0.008736951276659966
PaySim (comparison),QDFL,0,0.016083387657999992
PaySim (comparison),QDFL,0,0.7764279842376709
PaySim (comparison),QDFL,1,0.689445436000824
PaySim (comparison),QDFL,1,0.9668018221855164
PaySim (comparison),QDFL,0,0.8401919007301331
PaySim (comparison),QDFL,0,0.014276820234954357
PaySim (comparison),QDFL,0,0.05423359572887421
PaySim (comparison),QDFL,1,0.4556845724582672
PaySim (comparison),QDFL,0,0.010447111912071705
PaySim (comparison),QDFL,0,0.023364443331956863
PaySim (comparison),QDFL,1,0.8641332387924194
PaySim (comparison),QDFL,1,0.9479252696037292
PaySim (comparison),QDFL,1,0.8990334868431091
PaySim (comparison),QDFL,0,0.012584949843585491
PaySim (comparison),QDFL,1,0.9772960543632507
PaySim (comparison),QDFL,1,0.9565724730491638
PaySim (comparison),QDFL,0,0.3271905481815338
PaySim (comparison),QDFL,1,0.9430356621742249
PaySim (comparison),QDFL,0,0.013705763965845108
PaySim (comparison),QDFL,1,0.9501460790634155
PaySim (comparison),QDFL,1,0.7907073497772217
PaySim (comparison),QDFL,1,0.9269288778305054
PaySim (comparison),QDFL,0,0.05342328920960426
PaySim (comparison),QDFL,0,0.013936975039541721
PaySim (comparison),QDFL,0,0.017676204442977905
PaySim (comparison),QDFL,0,0.019952915608882904
PaySim (comparison),QDFL,1,0.7534766793251038
PaySim (comparison),QDFL,0,0.0153142549097538
PaySim (comparison),QDFL,1,0.5669045448303223
PaySim (comparison),QDFL,1,0.9047667980194092
PaySim (comparison),QDFL,0,0.015819594264030457
PaySim (comparison),QDFL,0,0.04025138542056084
PaySim (comparison),QDFL,0,0.035609252750873566
PaySim (comparison),QDFL,1,0.9445942640304565
PaySim (comparison),QDFL,1,0.9471296668052673
PaySim (comparison),QDFL,0,0.022597692906856537
PaySim (comparison),QDFL,0,0.04692831635475159
PaySim (comparison),QDFL,1,0.8229385614395142
PaySim (comparison),QDFL,0,0.02029774896800518
PaySim (comparison),QDFL,1,0.7386979460716248
PaySim (comparison),QDFL,1,0.9401028156280518
PaySim (comparison),QDFL,0,0.6430346965789795
PaySim (comparison),QDFL,1,0.8902203440666199
PaySim (comparison),QDFL,1,0.8765174150466919
PaySim (comparison),QDFL,1,0.8636736273765564
PaySim (comparison),QDFL,0,0.016361011192202568
PaySim (comparison),QDFL,0,0.09139605611562729
PaySim (comparison),QDFL,0,0.42562806606292725
PaySim (comparison),QDFL,1,0.9254227876663208
PaySim (comparison),QDFL,0,0.05548618361353874
PaySim (comparison),QDFL,0,0.019758377224206924
PaySim (comparison),QDFL,1,0.8926293253898621
PaySim (comparison),QDFL,0,0.018545309081673622
PaySim (comparison),QDFL,1,0.7571812272071838
PaySim (comparison),QDFL,0,0.041726741939783096
PaySim (comparison),QDFL,0,0.10849715024232864
PaySim (comparison),QDFL,0,0.03674403950572014
PaySim (comparison),QDFL,1,0.9486839771270752
PaySim (comparison),QDFL,0,0.05458228290081024
PaySim (comparison),QDFL,0,0.032958343625068665
PaySim (comparison),QDFL,1,0.8357808589935303
PaySim (comparison),QDFL,1,0.8515354990959167
PaySim (comparison),QDFL,1,0.7007060647010803
PaySim (comparison),QDFL,1,0.8940228223800659
PaySim (comparison),QDFL,1,0.7379549145698547
PaySim (comparison),QDFL,1,0.9459392428398132
PaySim (comparison),QDFL,1,0.9326688051223755
PaySim (comparison),QDFL,0,0.034675233066082
PaySim (comparison),QDFL,1,0.9492983818054199
PaySim (comparison),QDFL,0,0.03412546217441559
PaySim (comparison),QDFL,0,0.0054614651016891
PaySim (comparison),QDFL,0,0.0586378239095211
PaySim (comparison),QDFL,1,0.9506624341011047
PaySim (comparison),QDFL,1,0.9400731325149536
PaySim (comparison),QDFL,0,0.01799589768052101
PaySim (comparison),QDFL,1,0.9077006578445435
PaySim (comparison),QDFL,1,0.9100859761238098
PaySim (comparison),QDFL,0,0.7456876635551453
PaySim (comparison),QDFL,0,0.04021839797496796
PaySim (comparison),QDFL,0,0.6967775225639343
PaySim (comparison),QDFL,0,0.015577028505504131
PaySim (comparison),QDFL,0,0.0054692975245416164
PaySim (comparison),QDFL,0,0.016889303922653198
PaySim (comparison),QDFL,1,0.9070554971694946
PaySim (comparison),QDFL,1,0.8171606659889221
PaySim (comparison),QDFL,0,0.12784656882286072
PaySim (comparison),QDFL,0,0.035623278468847275
PaySim (comparison),QDFL,0,0.017077559605240822
PaySim (comparison),QDFL,1,0.8736622333526611
PaySim (comparison),QDFL,0,0.6528664827346802
PaySim (comparison),QDFL,1,0.8856801390647888
PaySim (comparison),QDFL,1,0.8987187743186951
PaySim (comparison),QDFL,0,0.061557088047266006
PaySim (comparison),QDFL,0,0.00704039866104722
PaySim (comparison),QDFL,0,0.02348359301686287
PaySim (comparison),QDFL,0,0.038069695234298706
PaySim (comparison),QDFL,0,0.8992899656295776
PaySim (comparison),QDFL,0,0.011275297962129116
PaySim (comparison),QDFL,0,0.03472044691443443
PaySim (comparison),QDFL,0,0.5544039607048035
PaySim (comparison),QDFL,0,0.049012936651706696
PaySim (comparison),QDFL,1,0.2301454395055771
PaySim (comparison),QDFL,0,0.002795726992189884
PaySim (comparison),QDFL,0,0.0210880059748888
PaySim (comparison),QDFL,1,0.9570583701133728
PaySim (comparison),QDFL,1,0.7826188206672668
PaySim (comparison),QDFL,1,0.8441436886787415
PaySim (comparison),QDFL,0,0.012105551548302174
PaySim (comparison),QDFL,1,0.6061770915985107
PaySim (comparison),QDFL,1,0.9073747396469116
PaySim (comparison),QDFL,1,0.8680418729782104
PaySim (comparison),QDFL,1,0.6434603333473206
PaySim (comparison),QDFL,1,0.9086683392524719
PaySim (comparison),QDFL,1,0.9148072600364685
PaySim (comparison),QDFL,0,0.5517202615737915
PaySim (comparison),QDFL,1,0.8842801451683044
PaySim (comparison),QDFL,1,0.6630222797393799
PaySim (comparison),QDFL,0,0.02528015710413456
PaySim (comparison),QDFL,1,0.837592601776123
PaySim (comparison),QDFL,0,0.909630537033081
PaySim (comparison),QDFL,1,0.9353296756744385
PaySim (comparison),QDFL,0,0.011643913574516773
PaySim (comparison),QDFL,1,0.49627137184143066
PaySim (comparison),QDFL,0,0.01050515379756689
PaySim (comparison),QDFL,0,0.03931043669581413
PaySim (comparison),QDFL,0,0.012746268883347511
PaySim (comparison),QDFL,1,0.9103675484657288
PaySim (comparison),QDFL,1,0.8567293286323547
PaySim (comparison),QDFL,0,0.10464987903833389
PaySim (comparison),QDFL,0,0.0422891303896904
PaySim (comparison),QDFL,0,0.030224069952964783
PaySim (comparison),QDFL,0,0.032267577946186066
PaySim (comparison),QDFL,1,0.959932267665863
PaySim (comparison),QDFL,1,0.5351760387420654
PaySim (comparison),QDFL,1,0.9314132928848267
PaySim (comparison),QDFL,1,0.8903490900993347
PaySim (comparison),QDFL,1,0.942241370677948
PaySim (comparison),QDFL,1,0.9615737795829773
PaySim (comparison),QDFL,1,0.6352546811103821
PaySim (comparison),QDFL,1,0.9268748760223389
PaySim (comparison),QDFL,0,0.05836884677410126
PaySim (comparison),QDFL,0,0.025285659357905388
PaySim (comparison),QDFL,0,0.04859941452741623
PaySim (comparison),QDFL,1,0.7909137606620789
PaySim (comparison),QDFL,0,0.042789276689291
PaySim (comparison),QDFL,0,0.4346775710582733
PaySim (comparison),QDFL,1,0.8829830288887024
PaySim (comparison),QDFL,0,0.6407999992370605
PaySim (comparison),QDFL,0,0.004365856759250164
PaySim (comparison),QDFL,1,0.7818068265914917
PaySim (comparison),QDFL,0,0.12739786505699158
PaySim (comparison),QDFL,1,0.9332817792892456
PaySim (comparison),QDFL,1,0.9221261143684387
PaySim (comparison),QDFL,1,0.9347054958343506
PaySim (comparison),QDFL,0,0.0738418698310852
PaySim (comparison),QDFL,0,0.4768712520599365
PaySim (comparison),QDFL,1,0.8598845601081848
PaySim (comparison),QDFL,0,0.04979544132947922
PaySim (comparison),QDFL,1,0.11861926317214966
PaySim (comparison),QDFL,0,0.014125395566225052
PaySim (comparison),QDFL,1,0.578741729259491
PaySim (comparison),QDFL,1,0.7808464169502258
PaySim (comparison),QDFL,0,0.07875609397888184
PaySim (comparison),QDFL,1,0.7908542156219482
PaySim (comparison),QDFL,1,0.7480907440185547
PaySim (comparison),QDFL,1,0.5013326406478882
PaySim (comparison),QDFL,1,0.9719575643539429
PaySim (comparison),QDFL,0,0.006438925862312317
PaySim (comparison),QDFL,1,0.6063233017921448
PaySim (comparison),QDFL,1,0.6483230590820312
PaySim (comparison),QDFL,1,0.9617693424224854
PaySim (comparison),QDFL,0,0.6384539604187012
PaySim (comparison),QDFL,0,0.04341445118188858
PaySim (comparison),QDFL,1,0.6546361446380615
PaySim (comparison),QDFL,0,0.013372689485549927
PaySim (comparison),QDFL,0,0.03276970237493515
PaySim (comparison),QDFL,1,0.9691078066825867
PaySim (comparison),QDFL,0,0.14696671068668365
PaySim (comparison),QDFL,0,0.33832404017448425
PaySim (comparison),QDFL,0,0.03901420161128044
PaySim (comparison),QDFL,1,0.7875093817710876
PaySim (comparison),QDFL,0,0.05459613725543022
PaySim (comparison),QDFL,1,0.949066698551178
PaySim (comparison),QDFL,0,0.013698184862732887
PaySim (comparison),QDFL,1,0.969598650932312
PaySim (comparison),QDFL,1,0.9408379197120667
PaySim (comparison),QDFL,0,0.03886450454592705
PaySim (comparison),QDFL,1,0.9502186179161072
PaySim (comparison),QDFL,0,0.010948924347758293
PaySim (comparison),QDFL,1,0.7698333859443665
PaySim (comparison),QDFL,0,0.01434384472668171
PaySim (comparison),QDFL,0,0.04808397218585014
PaySim (comparison),QDFL,1,0.9512149691581726
PaySim (comparison),QDFL,1,0.9383800625801086
PaySim (comparison),QDFL,1,0.8437670469284058
PaySim (comparison),QDFL,1,0.962765097618103
PaySim (comparison),QDFL,1,0.9366831183433533
PaySim (comparison),QDFL,0,0.07300395518541336
PaySim (comparison),QDFL,0,0.03856612369418144
PaySim (comparison),QDFL,0,0.047728829085826874
PaySim (comparison),QDFL,1,0.9806380271911621
PaySim (comparison),QDFL,1,0.8173590898513794
PaySim (comparison),QDFL,1,0.7902436852455139
PaySim (comparison),QDFL,1,0.9461463093757629
PaySim (comparison),QDFL,1,0.923080325126648
PaySim (comparison),QDFL,0,0.01786678656935692
PaySim (comparison),QDFL,1,0.9173253178596497
PaySim (comparison),QDFL,0,0.06364739686250687
PaySim (comparison),QDFL,1,0.7634114623069763
PaySim (comparison),QDFL,1,0.958407461643219
PaySim (comparison),QDFL,1,0.7605829834938049
PaySim (comparison),QDFL,1,0.9577171206474304
PaySim (comparison),QDFL,1,0.8321535587310791
PaySim (comparison),QDFL,1,0.8524426221847534
PaySim (comparison),QDFL,0,0.02729642204940319
PaySim (comparison),QDFL,0,0.07932893186807632
PaySim (comparison),QDFL,1,0.8137767910957336
PaySim (comparison),QDFL,1,0.933242917060852
PaySim (comparison),QDFL,0,0.014366514049470425
PaySim (comparison),QDFL,1,0.9320688247680664
PaySim (comparison),QDFL,0,0.005897825118154287
PaySim (comparison),QDFL,0,0.1843215972185135
PaySim (comparison),QDFL,0,0.01028960756957531
PaySim (comparison),QDFL,1,0.9703661799430847
PaySim (comparison),QDFL,1,0.6743661761283875
PaySim (comparison),QDFL,1,0.9070296287536621
PaySim (comparison),QDFL,1,0.41225099563598633
PaySim (comparison),QDFL,1,0.8802452683448792
PaySim (comparison),QDFL,0,0.054392896592617035
PaySim (comparison),QDFL,1,0.9013360738754272
PaySim (comparison),QDFL,1,0.9619138240814209
PaySim (comparison),QDFL,0,0.015483158640563488
PaySim (comparison),QDFL,1,0.43351808190345764
PaySim (comparison),QDFL,1,0.7891523838043213
PaySim (comparison),QDFL,0,0.006466849707067013
PaySim (comparison),QDFL,0,0.5584593415260315
PaySim (comparison),QDFL,1,0.9561493396759033
PaySim (comparison),QDFL,0,0.5500749945640564
PaySim (comparison),QDFL,1,0.7514029741287231
PaySim (comparison),QDFL,0,0.7694375514984131
PaySim (comparison),QDFL,1,0.9432595372200012
PaySim (comparison),QDFL,0,0.029725754633545876
PaySim (comparison),QDFL,0,0.031191272661089897
PaySim (comparison),QDFL,1,0.9504817724227905
PaySim (comparison),QDFL,1,0.9100217819213867
PaySim (comparison),QDFL,0,0.6949189305305481
PaySim (comparison),QDFL,1,0.9380906224250793
PaySim (comparison),QDFL,0,0.02568700537085533
PaySim (comparison),QDFL,0,0.4869643747806549
PaySim (comparison),XGBoost,1,0.9486862421035767
PaySim (comparison),XGBoost,1,0.9999397993087769
PaySim (comparison),XGBoost,0,8.338528277818114e-05
PaySim (comparison),XGBoost,1,0.9999858140945435
PaySim (comparison),XGBoost,1,0.9999946355819702
PaySim (comparison),XGBoost,0,0.0014608921483159065
PaySim (comparison),XGBoost,1,0.9999452829360962
PaySim (comparison),XGBoost,1,0.9999518394470215
PaySim (comparison),XGBoost,1,0.9999905824661255
PaySim (comparison),XGBoost,1,0.9992808699607849
PaySim (comparison),XGBoost,0,5.016901923227124e-06
PaySim (comparison),XGBoost,1,0.9997928738594055
PaySim (comparison),XGBoost,1,0.9998067021369934
PaySim (comparison),XGBoost,0,1.2058813808835112e-05
PaySim (comparison),XGBoost,1,0.9998339414596558
PaySim (comparison),XGBoost,0,0.0012490656226873398
PaySim (comparison),XGBoost,1,0.9999916553497314
PaySim (comparison),XGBoost,0,1.5102423276402988e-05
PaySim (comparison),XGBoost,1,0.9999798536300659
PaySim (comparison),XGBoost,0,0.00030553792021237314
PaySim (comparison),XGBoost,0,0.00020408655109349638
PaySim (comparison),XGBoost,1,0.9999892711639404
PaySim (comparison),XGBoost,1,0.9999920129776001
PaySim (comparison),XGBoost,0,0.0007137276697903872
PaySim (comparison),XGBoost,1,0.999953031539917
PaySim (comparison),XGBoost,0,0.00026277918368577957
PaySim (comparison),XGBoost,1,0.9999698400497437
PaySim (comparison),XGBoost,0,0.00017746113007888198
PaySim (comparison),XGBoost,1,0.9999951124191284
PaySim (comparison),XGBoost,0,1.2613151739060413e-05
PaySim (comparison),XGBoost,1,0.9958546757698059
PaySim (comparison),XGBoost,0,1.722583874652628e-05
PaySim (comparison),XGBoost,0,7.0865316956769675e-06
PaySim (comparison),XGBoost,1,0.9998620748519897
PaySim (comparison),XGBoost,1,0.9999858140945435
PaySim (comparison),XGBoost,1,0.9999959468841553
PaySim (comparison),XGBoost,0,0.0009946228237822652
PaySim (comparison),XGBoost,1,0.9999070167541504
PaySim (comparison),XGBoost,0,6.450418732129037e-05
PaySim (comparison),XGBoost,0,0.00010591749014565721
PaySim (comparison),XGBoost,0,1.3827050224790582e-06
PaySim (comparison),XGBoost,0,3.875693437294103e-05
PaySim (comparison),XGBoost,1,0.9999004602432251
PaySim (comparison),XGBoost,0,2.630549261084525e-06
PaySim (comparison),XGBoost,1,0.9997722506523132
PaySim (comparison),XGBoost,1,0.9999914169311523
PaySim (comparison),XGBoost,1,0.9979110360145569
PaySim (comparison),XGBoost,1,0.9973905682563782
PaySim (comparison),XGBoost,1,0.9999964237213135
PaySim (comparison),XGBoost,0,0.00020262978796381503
PaySim (comparison),XGBoost,0,1.378481920255581e-05
PaySim (comparison),XGBoost,0,1.1297295714030042e-05
PaySim (comparison),XGBoost,1,0.9999439716339111
PaySim (comparison),XGBoost,0,3.007671921295696e-06
PaySim (comparison),XGBoost,1,0.9983893632888794
PaySim (comparison),XGBoost,0,1.4053975974093191e-05
PaySim (comparison),XGBoost,0,5.2874373068334535e-05
PaySim (comparison),XGBoost,1,0.9942518472671509
PaySim (comparison),XGBoost,1,0.9999727010726929
PaySim (comparison),XGBoost,0,1.8860249838326126e-05
PaySim (comparison),XGBoost,0,0.04742751270532608
PaySim (comparison),XGBoost,0,7.419684698106721e-05
PaySim (comparison),XGBoost,0,2.9110356990713626e-05
PaySim (comparison),XGBoost,0,0.00010852755076484755
PaySim (comparison),XGBoost,0,2.0349536498542875e-05
PaySim (comparison),XGBoost,0,3.762822643693653e-06
PaySim (comparison),XGBoost,0,5.239741767582018e-06
PaySim (comparison),XGBoost,0,0.0009645444224588573
PaySim (comparison),XGBoost,0,2.0499084712355398e-05
PaySim (comparison),XGBoost,1,0.9941750168800354
PaySim (comparison),XGBoost,0,0.0003276498755440116
PaySim (comparison),XGBoost,1,0.9999605417251587
PaySim (comparison),XGBoost,0,7.994187399162911e-06
PaySim (comparison),XGBoost,1,0.9997656941413879
PaySim (comparison),XGBoost,0,0.00038388362736441195
PaySim (comparison),XGBoost,0,6.607911200262606e-05
PaySim (comparison),XGBoost,0,0.0004936560289934278
PaySim (comparison),XGBoost,0,9.597200551070273e-05
PaySim (comparison),XGBoost,1,0.9999727010726929
PaySim (comparison),XGBoost,0,3.863106758217327e-05
PaySim (comparison),XGBoost,0,6.185240636114031e-05
PaySim (comparison),XGBoost,1,0.9988884329795837
PaySim (comparison),XGBoost,1,0.9992249011993408
PaySim (comparison),XGBoost,0,1.041555151459761e-06
PaySim (comparison),XGBoost,1,0.9997156262397766
PaySim (comparison),XGBoost,1,0.9996824264526367
PaySim (comparison),XGBoost,1,0.9999858140945435
PaySim (comparison),XGBoost,0,7.332843233598396e-05
PaySim (comparison),XGBoost,1,0.9999935626983643
PaySim (comparison),XGBoost,0,0.0010852545965462923
PaySim (comparison),XGBoost,0,8.463506446787505e-07
PaySim (comparison),XGBoost,0,1.9172675820300356e-05
PaySim (comparison),XGBoost,1,0.9999840259552002
PaySim (comparison),XGBoost,0,2.5910563635989092e-05
PaySim (comparison),XGBoost,0,1.0165634193981532e-05
PaySim (comparison),XGBoost,0,0.0028326145838946104
PaySim (comparison),XGBoost,0,6.91015156917274e-06
PaySim (comparison),XGBoost,0,1.2565332326630596e-05
PaySim (comparison),XGBoost,0,0.3130055069923401
PaySim (comparison),XGBoost,0,1.1375676876923535e-05
PaySim (comparison),XGBoost,1,0.9954771399497986
PaySim (comparison),XGBoost,1,0.9998891353607178
PaySim (comparison),XGBoost,0,0.00015344559506047517
PaySim (comparison),XGBoost,0,0.00021116857533343136
PaySim (comparison),XGBoost,1,0.9999548196792603
PaySim (comparison),XGBoost,0,5.5809672630857676e-05
PaySim (comparison),XGBoost,1,0.9997469782829285
PaySim (comparison),XGBoost,0,6.987283268244937e-05
PaySim (comparison),XGBoost,0,0.00031889212550595403
PaySim (comparison),XGBoost,1,0.9999891519546509
PaySim (comparison),XGBoost,1,0.9977880716323853
PaySim (comparison),XGBoost,0,4.1840576159302145e-06
PaySim (comparison),XGBoost,1,0.999819815158844
PaySim (comparison),XGBoost,0,6.000723715260392e-06
PaySim (comparison),XGBoost,1,0.9994922876358032
PaySim (comparison),XGBoost,1,0.9999362230300903
PaySim (comparison),XGBoost,1,0.9999412298202515
PaySim (comparison),XGBoost,0,1.696353683655616e-05
PaySim (comparison),XGBoost,0,0.0003104512288700789
PaySim (comparison),XGBoost,0,3.4323074942221865e-05
PaySim (comparison),XGBoost,0,1.1917394658667035e-05
PaySim (comparison),XGBoost,1,0.990479052066803
PaySim (comparison),XGBoost,0,0.0012120376341044903
PaySim (comparison),XGBoost,1,0.9993048906326294
PaySim (comparison),XGBoost,0,0.0006709378794766963
PaySim (comparison),XGBoost,1,0.9999250173568726
PaySim (comparison),XGBoost,1,0.9999935626983643
PaySim (comparison),XGBoost,1,0.999789297580719
PaySim (comparison),XGBoost,0,2.4635213776491582e-05
PaySim (comparison),XGBoost,0,9.088833030546084e-05
PaySim (comparison),XGBoost,0,0.00033968855859711766
PaySim (comparison),XGBoost,0,9.848438821791206e-06
PaySim (comparison),XGBoost,0,8.883915870683268e-05
PaySim (comparison),XGBoost,0,2.2859849195810966e-06
PaySim (comparison),XGBoost,0,6.588939140783623e-05
PaySim (comparison),XGBoost,0,0.0009899409487843513
PaySim (comparison),XGBoost,0,4.433161393535556e-06
PaySim (comparison),XGBoost,0,1.2216080904181581e-05
PaySim (comparison),XGBoost,0,3.87724612664897e-05
PaySim (comparison),XGBoost,1,0.9999932050704956
PaySim (comparison),XGBoost,1,0.9998420476913452
PaySim (comparison),XGBoost,0,5.339001654647291e-05
PaySim (comparison),XGBoost,1,0.9999947547912598
PaySim (comparison),XGBoost,1,0.9996492862701416
PaySim (comparison),XGBoost,0,0.00012502334720920771
PaySim (comparison),XGBoost,1,0.997568666934967
PaySim (comparison),XGBoost,0,3.874189587804722e-06
PaySim (comparison),XGBoost,1,0.9998183846473694
PaySim (comparison),XGBoost,1,0.9987678527832031
PaySim (comparison),XGBoost,0,0.008894944563508034
PaySim (comparison),XGBoost,1,0.9962330460548401
PaySim (comparison),XGBoost,1,0.999925971031189
PaySim (comparison),XGBoost,0,4.356048975751037e-06
PaySim (comparison),XGBoost,1,0.9975952506065369
PaySim (comparison),XGBoost,1,0.999995231628418
PaySim (comparison),XGBoost,0,4.14750975323841e-05
PaySim (comparison),XGBoost,0,0.0013769554207101464
PaySim (comparison),XGBoost,0,1.6631252037768718e-06
PaySim (comparison),XGBoost,0,3.7953839637339115e-05
PaySim (comparison),XGBoost,0,0.0003552091075107455
PaySim (comparison),XGBoost,1,0.9999806880950928
PaySim (comparison),XGBoost,0,0.9967890977859497
PaySim (comparison),XGBoost,1,0.9573708772659302
PaySim (comparison),XGBoost,0,0.0025480797048658133
PaySim (comparison),XGBoost,0,5.160539330972824e-06
PaySim (comparison),XGBoost,0,0.0009071049280464649
PaySim (comparison),XGBoost,0,3.7330669329094235e-06
PaySim (comparison),XGBoost,1,0.9999899864196777
PaySim (comparison),XGBoost,0,0.00213659112341702
PaySim (comparison),XGBoost,1,0.9999604225158691
PaySim (comparison),XGBoost,0,4.080346116097644e-05
PaySim (comparison),XGBoost,0,0.00026760553009808064
PaySim (comparison),XGBoost,0,5.073443389846943e-05
PaySim (comparison),XGBoost,0,0.00016340626461897045
PaySim (comparison),XGBoost,1,0.9999148845672607
PaySim (comparison),XGBoost,0,0.004652433097362518
PaySim (comparison),XGBoost,0,3.497939542285167e-05
PaySim (comparison),XGBoost,0,0.0008097728714346886
PaySim (comparison),XGBoost,0,0.0007023380603641272
PaySim (comparison),XGBoost,0,9.991326078306884e-05
PaySim (comparison),XGBoost,0,0.0017224670154973865
PaySim (comparison),XGBoost,0,4.536567212198861e-05
PaySim (comparison),XGBoost,0,2.7974318072665483e-05
PaySim (comparison),XGBoost,1,0.9998836517333984
PaySim (comparison),XGBoost,1,0.9999781847000122
PaySim (comparison),XGBoost,1,0.9989166259765625
PaySim (comparison),XGBoost,1,0.9999946355819702
PaySim (comparison),XGBoost,1,0.9999039173126221
PaySim (comparison),XGBoost,0,6.725899584125727e-05
PaySim (comparison),XGBoost,0,0.0009685520781204104
PaySim (comparison),XGBoost,1,0.9998369216918945
PaySim (comparison),XGBoost,0,3.9894301153253764e-05
PaySim (comparison),XGBoost,1,0.9999518394470215
PaySim (comparison),XGBoost,1,0.99982750415802
PaySim (comparison),XGBoost,1,0.9983657002449036
PaySim (comparison),XGBoost,1,0.9994576573371887
PaySim (comparison),XGBoost,1,0.9654198884963989
PaySim (comparison),XGBoost,1,0.9998138546943665
PaySim (comparison),XGBoost,1,0.999869704246521
PaySim (comparison),XGBoost,0,0.0007414688006974757
PaySim (comparison),XGBoost,0,2.3909915398689918e-05
PaySim (comparison),XGBoost,0,6.64696199237369e-05
PaySim (comparison),XGBoost,0,8.772096771281213e-05
PaySim (comparison),XGBoost,1,0.9999938011169434
PaySim (comparison),XGBoost,0,0.00033494943636469543
PaySim (comparison),XGBoost,0,0.00012034285464324057
PaySim (comparison),XGBoost,0,2.4591414330643602e-05
PaySim (comparison),XGBoost,1,0.9904311299324036
PaySim (comparison),XGBoost,0,1.8015110754276975e-06
PaySim (comparison),XGBoost,0,0.00014288823876995593
PaySim (comparison),XGBoost,1,0.9999938011169434
PaySim (comparison),XGBoost,1,0.9999531507492065
PaySim (comparison),XGBoost,1,0.9999408721923828
PaySim (comparison),XGBoost,1,0.9999896287918091
PaySim (comparison),XGBoost,1,0.9999842643737793
PaySim (comparison),XGBoost,1,0.9999886751174927
PaySim (comparison),XGBoost,0,0.12788568437099457
PaySim (comparison),XGBoost,1,0.996377170085907
PaySim (comparison),XGBoost,1,0.9999417066574097
PaySim (comparison),XGBoost,0,1.303500721405726e-05
PaySim (comparison),XGBoost,1,0.9980964064598083
PaySim (comparison),XGBoost,0,4.889936462859623e-05
PaySim (comparison),XGBoost,1,0.9999774694442749
PaySim (comparison),XGBoost,1,0.9987457990646362
PaySim (comparison),XGBoost,1,0.9999958276748657
PaySim (comparison),XGBoost,0,1.983601578103844e-05
PaySim (comparison),XGBoost,0,0.00015622259525116533
PaySim (comparison),XGBoost,0,0.00013938811025582254
PaySim (comparison),XGBoost,1,0.9996410608291626
PaySim (comparison),XGBoost,1,0.9995878338813782
PaySim (comparison),XGBoost,1,0.9955561757087708
PaySim (comparison),XGBoost,1,0.9996438026428223
PaySim (comparison),XGBoost,0,5.571124711423181e-05
PaySim (comparison),XGBoost,1,0.9999611377716064
PaySim (comparison),XGBoost,1,0.9999926090240479
PaySim (comparison),XGBoost,0,0.9726971387863159
PaySim (comparison),XGBoost,1,0.9999253749847412
PaySim (comparison),XGBoost,1,0.9997125267982483
PaySim (comparison),XGBoost,1,0.9999771118164062
PaySim (comparison),XGBoost,0,0.00019130959117319435
PaySim (comparison),XGBoost,0,0.007872098125517368
PaySim (comparison),XGBoost,0,1.2058526408509351e-05
PaySim (comparison),XGBoost,0,0.00014582794392481446
PaySim (comparison),XGBoost,1,0.9999879598617554
PaySim (comparison),XGBoost,0,2.6148341930820607e-05
PaySim (comparison),XGBoost,0,7.399716560030356e-05
PaySim (comparison),XGBoost,1,0.9995796084403992
PaySim (comparison),XGBoost,1,0.9998903274536133
PaySim (comparison),XGBoost,1,0.999962329864502
PaySim (comparison),XGBoost,1,0.9999669790267944
PaySim (comparison),XGBoost,1,0.9998959302902222
PaySim (comparison),XGBoost,1,0.9999610185623169
PaySim (comparison),XGBoost,0,1.9536073523340747e-05
PaySim (comparison),XGBoost,0,2.6071649699588306e-05
PaySim (comparison),XGBoost,1,0.9997720122337341
PaySim (comparison),XGBoost,1,0.9999858140945435
PaySim (comparison),XGBoost,1,0.9998354911804199
PaySim (comparison),XGBoost,0,1.8927188648376614e-05
PaySim (comparison),XGBoost,0,0.003216793294996023
PaySim (comparison),XGBoost,0,5.156035172149132e-07
PaySim (comparison),XGBoost,0,2.2806738343206234e-05
PaySim (comparison),XGBoost,0,0.0004328851937316358
PaySim (comparison),XGBoost,1,0.9998072981834412
PaySim (comparison),XGBoost,1,0.9994656443595886
PaySim (comparison),XGBoost,0,3.1412004318553954e-05
PaySim (comparison),XGBoost,1,0.999996542930603
PaySim (comparison),XGBoost,1,0.9990378618240356
PaySim (comparison),XGBoost,1,0.9999920129776001
PaySim (comparison),XGBoost,0,0.00026185857132077217
PaySim (comparison),XGBoost,1,0.9949702620506287
PaySim (comparison),XGBoost,1,0.999811589717865
PaySim (comparison),XGBoost,1,0.9983310103416443
PaySim (comparison),XGBoost,0,1.7604019376449287e-05
PaySim (comparison),XGBoost,1,0.9999921321868896
PaySim (comparison),XGBoost,0,4.5658151066163555e-05
PaySim (comparison),XGBoost,1,0.9999406337738037
PaySim (comparison),XGBoost,1,0.9996720552444458
PaySim (comparison),XGBoost,0,0.8328137397766113
PaySim (comparison),XGBoost,0,5.220534876571037e-05
PaySim (comparison),XGBoost,1,0.998195230960846
PaySim (comparison),XGBoost,0,0.0001215828160638921
PaySim (comparison),XGBoost,0,0.001456031808629632
PaySim (comparison),XGBoost,1,0.9991872906684875
PaySim (comparison),XGBoost,0,0.0003846789477393031
PaySim (comparison),XGBoost,0,0.059799909591674805
PaySim (comparison),XGBoost,0,4.6627861593151465e-05
PaySim (comparison),XGBoost,0,1.4136198842606973e-05
PaySim (comparison),XGBoost,1,0.9999508857727051
PaySim (comparison),XGBoost,0,0.9936129450798035
PaySim (comparison),XGBoost,0,0.00019586714915931225
PaySim (comparison),XGBoost,1,0.9999810457229614
PaySim (comparison),XGBoost,0,0.0002232193946838379
PaySim (comparison),XGBoost,0,1.8671500583877787e-05
PaySim (comparison),XGBoost,1,0.9999790191650391
PaySim (comparison),XGBoost,0,0.00045444697025232017
PaySim (comparison),XGBoost,0,0.00011114966764580458
PaySim (comparison),XGBoost,1,0.999974250793457
PaySim (comparison),XGBoost,1,0.9999822378158569
PaySim (comparison),XGBoost,1,0.9999961853027344
PaySim (comparison),XGBoost,0,7.42171541787684e-05
PaySim (comparison),XGBoost,0,2.1822279450134374e-05
PaySim (comparison),XGBoost,0,0.00014175521209836006
PaySim (comparison),XGBoost,1,0.9999287128448486
PaySim (comparison),XGBoost,0,3.018358620465733e-05
PaySim (comparison),XGBoost,0,8.577950939070433e-05
PaySim (comparison),XGBoost,0,4.043180888402276e-05
PaySim (comparison),XGBoost,0,0.0021190010011196136
PaySim (comparison),XGBoost,0,0.0008940370753407478
PaySim (comparison),XGBoost,0,0.00012502966274041682
PaySim (comparison),XGBoost,1,0.9986827969551086
PaySim (comparison),XGBoost,0,9.555274118611123e-06
PaySim (comparison),XGBoost,0,1.3366356142796576e-05
PaySim (comparison),XGBoost,1,0.9999773502349854
PaySim (comparison),XGBoost,0,0.00019708258332684636
PaySim (comparison),XGBoost,0,1.794187664927449e-05
PaySim (comparison),XGBoost,1,0.999996542930603
PaySim (comparison),XGBoost,1,0.9999593496322632
PaySim (comparison),XGBoost,1,0.9998466968536377
PaySim (comparison),XGBoost,0,0.04098276421427727
PaySim (comparison),XGBoost,0,2.652808507264126e-05
PaySim (comparison),XGBoost,0,0.00012039943976560608
PaySim (comparison),XGBoost,0,0.0003931162355002016
PaySim (comparison),XGBoost,1,0.9999951124191284
PaySim (comparison),XGBoost,0,2.04289081011666e-05
PaySim (comparison),XGBoost,0,0.0003153674479108304
PaySim (comparison),XGBoost,0,0.00016316726396325976
PaySim (comparison),XGBoost,0,2.103958286170382e-05
PaySim (comparison),XGBoost,0,6.457785639213398e-05
PaySim (comparison),XGBoost,1,0.9999650716781616
PaySim (comparison),XGBoost,1,0.9985458850860596
PaySim (comparison),XGBoost,1,0.9999916553497314
PaySim (comparison),XGBoost,1,0.9999947547912598
PaySim (comparison),XGBoost,0,3.2470909445692087e-06
PaySim (comparison),XGBoost,1,0.9999758005142212
PaySim (comparison),XGBoost,1,0.9999779462814331
PaySim (comparison),XGBoost,1,0.9999347925186157
PaySim (comparison),XGBoost,0,5.081240487925243e-06
PaySim (comparison),XGBoost,0,0.0003967985394410789
PaySim (comparison),XGBoost,1,0.9999674558639526
PaySim (comparison),XGBoost,1,0.9999032020568848
PaySim (comparison),XGBoost,1,0.9999849796295166
PaySim (comparison),XGBoost,0,2.71941717073787e-05
PaySim (comparison),XGBoost,1,0.9989895224571228
PaySim (comparison),XGBoost,1,0.9994789958000183
PaySim (comparison),XGBoost,1,0.999947190284729
PaySim (comparison),XGBoost,1,0.9996145963668823
PaySim (comparison),XGBoost,1,0.9999325275421143
PaySim (comparison),XGBoost,1,0.998343825340271
PaySim (comparison),XGBoost,0,0.000321124738547951
PaySim (comparison),XGBoost,0,6.021452918503201e-06
PaySim (comparison),XGBoost,1,0.9998527765274048
PaySim (comparison),XGBoost,1,0.9999347925186157
PaySim (comparison),XGBoost,0,6.974443749641068e-06
PaySim (comparison),XGBoost,0,8.53714082040824e-05
PaySim (comparison),XGBoost,0,0.6368125081062317
PaySim (comparison),XGBoost,1,0.9999889135360718
PaySim (comparison),XGBoost,0,0.003497319296002388
PaySim (comparison),XGBoost,0,1.604189492354635e-05
PaySim (comparison),XGBoost,1,0.9999912977218628
PaySim (comparison),XGBoost,0,0.00011058671225327998
PaySim (comparison),XGBoost,1,0.9998916387557983
PaySim (comparison),XGBoost,0,5.1823615649482235e-05
PaySim (comparison),XGBoost,1,0.9999910593032837
PaySim (comparison),XGBoost,0,3.392936196178198e-05
PaySim (comparison),XGBoost,0,0.00046043822658248246
PaySim (comparison),XGBoost,0,0.0038798206951469183
PaySim (comparison),XGBoost,1,0.997554361820221
PaySim (comparison),XGBoost,1,0.9936827421188354
PaySim (comparison),XGBoost,0,3.646006734925322e-05
PaySim (comparison),XGBoost,0,0.9851542115211487
PaySim (comparison),XGBoost,0,0.00048901850823313
PaySim (comparison),XGBoost,0,0.00027717213379219174
PaySim (comparison),XGBoost,1,0.9999957084655762
PaySim (comparison),XGBoost,1,0.9999852180480957
PaySim (comparison),XGBoost,1,0.9982895255088806
PaySim (comparison),XGBoost,1,0.9999912977218628
PaySim (comparison),XGBoost,1,0.9995562434196472
PaySim (comparison),XGBoost,1,0.9999889135360718
PaySim (comparison),XGBoost,0,0.024342130869627
PaySim (comparison),XGBoost,1,0.9999444484710693
PaySim (comparison),XGBoost,0,0.001074083149433136
PaySim (comparison),XGBoost,1,0.987641453742981
PaySim (comparison),XGBoost,1,0.9998699426651001
PaySim (comparison),XGBoost,1,0.9998936653137207
PaySim (comparison),XGBoost,0,1.8860722548197373e-06
PaySim (comparison),XGBoost,0,4.7754136176081374e-05
PaySim (comparison),XGBoost,0,0.00023853103630244732
PaySim (comparison),XGBoost,0,9.798292012419552e-05
PaySim (comparison),XGBoost,0,4.69674778287299e-05
PaySim (comparison),XGBoost,1,0.9946448802947998
PaySim (comparison),XGBoost,0,1.6296564353979193e-05
PaySim (comparison),XGBoost,0,0.0001265124446945265
PaySim (comparison),XGBoost,0,7.276935502886772e-05
PaySim (comparison),XGBoost,0,0.0029907224234193563
PaySim (comparison),XGBoost,1,0.9999500513076782
PaySim (comparison),XGBoost,0,5.809733011119533e-06
PaySim (comparison),XGBoost,0,2.4634533474454656e-05
PaySim (comparison),XGBoost,0,0.00021077370911370963
PaySim (comparison),XGBoost,1,0.9999966621398926
PaySim (comparison),XGBoost,1,0.9999924898147583
PaySim (comparison),XGBoost,1,0.9999927282333374
PaySim (comparison),XGBoost,0,0.0001516130578238517
PaySim (comparison),XGBoost,0,2.897602144003031e-06
PaySim (comparison),XGBoost,1,0.9999886751174927
PaySim (comparison),XGBoost,0,5.129202691023238e-05
PaySim (comparison),XGBoost,1,0.9998188614845276
PaySim (comparison),XGBoost,0,0.00016610561579000205
PaySim (comparison),XGBoost,0,0.2759568393230438
PaySim (comparison),XGBoost,1,0.9999566078186035
PaySim (comparison),XGBoost,0,3.842403384624049e-05
PaySim (comparison),XGBoost,1,0.9995310306549072
PaySim (comparison),XGBoost,0,6.864585884613916e-05
PaySim (comparison),XGBoost,1,0.99991774559021
PaySim (comparison),XGBoost,1,0.999963641166687
PaySim (comparison),XGBoost,0,0.00010066560935229063
PaySim (comparison),XGBoost,0,2.752560976659879e-05
PaySim (comparison),XGBoost,1,0.9999842643737793
PaySim (comparison),XGBoost,0,4.312375313020311e-05
PaySim (comparison),XGBoost,1,0.9241944551467896
PaySim (comparison),XGBoost,0,0.00048587453784421086
PaySim (comparison),XGBoost,1,0.9999758005142212
PaySim (comparison),XGBoost,1,0.9889864921569824
PaySim (comparison),XGBoost,0,7.469934189430205e-06
PaySim (comparison),XGBoost,1,0.9953653812408447
PaySim (comparison),XGBoost,1,0.9993382096290588
PaySim (comparison),XGBoost,0,0.00024033883528318256
PaySim (comparison),XGBoost,1,0.9996953010559082
PaySim (comparison),XGBoost,0,0.00011148892372148111
PaySim (comparison),XGBoost,1,0.9999819993972778
PaySim (comparison),XGBoost,0,2.3506954676122405e-05
PaySim (comparison),XGBoost,0,1.1951527994824573e-05
PaySim (comparison),XGBoost,1,0.9999924898147583
PaySim (comparison),XGBoost,1,0.9931746125221252
PaySim (comparison),XGBoost,1,0.9999922513961792
PaySim (comparison),XGBoost,0,7.627772720297799e-05
PaySim (comparison),XGBoost,0,5.68698815186508e-05
PaySim (comparison),XGBoost,1,0.9982788562774658
PaySim (comparison),XGBoost,1,0.9999783039093018
PaySim (comparison),XGBoost,0,0.003973998129367828
PaySim (comparison),XGBoost,0,1.7421625670976937e-05
PaySim (comparison),XGBoost,0,5.276204683468677e-05
PaySim (comparison),XGBoost,0,5.8073990658158436e-05
PaySim (comparison),XGBoost,0,2.0895055058645085e-05
PaySim (comparison),XGBoost,1,0.9999935626983643
PaySim (comparison),XGBoost,0,2.4910435968195088e-05
PaySim (comparison),XGBoost,0,2.656347533047665e-05
PaySim (comparison),XGBoost,1,0.9999814033508301
PaySim (comparison),XGBoost,1,0.9999103546142578
PaySim (comparison),XGBoost,1,0.9997244477272034
PaySim (comparison),XGBoost,1,0.9986215829849243
PaySim (comparison),XGBoost,0,3.759472747333348e-05
PaySim (comparison),XGBoost,0,7.963305688463151e-05
PaySim (comparison),XGBoost,0,0.0018501634476706386
PaySim (comparison),XGBoost,1,0.9998346567153931
PaySim (comparison),XGBoost,1,0.9997537732124329
PaySim (comparison),XGBoost,1,0.9999948740005493
PaySim (comparison),XGBoost,0,2.4105556803988293e-06
PaySim (comparison),XGBoost,0,0.015452580526471138
PaySim (comparison),XGBoost,0,2.8186137569718994e-05
PaySim (comparison),XGBoost,1,0.9998980760574341
PaySim (comparison),XGBoost,0,0.00774001982063055
PaySim (comparison),XGBoost,0,3.625201134127565e-05
PaySim (comparison),XGBoost,1,0.9999932050704956
PaySim (comparison),XGBoost,0,5.438673179014586e-05
PaySim (comparison),XGBoost,1,0.9999616146087646
PaySim (comparison),XGBoost,0,2.499875336070545e-05
PaySim (comparison),XGBoost,1,0.9998685121536255
PaySim (comparison),XGBoost,1,0.999836802482605
PaySim (comparison),XGBoost,1,0.9998000264167786
PaySim (comparison),XGBoost,0,5.51560333406087e-05
PaySim (comparison),XGBoost,0,1.6483802028233185e-05
PaySim (comparison),XGBoost,0,1.4504336832033005e-05
PaySim (comparison),XGBoost,0,8.876550054992549e-06
PaySim (comparison),XGBoost,1,0.9975631237030029
PaySim (comparison),XGBoost,1,0.9967327117919922
PaySim (comparison),XGBoost,0,0.9523259401321411
PaySim (comparison),XGBoost,0,0.00011477621592348441
PaySim (comparison),XGBoost,1,0.9999167919158936
PaySim (comparison),XGBoost,1,0.9989771842956543
PaySim (comparison),XGBoost,1,0.9999536275863647
PaySim (comparison),XGBoost,1,0.999992847442627
PaySim (comparison),XGBoost,0,3.601260686991736e-05
PaySim (comparison),XGBoost,0,6.409128673112718e-06
PaySim (comparison),XGBoost,0,4.241599526721984e-05
PaySim (comparison),XGBoost,1,0.9997766613960266
PaySim (comparison),XGBoost,0,0.0001363530900562182
PaySim (comparison),XGBoost,0,6.568584922206355e-06
PaySim (comparison),XGBoost,0,2.2671832994092256e-05
PaySim (comparison),XGBoost,1,0.9978834986686707
PaySim (comparison),XGBoost,1,0.9831499457359314
PaySim (comparison),XGBoost,1,0.9999638795852661
PaySim (comparison),XGBoost,0,1.5987203369149938e-05
PaySim (comparison),XGBoost,1,0.9990525841712952
PaySim (comparison),XGBoost,1,0.9999607801437378
PaySim (comparison),XGBoost,1,0.9999159574508667
PaySim (comparison),XGBoost,1,0.9957979321479797
PaySim (comparison),XGBoost,0,0.0008316886378452182
PaySim (comparison),XGBoost,1,0.9999492168426514
PaySim (comparison),XGBoost,1,0.9945072531700134
PaySim (comparison),XGBoost,0,0.02379016950726509
PaySim (comparison),XGBoost,1,0.9998692274093628
PaySim (comparison),XGBoost,0,5.2197985496604815e-05
PaySim (comparison),XGBoost,1,0.9999279975891113
PaySim (comparison),XGBoost,1,0.9996533393859863
PaySim (comparison),XGBoost,1,0.9999727010726929
PaySim (comparison),XGBoost,0,0.00032571301562711596
PaySim (comparison),XGBoost,0,1.284257996303495e-05
PaySim (comparison),XGBoost,0,0.00010938188643194735
PaySim (comparison),XGBoost,0,0.0007067284896038473
PaySim (comparison),XGBoost,1,0.9999955892562866
PaySim (comparison),XGBoost,1,0.999931812286377
PaySim (comparison),XGBoost,1,0.9999853372573853
PaySim (comparison),XGBoost,0,5.6979377404786646e-05
PaySim (comparison),XGBoost,1,0.9998856782913208
PaySim (comparison),XGBoost,0,6.707209831802174e-05
PaySim (comparison),XGBoost,1,0.999993085861206
PaySim (comparison),XGBoost,1,0.9999040365219116
PaySim (comparison),XGBoost,0,0.0005372215528041124
PaySim (comparison),XGBoost,0,1.8598177121020854e-05
PaySim (comparison),XGBoost,0,1.4068068594497163e-05
PaySim (comparison),XGBoost,1,0.999925971031189
PaySim (comparison),XGBoost,1,0.9998766183853149
PaySim (comparison),XGBoost,1,0.9999890327453613
PaySim (comparison),XGBoost,0,0.00012871099170297384
PaySim (comparison),XGBoost,1,0.9998737573623657
PaySim (comparison),XGBoost,0,8.82047024788335e-05
PaySim (comparison),XGBoost,0,2.361894803470932e-05
PaySim (comparison),XGBoost,1,0.999992847442627
PaySim (comparison),XGBoost,1,0.999996542930603
PaySim (comparison),XGBoost,0,1.0927894436463248e-05
PaySim (comparison),XGBoost,1,0.9999103546142578
PaySim (comparison),XGBoost,1,0.9999936819076538
PaySim (comparison),XGBoost,0,2.458733433741145e-05
PaySim (comparison),XGBoost,1,0.9999912977218628
PaySim (comparison),XGBoost,0,1.9757648260565475e-05
PaySim (comparison),XGBoost,0,6.951097020646557e-05
PaySim (comparison),XGBoost,0,0.0008101877174340189
PaySim (comparison),XGBoost,1,0.9995457530021667
PaySim (comparison),XGBoost,1,0.9999942779541016
PaySim (comparison),XGBoost,1,0.999870777130127
PaySim (comparison),XGBoost,0,0.015537810511887074
PaySim (comparison),XGBoost,0,5.645230430673109e-06
PaySim (comparison),XGBoost,0,1.2686214176937938e-06
PaySim (comparison),XGBoost,1,0.9999605417251587
PaySim (comparison),XGBoost,0,0.00012512519606389105
PaySim (comparison),XGBoost,1,0.9999874830245972
PaySim (comparison),XGBoost,0,0.00015981955220922828
PaySim (comparison),XGBoost,0,0.00020349390979390591
PaySim (comparison),XGBoost,1,0.9999500513076782
PaySim (comparison),XGBoost,0,0.0002716980525292456
PaySim (comparison),XGBoost,1,0.9994831085205078
PaySim (comparison),XGBoost,0,1.3239795407571364e-05
PaySim (comparison),XGBoost,0,0.0019306172616779804
PaySim (comparison),XGBoost,1,0.9999754428863525
PaySim (comparison),XGBoost,1,0.9999938011169434
PaySim (comparison),XGBoost,0,3.49639194610063e-05
PaySim (comparison),XGBoost,1,0.987453281879425
PaySim (comparison),XGBoost,1,0.9996277093887329
PaySim (comparison),XGBoost,0,8.234570850618184e-05
PaySim (comparison),XGBoost,0,2.399751974735409e-05
PaySim (comparison),XGBoost,0,2.9351847842917778e-05
PaySim (comparison),XGBoost,1,0.9990156888961792
PaySim (comparison),XGBoost,1,0.9999692440032959
PaySim (comparison),XGBoost,1,0.9988130331039429
PaySim (comparison),XGBoost,1,0.99994957447052
PaySim (comparison),XGBoost,1,0.9994723200798035
PaySim (comparison),XGBoost,0,0.00010527736594667658
PaySim (comparison),XGBoost,1,0.9999862909317017
PaySim (comparison),XGBoost,0,9.1695757873822e-05
PaySim (comparison),XGBoost,1,0.9999747276306152
PaySim (comparison),XGBoost,0,1.6094731108751148e-05
PaySim (comparison),XGBoost,0,0.002021671272814274
PaySim (comparison),XGBoost,0,1.0995152479154058e-05
PaySim (comparison),XGBoost,0,0.0006189059931784868
PaySim (comparison),XGBoost,0,0.0001829732646001503
PaySim (comparison),XGBoost,1,0.998237133026123
PaySim (comparison),XGBoost,0,0.006253897678107023
PaySim (comparison),XGBoost,0,5.0316553824814036e-05
PaySim (comparison),XGBoost,0,0.0007583379046991467
PaySim (comparison),XGBoost,0,1.7164569499072968e-06
PaySim (comparison),XGBoost,0,1.1942036508116871e-05
PaySim (comparison),XGBoost,1,0.9972966313362122
PaySim (comparison),XGBoost,1,0.9999634027481079
PaySim (comparison),XGBoost,0,1.0417893463454675e-05
PaySim (comparison),XGBoost,1,0.9982544779777527
PaySim (comparison),XGBoost,0,0.0045839641243219376
PaySim (comparison),XGBoost,0,0.000797782966401428
PaySim (comparison),XGBoost,1,0.9999929666519165
PaySim (comparison),XGBoost,1,0.9997463822364807
PaySim (comparison),XGBoost,1,0.9976053237915039
PaySim (comparison),XGBoost,0,0.00017412228044122458
PaySim (comparison),XGBoost,0,0.0022019289899617434
PaySim (comparison),XGBoost,1,0.9999582767486572
PaySim (comparison),XGBoost,1,0.9999949932098389
PaySim (comparison),XGBoost,1,0.9999850988388062
PaySim (comparison),XGBoost,1,0.998945415019989
PaySim (comparison),XGBoost,1,0.9998144507408142
PaySim (comparison),XGBoost,1,0.9999886751174927
PaySim (comparison),XGBoost,0,5.343712473404594e-06
PaySim (comparison),XGBoost,0,0.0007404516218230128
PaySim (comparison),XGBoost,1,0.9999920129776001
PaySim (comparison),XGBoost,1,0.999828577041626
PaySim (comparison),XGBoost,1,0.9999860525131226
PaySim (comparison),XGBoost,1,0.9999383687973022
PaySim (comparison),XGBoost,1,0.9997256398200989
PaySim (comparison),XGBoost,1,0.999982476234436
PaySim (comparison),XGBoost,0,1.868117215053644e-05
PaySim (comparison),XGBoost,1,0.999981164932251
PaySim (comparison),XGBoost,1,0.9999595880508423
PaySim (comparison),XGBoost,1,0.9996165037155151
PaySim (comparison),XGBoost,0,7.901195931481197e-05
PaySim (comparison),XGBoost,0,0.00012742374383378774
PaySim (comparison),XGBoost,1,0.9999762773513794
PaySim (comparison),XGBoost,1,0.9975323677062988
PaySim (comparison),XGBoost,1,0.9999778270721436
PaySim (comparison),XGBoost,0,1.7592656149645336e-05
PaySim (comparison),XGBoost,1,0.9999921321868896
PaySim (comparison),XGBoost,0,1.0136242963199038e-05
PaySim (comparison),XGBoost,0,3.309600651846267e-05
PaySim (comparison),XGBoost,0,1.9540691482689e-06
PaySim (comparison),XGBoost,0,0.0007111764280125499
PaySim (comparison),XGBoost,0,7.382455805782229e-05
PaySim (comparison),XGBoost,0,3.357722016517073e-05
PaySim (comparison),XGBoost,0,0.00012831651838496327
PaySim (comparison),XGBoost,0,0.0006655731704086065
PaySim (comparison),XGBoost,0,0.00012539477029349655
PaySim (comparison),XGBoost,1,0.9999556541442871
PaySim (comparison),XGBoost,1,0.9999743700027466
PaySim (comparison),XGBoost,1,0.9988589286804199
PaySim (comparison),XGBoost,1,0.9999687671661377
PaySim (comparison),XGBoost,0,1.998539300984703e-05
PaySim (comparison),XGBoost,1,0.9999290704727173
PaySim (comparison),XGBoost,1,0.9984425902366638
PaySim (comparison),XGBoost,0,7.854380237404257e-05
PaySim (comparison),XGBoost,1,0.9945995807647705
PaySim (comparison),XGBoost,0,2.719064696066198e-06
PaySim (comparison),XGBoost,1,0.9998347759246826
PaySim (comparison),XGBoost,0,0.0005228538648225367
PaySim (comparison),XGBoost,1,0.9983329176902771
PaySim (comparison),XGBoost,0,0.0012832761276513338
PaySim (comparison),XGBoost,1,0.999208390712738
PaySim (comparison),XGBoost,0,7.216379162855446e-05
PaySim (comparison),XGBoost,0,1.7339925761916675e-05
PaySim (comparison),XGBoost,1,0.9999850988388062
PaySim (comparison),XGBoost,0,0.0006894213147461414
PaySim (comparison),XGBoost,1,0.999996542930603
PaySim (comparison),XGBoost,1,0.8819572925567627
PaySim (comparison),XGBoost,0,0.0008419224177487195
PaySim (comparison),XGBoost,1,0.9998996257781982
PaySim (comparison),XGBoost,0,3.599838964873925e-05
PaySim (comparison),XGBoost,1,0.996834933757782
PaySim (comparison),XGBoost,0,0.00038099507219158113
PaySim (comparison),XGBoost,1,0.9999080896377563
PaySim (comparison),XGBoost,0,0.022259457036852837
PaySim (comparison),XGBoost,0,0.00034052005503326654
PaySim (comparison),XGBoost,1,0.9985717535018921
PaySim (comparison),XGBoost,1,0.9999666213989258
PaySim (comparison),XGBoost,1,0.9993274211883545
PaySim (comparison),XGBoost,0,1.8504870240576565e-05
PaySim (comparison),XGBoost,1,0.9999604225158691
PaySim (comparison),XGBoost,0,0.0002308670082129538
PaySim (comparison),XGBoost,1,0.9999957084655762
PaySim (comparison),XGBoost,1,0.9999864101409912
PaySim (comparison),XGBoost,1,0.9999246597290039
PaySim (comparison),XGBoost,0,0.0001496908807894215
PaySim (comparison),XGBoost,0,0.9415550827980042
PaySim (comparison),XGBoost,0,0.00033792995964176953
PaySim (comparison),XGBoost,0,0.0006958608282729983
PaySim (comparison),XGBoost,1,0.9999620914459229
PaySim (comparison),XGBoost,1,0.9999396800994873
PaySim (comparison),XGBoost,0,3.3837379760370823e-06
PaySim (comparison),XGBoost,1,0.9949583411216736
PaySim (comparison),XGBoost,1,0.999396800994873
PaySim (comparison),XGBoost,0,0.00029469121363945305
PaySim (comparison),XGBoost,0,0.002684997161850333
PaySim (comparison),XGBoost,1,0.9997058510780334
PaySim (comparison),XGBoost,1,0.9999947547912598
PaySim (comparison),XGBoost,1,0.9998490810394287
PaySim (comparison),XGBoost,1,0.9988162517547607
PaySim (comparison),XGBoost,0,1.3684030818694737e-05
PaySim (comparison),XGBoost,0,0.000281952612567693
PaySim (comparison),XGBoost,0,0.0001322490134043619
PaySim (comparison),XGBoost,1,0.9998561143875122
PaySim (comparison),XGBoost,1,0.9999922513961792
PaySim (comparison),XGBoost,0,7.401849870802835e-06
PaySim (comparison),XGBoost,0,0.0001930367579916492
PaySim (comparison),XGBoost,0,0.0006165932863950729
PaySim (comparison),XGBoost,1,0.9999059438705444
PaySim (comparison),XGBoost,1,0.9997971653938293
PaySim (comparison),XGBoost,1,0.9999960660934448
PaySim (comparison),XGBoost,0,0.03831008821725845
PaySim (comparison),XGBoost,0,0.0008425773121416569
PaySim (comparison),XGBoost,0,6.814410880906507e-05
PaySim (comparison),XGBoost,0,1.4722348169016186e-05
PaySim (comparison),XGBoost,0,0.0008939773542806506
PaySim (comparison),XGBoost,0,0.00011355584865668789
PaySim (comparison),XGBoost,1,0.9999958276748657
PaySim (comparison),XGBoost,0,0.0002906276495195925
PaySim (comparison),XGBoost,1,0.9999774694442749
PaySim (comparison),XGBoost,1,0.9998422861099243
PaySim (comparison),XGBoost,0,8.360630454262719e-05
PaySim (comparison),XGBoost,1,0.9999451637268066
PaySim (comparison),XGBoost,1,0.9999169111251831
PaySim (comparison),XGBoost,1,0.9999632835388184
PaySim (comparison),XGBoost,0,7.067862316034734e-05
PaySim (comparison),XGBoost,0,9.164383300230838e-06
PaySim (comparison),XGBoost,1,0.9959650039672852
PaySim (comparison),XGBoost,1,0.9997816681861877
PaySim (comparison),XGBoost,0,2.26739084610017e-05
PaySim (comparison),XGBoost,0,7.012488640611991e-05
PaySim (comparison),XGBoost,0,0.6531990170478821
PaySim (comparison),XGBoost,0,1.199275288854551e-06
PaySim (comparison),XGBoost,0,1.3752556696999818e-05
PaySim (comparison),XGBoost,1,0.9990352392196655
PaySim (comparison),XGBoost,1,0.9999934434890747
PaySim (comparison),XGBoost,0,4.5007623157289345e-06
PaySim (comparison),XGBoost,0,6.42322629573755e-05
PaySim (comparison),XGBoost,0,8.301754132844508e-05
PaySim (comparison),XGBoost,1,0.9998089671134949
PaySim (comparison),XGBoost,1,0.9999428987503052
PaySim (comparison),XGBoost,1,0.9999351501464844
PaySim (comparison),XGBoost,0,0.00038708775537088513
PaySim (comparison),XGBoost,1,0.9999910593032837
PaySim (comparison),XGBoost,1,0.9999860525131226
PaySim (comparison),XGBoost,0,1.2769876775564626e-05
PaySim (comparison),XGBoost,0,1.403973510605283e-05
PaySim (comparison),XGBoost,1,0.999974250793457
PaySim (comparison),XGBoost,1,0.9994173049926758
PaySim (comparison),XGBoost,1,0.9999725818634033
PaySim (comparison),XGBoost,1,0.999954342842102
PaySim (comparison),XGBoost,0,0.00017116662638727576
PaySim (comparison),XGBoost,1,0.9965226650238037
PaySim (comparison),XGBoost,1,0.9998188614845276
PaySim (comparison),XGBoost,1,0.9999825954437256
PaySim (comparison),XGBoost,1,0.996192216873169
PaySim (comparison),XGBoost,0,7.426438241964206e-05
PaySim (comparison),XGBoost,0,0.002422885037958622
PaySim (comparison),XGBoost,1,0.9998432397842407
PaySim (comparison),XGBoost,0,1.165789581136778e-05
PaySim (comparison),XGBoost,0,0.00023926535504870117
PaySim (comparison),XGBoost,1,0.9997350573539734
PaySim (comparison),XGBoost,0,1.2479302313295193e-05
PaySim (comparison),XGBoost,0,2.2997184714768082e-05
PaySim (comparison),XGBoost,1,0.996917724609375
PaySim (comparison),XGBoost,1,0.999671459197998
PaySim (comparison),XGBoost,1,0.995425283908844
PaySim (comparison),XGBoost,0,0.0001847725798143074
PaySim (comparison),XGBoost,1,0.9999665021896362
PaySim (comparison),XGBoost,1,0.9999871253967285
PaySim (comparison),XGBoost,0,2.6932004857371794e-06
PaySim (comparison),XGBoost,0,1.2215907190693542e-05
PaySim (comparison),XGBoost,0,0.0004973929026164114
PaySim (comparison),XGBoost,1,0.9988697171211243
PaySim (comparison),XGBoost,0,1.9002951376023702e-05
PaySim (comparison),XGBoost,0,3.0236395105021074e-05
PaySim (comparison),XGBoost,0,3.2762200135039166e-05
PaySim (comparison),XGBoost,1,0.9997450709342957
PaySim (comparison),XGBoost,1,0.999991774559021
PaySim (comparison),XGBoost,0,1.2358134881651495e-05
PaySim (comparison),XGBoost,0,0.002318158047273755
PaySim (comparison),XGBoost,0,1.230590532941278e-05
PaySim (comparison),XGBoost,0,0.00010901150380959734
PaySim (comparison),XGBoost,1,0.9999741315841675
PaySim (comparison),XGBoost,1,0.9999970197677612
PaySim (comparison),XGBoost,0,4.5636559661943465e-05
PaySim (comparison),XGBoost,1,0.9999816417694092
PaySim (comparison),XGBoost,1,0.9949753284454346
PaySim (comparison),XGBoost,1,0.9996892213821411
PaySim (comparison),XGBoost,0,0.0002564740425441414
PaySim (comparison),XGBoost,1,0.9999560117721558
PaySim (comparison),XGBoost,1,0.966417133808136
PaySim (comparison),XGBoost,0,3.268187720095739e-05
PaySim (comparison),XGBoost,0,0.001259327749721706
PaySim (comparison),XGBoost,0,0.000415184156736359
PaySim (comparison),XGBoost,0,0.00030047682230360806
PaySim (comparison),XGBoost,0,3.697429201565683e-05
PaySim (comparison),XGBoost,0,0.0002520912967156619
PaySim (comparison),XGBoost,1,0.9787659049034119
PaySim (comparison),XGBoost,0,1.9001030523213558e-05
PaySim (comparison),XGBoost,0,0.00010022835340350866
PaySim (comparison),XGBoost,0,3.630522405728698e-05
PaySim (comparison),XGBoost,1,0.9973485469818115
PaySim (comparison),XGBoost,0,0.00011311048729112372
PaySim (comparison),XGBoost,0,7.343641482293606e-05
PaySim (comparison),XGBoost,1,0.9999868869781494
PaySim (comparison),XGBoost,0,0.0018761747051030397
PaySim (comparison),XGBoost,1,0.9999790191650391
PaySim (comparison),XGBoost,0,3.68690125469584e-05
PaySim (comparison),XGBoost,0,4.348915899754502e-05
PaySim (comparison),XGBoost,1,0.9999902248382568
PaySim (comparison),XGBoost,1,0.9999961853027344
PaySim (comparison),XGBoost,0,8.769958185439464e-06
PaySim (comparison),XGBoost,1,0.999988317489624
PaySim (comparison),XGBoost,0,6.768447929061949e-05
PaySim (comparison),XGBoost,1,0.9999864101409912
PaySim (comparison),XGBoost,1,0.999872088432312
PaySim (comparison),XGBoost,0,9.483817120781168e-05
PaySim (comparison),XGBoost,1,0.9999676942825317
PaySim (comparison),XGBoost,1,0.9991599321365356
PaySim (comparison),XGBoost,0,7.964928045112174e-06
PaySim (comparison),XGBoost,1,0.9999829530715942
PaySim (comparison),XGBoost,0,2.480485272826627e-05
PaySim (comparison),XGBoost,0,0.00019618340593297035
PaySim (comparison),XGBoost,1,0.9999967813491821
PaySim (comparison),XGBoost,0,6.642020707658958e-06
PaySim (comparison),XGBoost,1,0.9999933242797852
PaySim (comparison),XGBoost,1,0.9989843964576721
PaySim (comparison),XGBoost,0,0.00021951174130663276
PaySim (comparison),XGBoost,1,0.9994856119155884
PaySim (comparison),XGBoost,1,0.9998998641967773
PaySim (comparison),XGBoost,1,0.991783618927002
PaySim (comparison),XGBoost,0,0.002810054225847125
PaySim (comparison),XGBoost,1,0.9992197751998901
PaySim (comparison),XGBoost,0,3.664310497697443e-05
PaySim (comparison),XGBoost,0,2.421044700895436e-05
PaySim (comparison),XGBoost,0,1.7028190995915793e-05
PaySim (comparison),XGBoost,1,0.9999055862426758
PaySim (comparison),XGBoost,1,0.9993559718132019
PaySim (comparison),XGBoost,1,0.999992847442627
PaySim (comparison),XGBoost,0,9.764573042048141e-05
PaySim (comparison),XGBoost,0,5.08948287460953e-05
PaySim (comparison),XGBoost,0,4.016740422230214e-05
PaySim (comparison),XGBoost,0,0.00022649225138593465
PaySim (comparison),XGBoost,1,0.9999912977218628
PaySim (comparison),XGBoost,1,0.9998688697814941
PaySim (comparison),XGBoost,1,0.9999750852584839
PaySim (comparison),XGBoost,1,0.9999955892562866
PaySim (comparison),XGBoost,1,0.9995531439781189
PaySim (comparison),XGBoost,1,0.9999276399612427
PaySim (comparison),XGBoost,0,0.00020337325986474752
PaySim (comparison),XGBoost,1,0.9999709129333496
PaySim (comparison),XGBoost,0,0.00018160864419769496
PaySim (comparison),XGBoost,0,3.0193659767974168e-05
PaySim (comparison),XGBoost,0,1.1918280506506562e-05
PaySim (comparison),XGBoost,1,0.9999762773513794
PaySim (comparison),XGBoost,0,7.898454350652173e-05
PaySim (comparison),XGBoost,1,0.9999833106994629
PaySim (comparison),XGBoost,0,3.580252450774424e-05
PaySim (comparison),XGBoost,0,6.192825094331056e-05
PaySim (comparison),XGBoost,0,0.000272035802481696
PaySim (comparison),XGBoost,0,0.0015165876829996705
PaySim (comparison),XGBoost,0,4.487810656428337e-05
PaySim (comparison),XGBoost,0,0.0021752589382231236
PaySim (comparison),XGBoost,1,0.9999454021453857
PaySim (comparison),XGBoost,1,0.9656198620796204
PaySim (comparison),XGBoost,1,0.9999895095825195
PaySim (comparison),XGBoost,0,2.547458825574722e-05
PaySim (comparison),XGBoost,0,1.937399065354839e-05
PaySim (comparison),XGBoost,0,2.756104186119046e-05
PaySim (comparison),XGBoost,1,0.9999498128890991
PaySim (comparison),XGBoost,0,3.4632834285730496e-05
PaySim (comparison),XGBoost,1,0.9999960660934448
PaySim (comparison),XGBoost,0,0.0028578557539731264
PaySim (comparison),XGBoost,0,2.5423454644624144e-05
PaySim (comparison),XGBoost,0,2.3647909983992577e-05
PaySim (comparison),XGBoost,1,0.9820485711097717
PaySim (comparison),XGBoost,1,0.9996253252029419
PaySim (comparison),XGBoost,0,9.489607327850536e-05
PaySim (comparison),XGBoost,0,9.690698061604053e-05
PaySim (comparison),XGBoost,0,7.464151167368982e-06
PaySim (comparison),XGBoost,1,0.9998775720596313
PaySim (comparison),XGBoost,0,0.0002115684183081612
PaySim (comparison),XGBoost,0,2.320468774996698e-05
PaySim (comparison),XGBoost,0,2.347085910514579e-06
PaySim (comparison),XGBoost,0,0.001042346702888608
PaySim (comparison),XGBoost,0,4.432117293617921e-06
PaySim (comparison),XGBoost,0,2.3337421225733124e-05
PaySim (comparison),XGBoost,1,0.999976634979248
PaySim (comparison),XGBoost,1,0.9999942779541016
PaySim (comparison),XGBoost,0,9.969005077437032e-06
PaySim (comparison),XGBoost,0,1.708711170067545e-05
PaySim (comparison),XGBoost,0,0.000870312680490315
PaySim (comparison),XGBoost,0,1.4089711839915253e-05
PaySim (comparison),XGBoost,0,0.0003693684411700815
PaySim (comparison),XGBoost,1,0.9999926090240479
PaySim (comparison),XGBoost,0,3.669093712233007e-05
PaySim (comparison),XGBoost,0,0.00010521615331526846
PaySim (comparison),XGBoost,0,1.035006880556466e-05
PaySim (comparison),XGBoost,0,4.36348891525995e-05
PaySim (comparison),XGBoost,1,0.9989362359046936
PaySim (comparison),XGBoost,0,5.412095561041497e-05
PaySim (comparison),XGBoost,0,0.00021301221568137407
PaySim (comparison),XGBoost,0,3.985395596828312e-05
PaySim (comparison),XGBoost,1,0.9997156262397766
PaySim (comparison),XGBoost,0,2.6835507014766335e-05
PaySim (comparison),XGBoost,1,0.9998258948326111
PaySim (comparison),XGBoost,1,0.9994256496429443
PaySim (comparison),XGBoost,0,4.146883384237299e-06
PaySim (comparison),XGBoost,0,0.0002732262946665287
PaySim (comparison),XGBoost,1,0.9999960660934448
PaySim (comparison),XGBoost,0,5.71324817428831e-05
PaySim (comparison),XGBoost,1,0.9999858140945435
PaySim (comparison),XGBoost,0,0.016603747382760048
PaySim (comparison),XGBoost,0,1.365839852951467e-05
PaySim (comparison),XGBoost,0,2.3611059987160843e-06
PaySim (comparison),XGBoost,1,0.9996237754821777
PaySim (comparison),XGBoost,0,0.0007781705935485661
PaySim (comparison),XGBoost,0,9.471607336308807e-05
PaySim (comparison),XGBoost,0,1.218697889271425e-05
PaySim (comparison),XGBoost,1,0.9944484233856201
PaySim (comparison),XGBoost,1,0.9996758699417114
PaySim (comparison),XGBoost,0,4.705947048933012e-06
PaySim (comparison),XGBoost,1,0.998795747756958
PaySim (comparison),XGBoost,0,0.11579997092485428
PaySim (comparison),XGBoost,0,3.670115620479919e-05
PaySim (comparison),XGBoost,1,0.9999099969863892
PaySim (comparison),XGBoost,0,0.0017523508286103606
PaySim (comparison),XGBoost,1,0.9999206066131592
PaySim (comparison),XGBoost,1,0.9994760155677795
PaySim (comparison),XGBoost,0,0.0010386434150859714
PaySim (comparison),XGBoost,1,0.9998668432235718
PaySim (comparison),XGBoost,0,4.500466093304567e-05
PaySim (comparison),XGBoost,1,0.9998613595962524
PaySim (comparison),XGBoost,1,0.9981817007064819
PaySim (comparison),XGBoost,0,2.1036292309872806e-05
PaySim (comparison),XGBoost,1,0.9999628067016602
PaySim (comparison),XGBoost,0,7.800778257660568e-05
PaySim (comparison),XGBoost,0,7.334890597121557e-06
PaySim (comparison),XGBoost,0,7.599819218739867e-05
PaySim (comparison),XGBoost,1,0.9996416568756104
PaySim (comparison),XGBoost,1,0.9999734163284302
PaySim (comparison),XGBoost,1,0.9996886253356934
PaySim (comparison),XGBoost,1,0.9991891980171204
PaySim (comparison),XGBoost,0,2.1089159417897463e-05
PaySim (comparison),XGBoost,0,0.002072301460430026
PaySim (comparison),XGBoost,0,5.5130210967035964e-05
PaySim (comparison),XGBoost,0,4.0520124457543716e-05
PaySim (comparison),XGBoost,1,0.9706741571426392
PaySim (comparison),XGBoost,0,3.987030140706338e-05
PaySim (comparison),XGBoost,0,0.0005216440185904503
PaySim (comparison),XGBoost,0,0.00454575102776289
PaySim (comparison),XGBoost,0,0.00011001410894095898
PaySim (comparison),XGBoost,1,0.999669075012207
PaySim (comparison),XGBoost,1,0.9999078512191772
PaySim (comparison),XGBoost,0,7.589274173369631e-05
PaySim (comparison),XGBoost,1,0.9999278783798218
PaySim (comparison),XGBoost,0,4.012379577034153e-05
PaySim (comparison),XGBoost,0,0.00743510527536273
PaySim (comparison),XGBoost,0,0.0008203673642128706
PaySim (comparison),XGBoost,0,0.0009750931058079004
PaySim (comparison),XGBoost,1,0.8606470227241516
PaySim (comparison),XGBoost,1,0.9998223185539246
PaySim (comparison),XGBoost,1,0.9999943971633911
PaySim (comparison),XGBoost,1,0.9996059536933899
PaySim (comparison),XGBoost,0,0.00010065111564472318
PaySim (comparison),XGBoost,1,0.999993085861206
PaySim (comparison),XGBoost,0,0.0005532691138796508
PaySim (comparison),XGBoost,1,0.9999927282333374
PaySim (comparison),XGBoost,0,2.851749059118447e-06
PaySim (comparison),XGBoost,1,0.9999232292175293
PaySim (comparison),XGBoost,0,1.5018157682789024e-05
PaySim (comparison),XGBoost,0,5.460271131596528e-05
PaySim (comparison),XGBoost,0,0.000921310274861753
PaySim (comparison),XGBoost,1,0.9997172951698303
PaySim (comparison),XGBoost,1,0.9999583959579468
PaySim (comparison),XGBoost,0,3.418137930566445e-05
PaySim (comparison),XGBoost,0,0.000189537342521362
PaySim (comparison),XGBoost,1,0.999962568283081
PaySim (comparison),XGBoost,0,8.191307279048488e-05
PaySim (comparison),XGBoost,1,0.9999630451202393
PaySim (comparison),XGBoost,1,0.9990070462226868
PaySim (comparison),XGBoost,0,1.6273392247967422e-05
PaySim (comparison),XGBoost,0,2.3179010895546526e-05
PaySim (comparison),XGBoost,1,0.9975691437721252
PaySim (comparison),XGBoost,0,1.0158665645576548e-05
PaySim (comparison),XGBoost,1,0.9999874830245972
PaySim (comparison),XGBoost,0,1.3486368516169023e-05
PaySim (comparison),XGBoost,0,5.4556334362132475e-05
PaySim (comparison),XGBoost,1,0.9983232617378235
PaySim (comparison),XGBoost,0,1.8505117623135448e-05
PaySim (comparison),XGBoost,1,0.9999344348907471
PaySim (comparison),XGBoost,1,0.9996113181114197
PaySim (comparison),XGBoost,1,0.9993054866790771
PaySim (comparison),XGBoost,1,0.9999901056289673
PaySim (comparison),XGBoost,0,3.486646164674312e-05
PaySim (comparison),XGBoost,1,0.9999666213989258
PaySim (comparison),XGBoost,0,0.0002881390682887286
PaySim (comparison),XGBoost,0,1.1491571967781056e-05
PaySim (comparison),XGBoost,0,2.2072033971198834e-05
PaySim (comparison),XGBoost,0,3.875900438288227e-05
PaySim (comparison),XGBoost,1,0.9996169805526733
PaySim (comparison),XGBoost,0,5.699585472029867e-06
PaySim (comparison),XGBoost,1,0.9999821186065674
PaySim (comparison),XGBoost,0,0.00026818685000762343
PaySim (comparison),XGBoost,0,5.912883693781623e-07
PaySim (comparison),XGBoost,0,0.0007056352333165705
PaySim (comparison),XGBoost,0,7.857241871533915e-05
PaySim (comparison),XGBoost,0,1.200842234538868e-05
PaySim (comparison),XGBoost,1,0.99875807762146
PaySim (comparison),XGBoost,0,0.0001291181251872331
PaySim (comparison),XGBoost,1,0.9998927116394043
PaySim (comparison),XGBoost,1,0.9999630451202393
PaySim (comparison),XGBoost,1,0.9999663829803467
PaySim (comparison),XGBoost,1,0.9999957084655762
PaySim (comparison),XGBoost,0,3.1460451282327995e-05
PaySim (comparison),XGBoost,0,7.432885468006134e-05
PaySim (comparison),XGBoost,0,0.00024741917150095105
PaySim (comparison),XGBoost,1,0.9999104738235474
PaySim (comparison),XGBoost,0,3.611633292166516e-05
PaySim (comparison),XGBoost,0,2.765102544799447e-05
PaySim (comparison),XGBoost,0,8.268007150036283e-06
PaySim (comparison),XGBoost,1,0.9997853636741638
PaySim (comparison),XGBoost,1,0.9999823570251465
PaySim (comparison),XGBoost,0,0.00010457936878083274
PaySim (comparison),XGBoost,1,0.9999905824661255
PaySim (comparison),XGBoost,0,0.0007259345147758722
PaySim (comparison),XGBoost,0,0.0004634322540368885
PaySim (comparison),XGBoost,1,0.9999889135360718
PaySim (comparison),XGBoost,1,0.9997232556343079
PaySim (comparison),XGBoost,0,0.00013322448648978025
PaySim (comparison),XGBoost,0,1.1801997061411384e-05
PaySim (comparison),XGBoost,1,0.999993085861206
PaySim (comparison),XGBoost,0,7.900104037616984e-07
PaySim (comparison),XGBoost,1,0.9998735189437866
PaySim (comparison),XGBoost,1,0.991672694683075
PaySim (comparison),XGBoost,1,0.9999737739562988
PaySim (comparison),XGBoost,1,0.9993454813957214
PaySim (comparison),XGBoost,0,0.9769680500030518
PaySim (comparison),XGBoost,1,0.9197700023651123
PaySim (comparison),XGBoost,1,0.9998594522476196
PaySim (comparison),XGBoost,0,0.004934675991535187
PaySim (comparison),XGBoost,0,0.0003222748637199402
PaySim (comparison),XGBoost,1,0.9994955062866211
PaySim (comparison),XGBoost,1,0.9999544620513916
PaySim (comparison),XGBoost,1,0.9999369382858276
PaySim (comparison),XGBoost,0,0.0001301238517044112
PaySim (comparison),XGBoost,1,0.9999839067459106
PaySim (comparison),XGBoost,0,0.00010471668792888522
PaySim (comparison),XGBoost,0,4.20242031395901e-05
PaySim (comparison),XGBoost,0,7.192594057414681e-05
PaySim (comparison),XGBoost,1,0.9999803304672241
PaySim (comparison),XGBoost,0,9.313189366366714e-05
PaySim (comparison),XGBoost,0,5.730212069465779e-05
PaySim (comparison),XGBoost,0,0.00013905091327615082
PaySim (comparison),XGBoost,1,0.9999918937683105
PaySim (comparison),XGBoost,1,0.9999970197677612
PaySim (comparison),XGBoost,1,0.9998663663864136
PaySim (comparison),XGBoost,1,0.9918699264526367
PaySim (comparison),XGBoost,1,0.999964714050293
PaySim (comparison),XGBoost,1,0.99893718957901
PaySim (comparison),XGBoost,0,4.561306559480727e-05
PaySim (comparison),XGBoost,1,0.9907811284065247
PaySim (comparison),XGBoost,0,3.2092131732497364e-05
PaySim (comparison),XGBoost,0,8.579189852753188e-06
PaySim (comparison),XGBoost,1,0.9999904632568359
PaySim (comparison),XGBoost,1,0.9999892711639404
PaySim (comparison),XGBoost,0,7.73334177210927e-05
PaySim (comparison),XGBoost,0,0.000509260396938771
PaySim (comparison),XGBoost,1,0.9918545484542847
PaySim (comparison),XGBoost,0,0.00017349515110254288
PaySim (comparison),XGBoost,0,0.00019485829398036003
PaySim (comparison),XGBoost,0,1.4354865925270133e-05
PaySim (comparison),XGBoost,1,0.9998838901519775
PaySim (comparison),XGBoost,1,0.9999732971191406
PaySim (comparison),XGBoost,1,0.9999858140945435
PaySim (comparison),XGBoost,0,7.282337264769012e-06
PaySim (comparison),XGBoost,1,0.9999053478240967
PaySim (comparison),XGBoost,1,0.9999799728393555
PaySim (comparison),XGBoost,1,0.9999948740005493
PaySim (comparison),XGBoost,1,0.9957091808319092
PaySim (comparison),XGBoost,1,0.9988118410110474
PaySim (comparison),XGBoost,0,6.968957313802093e-05
PaySim (comparison),XGBoost,0,8.515976514900103e-05
PaySim (comparison),XGBoost,1,0.9999767541885376
PaySim (comparison),XGBoost,0,5.4001146054361016e-05
PaySim (comparison),XGBoost,1,0.9988811612129211
PaySim (comparison),XGBoost,0,2.4326975108124316e-05
PaySim (comparison),XGBoost,0,2.604771543701645e-05
PaySim (comparison),XGBoost,0,0.0003105622308794409
PaySim (comparison),XGBoost,1,0.999969482421875
PaySim (comparison),XGBoost,1,0.998832643032074
PaySim (comparison),XGBoost,0,1.7156686226371676e-05
PaySim (comparison),XGBoost,1,0.9999961853027344
PaySim (comparison),XGBoost,1,0.9877503514289856
PaySim (comparison),XGBoost,1,0.9999901056289673
PaySim (comparison),XGBoost,1,0.9998989105224609
PaySim (comparison),XGBoost,1,0.9999886751174927
PaySim (comparison),XGBoost,0,0.00037863972829654813
PaySim (comparison),XGBoost,0,0.032221127301454544
PaySim (comparison),XGBoost,1,0.9999964237213135
PaySim (comparison),XGBoost,0,5.947846148046665e-06
PaySim (comparison),XGBoost,0,0.00013323033635970205
PaySim (comparison),XGBoost,0,0.004050177522003651
PaySim (comparison),XGBoost,0,4.325315967435017e-05
PaySim (comparison),XGBoost,0,0.00014676804130431265
PaySim (comparison),XGBoost,1,0.999996542930603
PaySim (comparison),XGBoost,1,0.9996091723442078
PaySim (comparison),XGBoost,0,0.001201194361783564
PaySim (comparison),XGBoost,1,0.9995059967041016
PaySim (comparison),XGBoost,1,0.9999558925628662
PaySim (comparison),XGBoost,1,0.9999933242797852
PaySim (comparison),XGBoost,0,2.4164551177818794e-06
PaySim (comparison),XGBoost,0,2.9902270398451947e-05
PaySim (comparison),XGBoost,0,0.0008820320945233107
PaySim (comparison),XGBoost,0,0.03867938369512558
PaySim (comparison),XGBoost,1,0.999988317489624
PaySim (comparison),XGBoost,0,4.3652980821207166e-06
PaySim (comparison),XGBoost,0,0.0003045226912945509
PaySim (comparison),XGBoost,0,8.23755472083576e-05
PaySim (comparison),XGBoost,1,0.9998606443405151
PaySim (comparison),XGBoost,1,0.9993483424186707
PaySim (comparison),XGBoost,0,0.00021930357615929097
PaySim (comparison),XGBoost,1,0.9999630451202393
PaySim (comparison),XGBoost,0,6.894998136885988e-07
PaySim (comparison),XGBoost,1,0.9999397993087769
PaySim (comparison),XGBoost,1,0.9999951124191284
PaySim (comparison),XGBoost,1,0.9999793767929077
PaySim (comparison),XGBoost,1,0.9999315738677979
PaySim (comparison),XGBoost,1,0.9691051244735718
PaySim (comparison),XGBoost,0,1.5984689525794238e-05
PaySim (comparison),XGBoost,1,0.9999656677246094
PaySim (comparison),XGBoost,1,0.9999774694442749
PaySim (comparison),XGBoost,1,0.9998393058776855
PaySim (comparison),XGBoost,1,0.9998805522918701
PaySim (comparison),XGBoost,1,0.9987996816635132
PaySim (comparison),XGBoost,0,3.9462225686293095e-05
PaySim (comparison),XGBoost,1,0.9999885559082031
PaySim (comparison),XGBoost,1,0.9991236329078674
PaySim (comparison),XGBoost,0,5.155998587724753e-05
PaySim (comparison),XGBoost,0,2.8851231036242098e-05
PaySim (comparison),XGBoost,1,0.9944111704826355
PaySim (comparison),XGBoost,1,0.9999628067016602
PaySim (comparison),XGBoost,1,0.9992844462394714
PaySim (comparison),XGBoost,0,6.234760076040402e-05
PaySim (comparison),XGBoost,1,0.9993075132369995
PaySim (comparison),XGBoost,0,2.6970254111802205e-05
PaySim (comparison),XGBoost,1,0.9999507665634155
PaySim (comparison),XGBoost,0,0.00011164882016601041
PaySim (comparison),XGBoost,1,0.9996880292892456
PaySim (comparison),XGBoost,1,0.9998196959495544
PaySim (comparison),XGBoost,0,1.2682324268098455e-05
PaySim (comparison),XGBoost,0,0.00017638973076827824
PaySim (comparison),XGBoost,1,0.9925179481506348
PaySim (comparison),XGBoost,0,5.103927833260968e-05
PaySim (comparison),XGBoost,1,0.9999936819076538
PaySim (comparison),XGBoost,1,0.9999830722808838
PaySim (comparison),XGBoost,0,0.00016554446483496577
PaySim (comparison),XGBoost,1,0.9999767541885376
PaySim (comparison),XGBoost,0,0.0022386794444173574
PaySim (comparison),XGBoost,1,0.9998869895935059
PaySim (comparison),XGBoost,0,0.00249099126085639
PaySim (comparison),XGBoost,0,5.661361228703754e-06
PaySim (comparison),XGBoost,1,0.9941173791885376
PaySim (comparison),XGBoost,0,2.4585107894381508e-05
PaySim (comparison),XGBoost,0,4.733407877210993e-06
PaySim (comparison),XGBoost,0,8.373216587642673e-06
PaySim (comparison),XGBoost,1,0.9999866485595703
PaySim (comparison),XGBoost,1,0.9999501705169678
PaySim (comparison),XGBoost,1,0.9998620748519897
PaySim (comparison),XGBoost,0,1.9065102605964057e-05
PaySim (comparison),XGBoost,1,0.9998631477355957
PaySim (comparison),XGBoost,0,8.555520253139548e-06
PaySim (comparison),XGBoost,0,1.0537211210248643e-06
PaySim (comparison),XGBoost,0,3.797832277996349e-06
PaySim (comparison),XGBoost,0,4.606910079019144e-05
PaySim (comparison),XGBoost,1,0.1856408715248108
PaySim (comparison),XGBoost,0,0.00034796958789229393
PaySim (comparison),XGBoost,0,1.0657480743248016e-05
PaySim (comparison),XGBoost,0,2.973894697788637e-05
PaySim (comparison),XGBoost,1,0.9999603033065796
PaySim (comparison),XGBoost,0,0.0031077051535248756
PaySim (comparison),XGBoost,0,0.0006100403261370957
PaySim (comparison),XGBoost,0,3.5910543374484405e-05
PaySim (comparison),XGBoost,1,0.9999924898147583
PaySim (comparison),XGBoost,1,0.9999498128890991
PaySim (comparison),XGBoost,1,0.9705671668052673
PaySim (comparison),XGBoost,1,0.9999923706054688
PaySim (comparison),XGBoost,1,0.9984925985336304
PaySim (comparison),XGBoost,1,0.004395628347992897
PaySim (comparison),XGBoost,0,0.062336307018995285
PaySim (comparison),XGBoost,0,2.1824338546139188e-05
PaySim (comparison),XGBoost,1,0.9998279809951782
PaySim (comparison),XGBoost,1,0.9997914433479309
PaySim (comparison),XGBoost,1,0.9999922513961792
PaySim (comparison),XGBoost,0,9.49969489738578e-06
PaySim (comparison),XGBoost,1,0.9999258518218994
PaySim (comparison),XGBoost,0,3.779023245442659e-05
PaySim (comparison),XGBoost,0,9.804086403164547e-06
PaySim (comparison),XGBoost,0,2.092257545882603e-06
PaySim (comparison),XGBoost,1,0.9999827146530151
PaySim (comparison),XGBoost,1,0.9977757334709167
PaySim (comparison),XGBoost,1,0.9999057054519653
PaySim (comparison),XGBoost,0,5.2215211326256394e-05
PaySim (comparison),XGBoost,0,0.0002516103268135339
PaySim (comparison),XGBoost,1,0.9999136924743652
PaySim (comparison),XGBoost,0,0.00025514213484711945
PaySim (comparison),XGBoost,1,0.9999942779541016
PaySim (comparison),XGBoost,0,0.000569220632314682
PaySim (comparison),XGBoost,0,2.4797921014396707e-06
PaySim (comparison),XGBoost,1,0.9996902942657471
PaySim (comparison),XGBoost,1,0.9982632994651794
PaySim (comparison),XGBoost,0,9.380670235259458e-06
PaySim (comparison),XGBoost,0,0.004939780104905367
PaySim (comparison),XGBoost,1,0.9996992349624634
PaySim (comparison),XGBoost,0,6.189395662659081e-07
PaySim (comparison),XGBoost,1,0.9999886751174927
PaySim (comparison),XGBoost,1,0.9999836683273315
PaySim (comparison),XGBoost,1,0.9997883439064026
PaySim (comparison),XGBoost,1,0.9999631643295288
PaySim (comparison),XGBoost,1,0.9999551773071289
PaySim (comparison),XGBoost,0,0.0004292601952329278
PaySim (comparison),XGBoost,1,0.999806821346283
PaySim (comparison),XGBoost,1,0.9992444515228271
PaySim (comparison),XGBoost,0,0.0001867207611212507
PaySim (comparison),XGBoost,0,9.466722985962406e-05
PaySim (comparison),XGBoost,1,0.9999637603759766
PaySim (comparison),XGBoost,0,5.9920374042121693e-05
PaySim (comparison),XGBoost,0,1.6727419279050082e-05
PaySim (comparison),XGBoost,0,4.1851071728160605e-05
PaySim (comparison),XGBoost,1,0.9999737739562988
PaySim (comparison),XGBoost,1,0.9999916553497314
PaySim (comparison),XGBoost,0,1.7540839962748578e-06
PaySim (comparison),XGBoost,1,0.9992967844009399
PaySim (comparison),XGBoost,0,0.015126073732972145
PaySim (comparison),XGBoost,1,0.9999350309371948
PaySim (comparison),XGBoost,0,0.0004050772695336491
PaySim (comparison),XGBoost,0,0.00039266099338419735
PaySim (comparison),XGBoost,1,0.9998301267623901
PaySim (comparison),XGBoost,0,1.608513957762625e-05
PaySim (comparison),XGBoost,0,2.8437092623789795e-05
PaySim (comparison),XGBoost,1,0.9999817609786987
PaySim (comparison),XGBoost,1,0.9999465942382812
PaySim (comparison),XGBoost,1,0.9999700784683228
PaySim (comparison),XGBoost,1,0.9998887777328491
PaySim (comparison),XGBoost,1,0.9999828338623047
PaySim (comparison),XGBoost,0,2.7655630674416898e-06
PaySim (comparison),XGBoost,1,0.9999946355819702
PaySim (comparison),XGBoost,1,0.9999377727508545
PaySim (comparison),XGBoost,0,0.0002733268484007567
PaySim (comparison),XGBoost,1,0.986585259437561
PaySim (comparison),XGBoost,1,0.9998971223831177
PaySim (comparison),XGBoost,1,0.9998949766159058
PaySim (comparison),XGBoost,1,0.9999933242797852
PaySim (comparison),XGBoost,0,0.0008611328667029738
PaySim (comparison),XGBoost,0,0.0024536908604204655
PaySim (comparison),XGBoost,1,0.99997878074646
PaySim (comparison),XGBoost,1,0.9997410178184509
PaySim (comparison),XGBoost,1,0.9999899864196777
PaySim (comparison),XGBoost,1,0.9999821186065674
PaySim (comparison),XGBoost,0,2.884105015255045e-05
PaySim (comparison),XGBoost,0,4.47059610451106e-05
PaySim (comparison),XGBoost,1,0.999645471572876
PaySim (comparison),XGBoost,1,0.9996718168258667
PaySim (comparison),XGBoost,0,0.004559644497931004
PaySim (comparison),XGBoost,0,0.002838444197550416
PaySim (comparison),XGBoost,1,0.7957358956336975
PaySim (comparison),XGBoost,1,0.999974250793457
PaySim (comparison),XGBoost,0,2.0628654965548776e-05
PaySim (comparison),XGBoost,0,0.001884951489046216
PaySim (comparison),XGBoost,1,0.9999936819076538
PaySim (comparison),XGBoost,1,0.9999148845672607
PaySim (comparison),XGBoost,1,0.999993085861206
PaySim (comparison),XGBoost,1,0.9999963045120239
PaySim (comparison),XGBoost,0,4.005089431302622e-05
PaySim (comparison),XGBoost,1,0.9999828338623047
PaySim (comparison),XGBoost,1,0.9999352693557739
PaySim (comparison),XGBoost,0,7.778086001053452e-05
PaySim (comparison),XGBoost,0,0.0021376009099185467
PaySim (comparison),XGBoost,0,0.0003487648209556937
PaySim (comparison),XGBoost,1,0.9999920129776001
PaySim (comparison),XGBoost,0,0.000318677572067827
PaySim (comparison),XGBoost,1,0.9999921321868896
PaySim (comparison),XGBoost,1,0.999971866607666
PaySim (comparison),XGBoost,1,0.9998384714126587
PaySim (comparison),XGBoost,1,0.9999645948410034
PaySim (comparison),XGBoost,1,0.9999934434890747
PaySim (comparison),XGBoost,1,0.9997947812080383
PaySim (comparison),XGBoost,1,0.9993708729743958
PaySim (comparison),XGBoost,0,9.358625902677886e-06
PaySim (comparison),XGBoost,0,4.0533261199016124e-05
PaySim (comparison),XGBoost,0,6.798631511628628e-05
PaySim (comparison),XGBoost,0,3.0105824407655746e-05
PaySim (comparison),XGBoost,0,4.135530980420299e-05
PaySim (comparison),XGBoost,1,0.9999414682388306
PaySim (comparison),XGBoost,0,4.12798544857651e-05
PaySim (comparison),XGBoost,0,7.86305099609308e-05
PaySim (comparison),XGBoost,1,0.999993085861206
PaySim (comparison),XGBoost,0,0.00014068587915971875
PaySim (comparison),XGBoost,1,0.9974713325500488
PaySim (comparison),XGBoost,1,0.9999709129333496
PaySim (comparison),XGBoost,0,0.0017736261943355203
PaySim (comparison),XGBoost,1,0.9960913062095642
PaySim (comparison),XGBoost,1,0.9999622106552124
PaySim (comparison),XGBoost,0,0.0005021540564484894
PaySim (comparison),XGBoost,1,0.999962329864502
PaySim (comparison),XGBoost,0,2.6191669348918367e-06
PaySim (comparison),XGBoost,1,0.9997907280921936
PaySim (comparison),XGBoost,0,3.112114063696936e-05
PaySim (comparison),XGBoost,0,2.8645776183111593e-05
PaySim (comparison),XGBoost,0,0.0002422402467345819
PaySim (comparison),XGBoost,1,0.9999808073043823
PaySim (comparison),XGBoost,1,0.9998906850814819
PaySim (comparison),XGBoost,1,0.9999899864196777
PaySim (comparison),XGBoost,1,0.9991637468338013
PaySim (comparison),XGBoost,1,0.9999936819076538
PaySim (comparison),XGBoost,0,9.523433618596755e-06
PaySim (comparison),XGBoost,0,6.42184168100357e-05
PaySim (comparison),XGBoost,1,0.999993085861206
PaySim (comparison),XGBoost,0,0.00637710141018033
PaySim (comparison),XGBoost,0,0.0018818008247762918
PaySim (comparison),XGBoost,0,0.00016628326557110995
PaySim (comparison),XGBoost,0,0.00052185810636729
PaySim (comparison),XGBoost,1,0.9999513626098633
PaySim (comparison),XGBoost,1,0.9999864101409912
PaySim (comparison),XGBoost,1,0.9999969005584717
PaySim (comparison),XGBoost,0,0.0076433997601270676
PaySim (comparison),XGBoost,1,0.9998797178268433
PaySim (comparison),XGBoost,0,1.9290935597382486e-05
PaySim (comparison),XGBoost,1,0.9974554181098938
PaySim (comparison),XGBoost,0,0.00047115710913203657
PaySim (comparison),XGBoost,0,2.603398343126173e-06
PaySim (comparison),XGBoost,0,6.4406222008983605e-06
PaySim (comparison),XGBoost,1,0.9999855756759644
PaySim (comparison),XGBoost,0,0.00017772259889170527
PaySim (comparison),XGBoost,0,0.00010632996418280527
PaySim (comparison),XGBoost,0,2.3056783902575262e-05
PaySim (comparison),XGBoost,1,0.9997765421867371
PaySim (comparison),XGBoost,0,7.667187674087472e-06
PaySim (comparison),XGBoost,0,0.00016696770035196096
PaySim (comparison),XGBoost,1,0.9999712705612183
PaySim (comparison),XGBoost,1,0.9979902505874634
PaySim (comparison),XGBoost,0,0.00012966767826583236
PaySim (comparison),XGBoost,0,2.1799338355776854e-05
PaySim (comparison),XGBoost,1,0.9999920129776001
PaySim (comparison),XGBoost,1,0.9997791647911072
PaySim (comparison),XGBoost,1,0.9999926090240479
PaySim (comparison),XGBoost,0,4.6240096708061174e-05
PaySim (comparison),XGBoost,0,4.251058999216184e-05
PaySim (comparison),XGBoost,0,1.9879571482306346e-05
PaySim (comparison),XGBoost,1,0.9999758005142212
PaySim (comparison),XGBoost,1,0.9999806880950928
PaySim (comparison),XGBoost,0,9.23259631235851e-06
PaySim (comparison),XGBoost,1,0.9999903440475464
PaySim (comparison),XGBoost,0,9.210431016981602e-05
PaySim (comparison),XGBoost,1,0.9999097585678101
PaySim (comparison),XGBoost,0,4.867265306529589e-05
PaySim (comparison),XGBoost,1,0.9999797344207764
PaySim (comparison),XGBoost,0,3.539803969943023e-07
PaySim (comparison),XGBoost,0,7.781870226608589e-05
PaySim (comparison),XGBoost,1,0.999927282333374
PaySim (comparison),XGBoost,1,0.9999631643295288
PaySim (comparison),XGBoost,1,0.9999790191650391
PaySim (comparison),XGBoost,0,2.5468563762842678e-05
PaySim (comparison),XGBoost,1,0.999995231628418
PaySim (comparison),XGBoost,0,0.0005230674869380891
PaySim (comparison),XGBoost,1,0.9998493194580078
PaySim (comparison),XGBoost,0,0.0003831294015981257
PaySim (comparison),XGBoost,1,0.9999632835388184
PaySim (comparison),XGBoost,1,0.9998939037322998
PaySim (comparison),XGBoost,0,1.1264601198490709e-05
PaySim (comparison),XGBoost,1,0.999990701675415
PaySim (comparison),XGBoost,0,0.0006946399807929993
PaySim (comparison),XGBoost,1,0.9999946355819702
PaySim (comparison),XGBoost,1,0.9999328851699829
PaySim (comparison),XGBoost,0,4.260234709363431e-05
PaySim (comparison),XGBoost,0,6.532807219628012e-06
PaySim (comparison),XGBoost,0,0.0034508774988353252
PaySim (comparison),XGBoost,0,3.3855023502837867e-05
PaySim (comparison),XGBoost,0,9.474227408645675e-05
PaySim (comparison),XGBoost,0,9.167268581222743e-05
PaySim (comparison),XGBoost,1,0.9993615746498108
PaySim (comparison),XGBoost,1,0.9929030537605286
PaySim (comparison),XGBoost,1,0.9993543028831482
PaySim (comparison),XGBoost,1,0.9999934434890747
PaySim (comparison),XGBoost,1,0.9995070695877075
PaySim (comparison),XGBoost,1,0.9999761581420898
PaySim (comparison),XGBoost,0,0.00042253322317264974
PaySim (comparison),XGBoost,1,0.9985706806182861
PaySim (comparison),XGBoost,1,0.9998001456260681
PaySim (comparison),XGBoost,1,0.999984860420227
PaySim (comparison),XGBoost,0,4.110525424039224e-06
PaySim (comparison),XGBoost,1,0.9999184608459473
PaySim (comparison),XGBoost,1,0.9999635219573975
PaySim (comparison),XGBoost,1,0.9999936819076538
PaySim (comparison),XGBoost,1,0.9998633861541748
PaySim (comparison),XGBoost,0,1.7363308870699257e-05
PaySim (comparison),XGBoost,0,3.283892874605954e-05
PaySim (comparison),XGBoost,1,0.9998873472213745
PaySim (comparison),XGBoost,0,6.125731306383386e-05
PaySim (comparison),XGBoost,1,0.9999303817749023
PaySim (comparison),XGBoost,1,0.9985861778259277
PaySim (comparison),XGBoost,0,4.697769327322021e-05
PaySim (comparison),XGBoost,1,0.9940289258956909
PaySim (comparison),XGBoost,1,0.9999693632125854
PaySim (comparison),XGBoost,1,0.9978470802307129
PaySim (comparison),XGBoost,1,0.9999902248382568
PaySim (comparison),XGBoost,1,0.9999263286590576
PaySim (comparison),XGBoost,1,0.9999933242797852
PaySim (comparison),XGBoost,0,0.00029458056087605655
PaySim (comparison),XGBoost,0,5.9532390878302976e-05
PaySim (comparison),XGBoost,1,0.9999288320541382
PaySim (comparison),XGBoost,1,0.9999959468841553
PaySim (comparison),XGBoost,1,0.9999706745147705
PaySim (comparison),XGBoost,1,7.358102448051795e-05
PaySim (comparison),XGBoost,0,0.00017539586406201124
PaySim (comparison),XGBoost,0,0.0011574428062886
PaySim (comparison),XGBoost,0,1.346730914519867e-05
PaySim (comparison),XGBoost,1,0.9999256134033203
PaySim (comparison),XGBoost,1,0.9999963045120239
PaySim (comparison),XGBoost,0,5.586457973549841e-06
PaySim (comparison),XGBoost,1,0.9895070195198059
PaySim (comparison),XGBoost,0,0.00043697349610738456
PaySim (comparison),XGBoost,0,9.305111598223448e-05
PaySim (comparison),XGBoost,1,0.9999866485595703
PaySim (comparison),XGBoost,1,0.9999290704727173
PaySim (comparison),XGBoost,1,0.9992634654045105
PaySim (comparison),XGBoost,0,0.002977116499096155
PaySim (comparison),XGBoost,1,0.999962329864502
PaySim (comparison),XGBoost,1,0.9999769926071167
PaySim (comparison),XGBoost,0,2.2494095901492983e-05
PaySim (comparison),XGBoost,0,0.000266604678472504
PaySim (comparison),XGBoost,1,0.9999932050704956
PaySim (comparison),XGBoost,1,0.9995635151863098
PaySim (comparison),XGBoost,0,2.597798447823152e-05
PaySim (comparison),XGBoost,1,0.991063117980957
PaySim (comparison),XGBoost,1,0.9985859394073486
PaySim (comparison),XGBoost,0,3.054491116927238e-06
PaySim (comparison),XGBoost,1,0.9999955892562866
PaySim (comparison),XGBoost,1,0.9993705153465271
PaySim (comparison),XGBoost,0,0.042335689067840576
PaySim (comparison),XGBoost,0,1.0005312105931807e-05
PaySim (comparison),XGBoost,0,0.0001080394649761729
PaySim (comparison),XGBoost,0,4.535182597464882e-05
PaySim (comparison),XGBoost,0,0.005545973312109709
PaySim (comparison),XGBoost,1,0.9999713897705078
PaySim (comparison),XGBoost,0,1.359999987471383e-05
PaySim (comparison),XGBoost,0,8.501825504936278e-05
PaySim (comparison),XGBoost,0,0.0005548412445932627
PaySim (comparison),XGBoost,1,0.9995666146278381
PaySim (comparison),XGBoost,0,0.00034260572283528745
PaySim (comparison),XGBoost,0,7.838749297661707e-05
PaySim (comparison),XGBoost,0,0.00010504262172617018
PaySim (comparison),XGBoost,0,2.5086445020860992e-05
PaySim (comparison),XGBoost,0,0.003945481963455677
PaySim (comparison),XGBoost,0,1.4860785086057149e-05
PaySim (comparison),XGBoost,1,0.9999853372573853
PaySim (comparison),XGBoost,0,3.5121785913361236e-05
PaySim (comparison),XGBoost,1,0.9999561309814453
PaySim (comparison),XGBoost,1,0.9999814033508301
PaySim (comparison),XGBoost,0,1.4107917195360642e-05
PaySim (comparison),XGBoost,1,0.9990823268890381
PaySim (comparison),XGBoost,1,0.9963609576225281
PaySim (comparison),XGBoost,1,0.9998766183853149
PaySim (comparison),XGBoost,1,0.9986549615859985
PaySim (comparison),XGBoost,1,0.9999852180480957
PaySim (comparison),XGBoost,1,0.9999922513961792
PaySim (comparison),XGBoost,0,2.93761240754975e-05
PaySim (comparison),XGBoost,0,0.028197595849633217
PaySim (comparison),XGBoost,0,6.960343307582662e-05
PaySim (comparison),XGBoost,0,2.332111216674093e-05
PaySim (comparison),XGBoost,0,1.663427974563092e-05
PaySim (comparison),XGBoost,1,0.9998681545257568
PaySim (comparison),XGBoost,1,0.9998177886009216
PaySim (comparison),XGBoost,0,0.00019395574054215103
PaySim (comparison),XGBoost,1,0.9999626874923706
PaySim (comparison),XGBoost,1,0.9918678402900696
PaySim (comparison),XGBoost,0,5.5855194659670815e-05
PaySim (comparison),XGBoost,1,0.9998763799667358
PaySim (comparison),XGBoost,1,0.9999892711639404
PaySim (comparison),XGBoost,0,9.71923946053721e-05
PaySim (comparison),XGBoost,1,0.9998965263366699
PaySim (comparison),XGBoost,1,0.9999886751174927
PaySim (comparison),XGBoost,1,0.9999434947967529
PaySim (comparison),XGBoost,1,0.978358805179596
PaySim (comparison),XGBoost,1,0.9998781681060791
PaySim (comparison),XGBoost,1,0.9997460246086121
PaySim (comparison),XGBoost,1,0.9975895881652832
PaySim (comparison),XGBoost,0,1.3283301086630672e-05
PaySim (comparison),XGBoost,0,4.664705556933768e-06
PaySim (comparison),XGBoost,1,0.9999945163726807
PaySim (comparison),XGBoost,0,0.0004133371985517442
PaySim (comparison),XGBoost,1,0.9989020824432373
PaySim (comparison),XGBoost,0,0.00017641093290876597
PaySim (comparison),XGBoost,1,0.9997859597206116
PaySim (comparison),XGBoost,1,0.9999830722808838
PaySim (comparison),XGBoost,1,0.9999949932098389
PaySim (comparison),XGBoost,0,2.2263076971285045e-05
PaySim (comparison),XGBoost,0,0.00028766613104380667
PaySim (comparison),XGBoost,1,0.998916745185852
PaySim (comparison),XGBoost,0,0.03620585799217224
PaySim (comparison),XGBoost,1,0.9998076558113098
PaySim (comparison),XGBoost,1,0.9999920129776001
PaySim (comparison),XGBoost,1,0.9999947547912598
PaySim (comparison),XGBoost,0,1.4513954056383227e-06
PaySim (comparison),XGBoost,0,3.750903488253243e-05
PaySim (comparison),XGBoost,1,0.99957674741745
PaySim (comparison),XGBoost,0,0.010799884796142578
PaySim (comparison),XGBoost,0,3.3768286812119186e-05
PaySim (comparison),XGBoost,1,0.9999954700469971
PaySim (comparison),XGBoost,0,0.00010032598947873339
PaySim (comparison),XGBoost,1,0.99628746509552
PaySim (comparison),XGBoost,0,3.25763612636365e-05
PaySim (comparison),XGBoost,1,0.9999943971633911
PaySim (comparison),XGBoost,1,0.9999346733093262
PaySim (comparison),XGBoost,1,0.9999538660049438
PaySim (comparison),XGBoost,1,0.9999915361404419
PaySim (comparison),XGBoost,1,0.9994385838508606
PaySim (comparison),XGBoost,0,0.009034228511154652
PaySim (comparison),XGBoost,1,0.9999936819076538
PaySim (comparison),XGBoost,1,0.9990507960319519
PaySim (comparison),XGBoost,0,0.0001914420718094334
PaySim (comparison),XGBoost,1,0.9871218800544739
PaySim (comparison),XGBoost,0,5.0552363973110914e-05
PaySim (comparison),XGBoost,1,0.9986923336982727
PaySim (comparison),XGBoost,1,0.9999954700469971
PaySim (comparison),XGBoost,0,6.035829574102536e-05
PaySim (comparison),XGBoost,1,0.999923586845398
PaySim (comparison),XGBoost,0,4.7554603952448815e-06
PaySim (comparison),XGBoost,0,6.331778877211036e-06
PaySim (comparison),XGBoost,1,0.9999794960021973
PaySim (comparison),XGBoost,0,0.00032625222229398787
PaySim (comparison),XGBoost,1,0.9988746047019958
PaySim (comparison),XGBoost,1,0.9536201357841492
PaySim (comparison),XGBoost,1,0.9999945163726807
PaySim (comparison),XGBoost,0,7.076327165123075e-06
PaySim (comparison),XGBoost,1,0.9999741315841675
PaySim (comparison),XGBoost,1,0.8634966015815735
PaySim (comparison),XGBoost,0,0.0003218146157450974
PaySim (comparison),XGBoost,0,2.517634493415244e-05
PaySim (comparison),XGBoost,1,0.9924586415290833
PaySim (comparison),XGBoost,0,0.00012534671986941248
PaySim (comparison),XGBoost,1,0.9998636245727539
PaySim (comparison),XGBoost,0,3.21837956107629e-06
PaySim (comparison),XGBoost,0,1.7083835700759664e-05
PaySim (comparison),XGBoost,0,6.106210639700294e-05
PaySim (comparison),XGBoost,1,0.9999841451644897
PaySim (comparison),XGBoost,1,0.995899498462677
PaySim (comparison),XGBoost,0,0.00015285896370187402
PaySim (comparison),XGBoost,0,2.122911791957449e-05
PaySim (comparison),XGBoost,1,0.9999867677688599
PaySim (comparison),XGBoost,0,4.1377479647053406e-05
PaySim (comparison),XGBoost,0,4.1699287976371124e-05
PaySim (comparison),XGBoost,0,0.09326159954071045
PaySim (comparison),XGBoost,0,3.512275725370273e-05
PaySim (comparison),XGBoost,0,1.0917852705460973e-05
PaySim (comparison),XGBoost,0,1.7338834368274547e-05
PaySim (comparison),XGBoost,0,0.0008648340008221567
PaySim (comparison),XGBoost,1,0.9999425411224365
PaySim (comparison),XGBoost,1,0.9983225464820862
PaySim (comparison),XGBoost,0,2.0649163161579054e-06
PaySim (comparison),XGBoost,0,4.3612879380816594e-05
PaySim (comparison),XGBoost,1,0.999699592590332
PaySim (comparison),XGBoost,0,1.196048833662644e-05
PaySim (comparison),XGBoost,1,0.9999493360519409
PaySim (comparison),XGBoost,0,8.71436859597452e-05
PaySim (comparison),XGBoost,0,4.940817962051369e-05
PaySim (comparison),XGBoost,0,4.64956319774501e-05
PaySim (comparison),XGBoost,0,4.943339718010975e-06
PaySim (comparison),XGBoost,1,0.999993085861206
PaySim (comparison),XGBoost,0,0.005581457633525133
PaySim (comparison),XGBoost,0,0.0008941963315010071
PaySim (comparison),XGBoost,1,0.9999178647994995
PaySim (comparison),XGBoost,0,0.00014801888028159738
PaySim (comparison),XGBoost,0,2.738007424341049e-05
PaySim (comparison),XGBoost,1,0.9999806880950928
PaySim (comparison),XGBoost,1,0.9999698400497437
PaySim (comparison),XGBoost,1,0.999990701675415
PaySim (comparison),XGBoost,0,0.00029996474040672183
PaySim (comparison),XGBoost,0,3.124466820736416e-05
PaySim (comparison),XGBoost,1,0.9999687671661377
PaySim (comparison),XGBoost,1,0.9998650550842285
PaySim (comparison),XGBoost,0,2.3096881704987027e-05
PaySim (comparison),XGBoost,1,0.9983929991722107
PaySim (comparison),XGBoost,1,0.9999946355819702
PaySim (comparison),XGBoost,0,0.00015625478408765048
PaySim (comparison),XGBoost,0,4.881307540927082e-05
PaySim (comparison),XGBoost,0,0.0001300418662140146
PaySim (comparison),XGBoost,1,0.9999963045120239
PaySim (comparison),XGBoost,1,0.9997325539588928
PaySim (comparison),XGBoost,0,2.9261376766953617e-05
PaySim (comparison),XGBoost,1,0.9999858140945435
PaySim (comparison),XGBoost,1,0.9999943971633911
PaySim (comparison),XGBoost,0,0.0015304347034543753
PaySim (comparison),XGBoost,0,0.0004093809111509472
PaySim (comparison),XGBoost,0,1.0182282494497485e-05
PaySim (comparison),XGBoost,1,0.9986163377761841
PaySim (comparison),XGBoost,0,0.0001509918220108375
PaySim (comparison),XGBoost,0,4.8823781980900094e-05
PaySim (comparison),XGBoost,1,0.9999933242797852
PaySim (comparison),XGBoost,0,9.468616553931497e-06
PaySim (comparison),XGBoost,0,1.8410293705528602e-05
PaySim (comparison),XGBoost,0,0.00011638486466836184
PaySim (comparison),XGBoost,1,0.999947190284729
PaySim (comparison),XGBoost,0,0.00012492800306063145
PaySim (comparison),XGBoost,0,6.701747679471737e-06
PaySim (comparison),XGBoost,1,0.9999470710754395
PaySim (comparison),XGBoost,0,0.0001403046044288203
PaySim (comparison),XGBoost,1,0.9996931552886963
PaySim (comparison),XGBoost,1,0.9999868869781494
PaySim (comparison),XGBoost,0,0.001255734357982874
PaySim (comparison),XGBoost,0,5.609443542198278e-05
PaySim (comparison),XGBoost,0,2.1209245460340753e-05
PaySim (comparison),XGBoost,0,1.4024546544533223e-05
PaySim (comparison),XGBoost,1,0.9999938011169434
PaySim (comparison),XGBoost,1,0.9996416568756104
PaySim (comparison),XGBoost,1,0.9999401569366455
PaySim (comparison),XGBoost,0,2.1494333850569092e-05
PaySim (comparison),XGBoost,0,2.8272175768506713e-05
PaySim (comparison),XGBoost,0,0.005424233619123697
PaySim (comparison),XGBoost,1,0.9998456239700317
PaySim (comparison),XGBoost,0,0.07302726805210114
PaySim (comparison),XGBoost,1,0.9999386072158813
PaySim (comparison),XGBoost,0,0.009463789872825146
PaySim (comparison),XGBoost,0,0.00018498093413654715
PaySim (comparison),XGBoost,1,0.9954885840415955
PaySim (comparison),XGBoost,1,0.9995604157447815
PaySim (comparison),XGBoost,1,0.9999704360961914
PaySim (comparison),XGBoost,0,0.0017594920936971903
PaySim (comparison),XGBoost,0,7.676370296394452e-05
PaySim (comparison),XGBoost,0,0.004001081921160221
PaySim (comparison),XGBoost,1,0.9999731779098511
PaySim (comparison),XGBoost,0,0.041327379643917084
PaySim (comparison),XGBoost,1,0.9999302625656128
PaySim (comparison),XGBoost,0,0.0004718802811112255
PaySim (comparison),XGBoost,0,0.00010598426888464019
PaySim (comparison),XGBoost,0,9.035107723320834e-06
PaySim (comparison),XGBoost,0,0.002032728400081396
PaySim (comparison),XGBoost,1,0.9999936819076538
PaySim (comparison),XGBoost,0,0.0007499658386223018
PaySim (comparison),XGBoost,0,8.522491043549962e-06
PaySim (comparison),XGBoost,1,0.9998680353164673
PaySim (comparison),XGBoost,1,0.9997424483299255
PaySim (comparison),XGBoost,0,3.4762841096380726e-05
PaySim (comparison),XGBoost,1,0.999993085861206
PaySim (comparison),XGBoost,1,0.9998192191123962
PaySim (comparison),XGBoost,1,0.9999927282333374
PaySim (comparison),XGBoost,0,0.0030965497717261314
PaySim (comparison),XGBoost,1,0.9999823570251465
PaySim (comparison),XGBoost,1,0.9904882907867432
PaySim (comparison),XGBoost,0,1.0471951100043952e-05
PaySim (comparison),XGBoost,1,0.9995649456977844
PaySim (comparison),XGBoost,0,7.5960965659760404e-06
PaySim (comparison),XGBoost,1,0.9979269504547119
PaySim (comparison),XGBoost,0,1.3495017583409208e-06
PaySim (comparison),XGBoost,1,0.999931812286377
PaySim (comparison),XGBoost,0,0.00015207593969535083
PaySim (comparison),XGBoost,0,4.7455108870053664e-05
PaySim (comparison),XGBoost,0,3.282093985035317e-06
PaySim (comparison),XGBoost,1,0.999690055847168
PaySim (comparison),XGBoost,1,0.9999707937240601
PaySim (comparison),XGBoost,0,1.891574720502831e-05
PaySim (comparison),XGBoost,1,0.9998766183853149
PaySim (comparison),XGBoost,1,0.9999524354934692
PaySim (comparison),XGBoost,0,3.352033672854304e-05
PaySim (comparison),XGBoost,1,0.9999947547912598
PaySim (comparison),XGBoost,1,0.9998517036437988
PaySim (comparison),XGBoost,1,0.9999836683273315
PaySim (comparison),XGBoost,0,2.8233536795596592e-05
PaySim (comparison),XGBoost,1,0.9999570846557617
PaySim (comparison),XGBoost,0,4.2588577343849465e-05
PaySim (comparison),XGBoost,1,0.9998648166656494
PaySim (comparison),XGBoost,0,0.0001659254776313901
PaySim (comparison),XGBoost,1,0.9996474981307983
PaySim (comparison),XGBoost,0,0.000121290773677174
PaySim (comparison),XGBoost,1,0.999996542930603
PaySim (comparison),XGBoost,0,7.657075002498459e-06
PaySim (comparison),XGBoost,0,3.782405474339612e-05
PaySim (comparison),XGBoost,0,8.589246135670692e-05
PaySim (comparison),XGBoost,1,0.9999927282333374
PaySim (comparison),XGBoost,0,0.9717873334884644
PaySim (comparison),XGBoost,1,0.9999217987060547
PaySim (comparison),XGBoost,0,2.9446102416841313e-05
PaySim (comparison),XGBoost,1,0.999860405921936
PaySim (comparison),XGBoost,1,0.9999954700469971
PaySim (comparison),XGBoost,0,3.344504511915147e-05
PaySim (comparison),XGBoost,1,0.999942421913147
PaySim (comparison),XGBoost,0,2.2014895876054652e-05
PaySim (comparison),XGBoost,1,0.9916118383407593
PaySim (comparison),XGBoost,1,0.9981043338775635
PaySim (comparison),XGBoost,0,0.00029223388992249966
PaySim (comparison),XGBoost,0,2.3653459720662795e-05
PaySim (comparison),XGBoost,0,4.894666562904604e-05
PaySim (comparison),XGBoost,0,5.879488162463531e-05
PaySim (comparison),XGBoost,1,0.9990562796592712
PaySim (comparison),XGBoost,0,2.1280418877722695e-05
PaySim (comparison),XGBoost,0,6.39451973256655e-05
PaySim (comparison),XGBoost,1,0.9998977184295654
PaySim (comparison),XGBoost,0,8.024518319871277e-05
PaySim (comparison),XGBoost,1,0.9449223875999451
PaySim (comparison),XGBoost,1,0.9999969005584717
PaySim (comparison),XGBoost,1,0.9989659786224365
PaySim (comparison),XGBoost,1,0.9999278783798218
PaySim (comparison),XGBoost,1,0.9997771382331848
PaySim (comparison),XGBoost,0,7.018000906100497e-05
PaySim (comparison),XGBoost,0,5.212862561165821e-06
PaySim (comparison),XGBoost,0,6.565538205904886e-05
PaySim (comparison),XGBoost,1,0.9998385906219482
PaySim (comparison),XGBoost,0,8.38045816635713e-05
PaySim (comparison),XGBoost,1,0.9998719692230225
PaySim (comparison),XGBoost,0,4.7590128815500066e-06
PaySim (comparison),XGBoost,1,0.9388967752456665
PaySim (comparison),XGBoost,0,5.11595317220781e-06
PaySim (comparison),XGBoost,0,9.491544187767431e-05
PaySim (comparison),XGBoost,1,0.9999691247940063
PaySim (comparison),XGBoost,0,0.0007529552094638348
PaySim (comparison),XGBoost,0,8.320600500155706e-06
PaySim (comparison),XGBoost,0,3.1333111110143363e-05
PaySim (comparison),XGBoost,0,1.105820501834387e-05
PaySim (comparison),XGBoost,1,0.9392547607421875
PaySim (comparison),XGBoost,1,0.9994420409202576
PaySim (comparison),XGBoost,0,9.137068445852492e-06
PaySim (comparison),XGBoost,1,0.9688817262649536
PaySim (comparison),XGBoost,0,0.00012427179899532348
PaySim (comparison),XGBoost,1,0.9999885559082031
PaySim (comparison),XGBoost,0,7.506383099098457e-06
PaySim (comparison),XGBoost,1,0.9868725538253784
PaySim (comparison),XGBoost,1,0.999996542930603
PaySim (comparison),XGBoost,0,4.635335244529415e-06
PaySim (comparison),XGBoost,0,2.2975615138420835e-05
PaySim (comparison),XGBoost,0,0.00025895299040712416
PaySim (comparison),XGBoost,0,0.00041658300324343145
PaySim (comparison),XGBoost,0,3.2299994927598163e-05
PaySim (comparison),XGBoost,0,3.424915121286176e-05
PaySim (comparison),XGBoost,1,0.9998811483383179
PaySim (comparison),XGBoost,1,0.9988164901733398
PaySim (comparison),XGBoost,0,8.665015047881752e-05
PaySim (comparison),XGBoost,0,0.00011762452049879357
PaySim (comparison),XGBoost,1,0.9985840320587158
PaySim (comparison),XGBoost,0,6.925993511686102e-05
PaySim (comparison),XGBoost,0,2.690395194804296e-05
PaySim (comparison),XGBoost,0,0.027209952473640442
PaySim (comparison),XGBoost,1,0.9768058061599731
PaySim (comparison),XGBoost,0,0.04427998140454292
PaySim (comparison),XGBoost,1,0.9999842643737793
PaySim (comparison),XGBoost,0,0.052591364830732346
PaySim (comparison),XGBoost,0,9.145125659415498e-05
PaySim (comparison),XGBoost,1,0.9999450445175171
PaySim (comparison),XGBoost,0,0.004793681204319
PaySim (comparison),XGBoost,1,0.9999140501022339
PaySim (comparison),XGBoost,1,0.9999014139175415
PaySim (comparison),XGBoost,1,0.9999240636825562
PaySim (comparison),XGBoost,0,6.7688897615880705e-06
PaySim (comparison),XGBoost,0,0.000827538373414427
PaySim (comparison),XGBoost,0,0.0006766668520867825
PaySim (comparison),XGBoost,0,2.5806792109506205e-05
PaySim (comparison),XGBoost,1,0.9999958276748657
PaySim (comparison),XGBoost,0,0.00010124011896550655
PaySim (comparison),XGBoost,1,0.9999421834945679
PaySim (comparison),XGBoost,1,0.9993521571159363
PaySim (comparison),XGBoost,1,0.9999847412109375
PaySim (comparison),XGBoost,0,1.1707475096045528e-05
PaySim (comparison),XGBoost,0,0.03810587525367737
PaySim (comparison),XGBoost,0,0.00035981208202429116
PaySim (comparison),XGBoost,1,0.9999912977218628
PaySim (comparison),XGBoost,1,0.9999858140945435
PaySim (comparison),XGBoost,0,9.778662206372246e-05
PaySim (comparison),XGBoost,0,0.9779000878334045
PaySim (comparison),XGBoost,1,0.0010079751955345273
PaySim (comparison),XGBoost,1,0.999992847442627
PaySim (comparison),XGBoost,1,0.999040424823761
PaySim (comparison),XGBoost,0,7.697048567933962e-05
PaySim (comparison),XGBoost,1,0.9999915361404419
PaySim (comparison),XGBoost,1,0.9630260467529297
PaySim (comparison),XGBoost,0,0.0019739922136068344
PaySim (comparison),XGBoost,1,0.9999724626541138
PaySim (comparison),XGBoost,1,0.9997201561927795
PaySim (comparison),XGBoost,1,0.9930740594863892
PaySim (comparison),XGBoost,0,9.516233149042819e-06
PaySim (comparison),XGBoost,1,0.9932515025138855
PaySim (comparison),XGBoost,0,2.300826417922508e-05
PaySim (comparison),XGBoost,1,0.9997420907020569
PaySim (comparison),XGBoost,1,0.9877778887748718
PaySim (comparison),XGBoost,0,2.3656932171434164e-05
PaySim (comparison),XGBoost,1,0.9963865280151367
PaySim (comparison),XGBoost,1,0.993914783000946
PaySim (comparison),XGBoost,1,0.9999963045120239
PaySim (comparison),XGBoost,0,1.3428488273348194e-05
PaySim (comparison),XGBoost,1,0.9997798800468445
PaySim (comparison),XGBoost,1,0.9996646642684937
PaySim (comparison),XGBoost,0,0.0007874381844885647
PaySim (comparison),XGBoost,0,6.614662197534926e-06
PaySim (comparison),XGBoost,1,0.9999854564666748
PaySim (comparison),XGBoost,0,2.0773717551492155e-05
PaySim (comparison),XGBoost,1,0.9947380423545837
PaySim (comparison),XGBoost,1,0.999721348285675
PaySim (comparison),XGBoost,0,1.9973884263890795e-05
PaySim (comparison),XGBoost,0,0.0005929204635322094
PaySim (comparison),XGBoost,0,7.953621388878673e-05
PaySim (comparison),XGBoost,1,0.9999324083328247
PaySim (comparison),XGBoost,0,7.075839675962925e-05
PaySim (comparison),XGBoost,1,0.9998699426651001
PaySim (comparison),XGBoost,0,1.6224843420786783e-05
PaySim (comparison),XGBoost,1,0.9969724416732788
PaySim (comparison),XGBoost,0,2.0417632185854018e-05
PaySim (comparison),XGBoost,0,0.14974477887153625
PaySim (comparison),XGBoost,1,0.9999628067016602
PaySim (comparison),XGBoost,0,1.1581369108171202e-05
PaySim (comparison),XGBoost,1,0.9994972944259644
PaySim (comparison),XGBoost,1,0.9892014265060425
PaySim (comparison),XGBoost,0,0.00012329519086051732
PaySim (comparison),XGBoost,1,0.9997848868370056
PaySim (comparison),XGBoost,0,0.0001168462258647196
PaySim (comparison),XGBoost,0,5.591578519670293e-05
PaySim (comparison),XGBoost,0,0.0004751039668917656
PaySim (comparison),XGBoost,1,0.9999241828918457
PaySim (comparison),XGBoost,0,2.6780642656376585e-05
PaySim (comparison),XGBoost,0,0.00021918652055319399
PaySim (comparison),XGBoost,0,0.00016418358427472413
PaySim (comparison),XGBoost,1,0.9995154142379761
PaySim (comparison),XGBoost,1,0.9999780654907227
PaySim (comparison),XGBoost,1,0.9984989166259766
PaySim (comparison),XGBoost,1,0.9999699592590332
PaySim (comparison),XGBoost,0,0.0001496530749136582
PaySim (comparison),XGBoost,1,0.9999947547912598
PaySim (comparison),XGBoost,1,0.9986588954925537
PaySim (comparison),XGBoost,1,0.9999914169311523
PaySim (comparison),XGBoost,1,0.9963902831077576
PaySim (comparison),XGBoost,1,0.999974250793457
PaySim (comparison),XGBoost,0,0.00017436618509236723
PaySim (comparison),XGBoost,1,0.9999608993530273
PaySim (comparison),XGBoost,1,0.9999845027923584
PaySim (comparison),XGBoost,1,0.9999957084655762
PaySim (comparison),XGBoost,0,0.00010595001367619261
PaySim (comparison),XGBoost,1,0.9992664456367493
PaySim (comparison),XGBoost,0,0.000150782783748582
PaySim (comparison),XGBoost,1,0.9998828172683716
PaySim (comparison),XGBoost,1,0.9999346733093262
PaySim (comparison),XGBoost,0,5.636092464555986e-05
PaySim (comparison),XGBoost,1,0.9999923706054688
PaySim (comparison),XGBoost,1,0.9999886751174927
PaySim (comparison),XGBoost,0,0.00020257977303117514
PaySim (comparison),XGBoost,1,0.9989670515060425
PaySim (comparison),XGBoost,1,0.9999759197235107
PaySim (comparison),XGBoost,1,0.9996671676635742
PaySim (comparison),XGBoost,0,0.00010086230031447485
PaySim (comparison),XGBoost,0,9.801524356589653e-06
PaySim (comparison),XGBoost,1,0.9999222755432129
PaySim (comparison),XGBoost,1,0.9999111890792847
PaySim (comparison),XGBoost,0,0.0003251182788517326
PaySim (comparison),XGBoost,0,3.784837645071093e-06
PaySim (comparison),XGBoost,0,2.3434007744072005e-05
PaySim (comparison),XGBoost,1,0.9999942779541016
PaySim (comparison),XGBoost,0,0.9846034646034241
PaySim (comparison),XGBoost,1,0.9999947547912598
PaySim (comparison),XGBoost,1,0.999941349029541
PaySim (comparison),XGBoost,0,1.2176443306088913e-05
PaySim (comparison),XGBoost,1,0.9999819993972778
PaySim (comparison),XGBoost,0,7.705413008807227e-05
PaySim (comparison),XGBoost,0,3.2269144867314026e-05
PaySim (comparison),XGBoost,1,0.9999942779541016
PaySim (comparison),XGBoost,1,0.9999535083770752
PaySim (comparison),XGBoost,0,9.406037861481309e-05
PaySim (comparison),XGBoost,0,7.120891950762598e-06
PaySim (comparison),XGBoost,1,0.9999960660934448
PaySim (comparison),XGBoost,1,0.9999246597290039
PaySim (comparison),XGBoost,0,3.3733398595359176e-05
PaySim (comparison),XGBoost,1,0.9999806880950928
PaySim (comparison),XGBoost,1,0.9999843835830688
PaySim (comparison),XGBoost,1,0.9996180534362793
PaySim (comparison),XGBoost,1,0.99985671043396
PaySim (comparison),XGBoost,1,0.9994521737098694
PaySim (comparison),XGBoost,1,0.9986903071403503
PaySim (comparison),XGBoost,0,1.74432043422712e-05
PaySim (comparison),XGBoost,1,0.9999911785125732
PaySim (comparison),XGBoost,1,0.9999796152114868
PaySim (comparison),XGBoost,1,0.9996891021728516
PaySim (comparison),XGBoost,1,0.9999868869781494
PaySim (comparison),XGBoost,1,0.9998083710670471
PaySim (comparison),XGBoost,0,3.617865877458826e-05
PaySim (comparison),XGBoost,1,0.9996435642242432
PaySim (comparison),XGBoost,0,0.00016985686670523137
PaySim (comparison),XGBoost,1,0.9999877214431763
PaySim (comparison),XGBoost,0,2.650542592164129e-05
PaySim (comparison),XGBoost,0,0.0009574969299137592
PaySim (comparison),XGBoost,1,0.9999932050704956
PaySim (comparison),XGBoost,0,0.016310349106788635
PaySim (comparison),XGBoost,1,0.9998641014099121
PaySim (comparison),XGBoost,0,2.5922621716745198e-05
PaySim (comparison),XGBoost,1,0.9999812841415405
PaySim (comparison),XGBoost,0,8.52696321089752e-05
PaySim (comparison),XGBoost,0,4.9168793339049444e-05
PaySim (comparison),XGBoost,0,0.00030027463799342513
PaySim (comparison),XGBoost,0,4.1762006731005386e-05
PaySim (comparison),XGBoost,1,0.9999798536300659
PaySim (comparison),XGBoost,0,0.00017994425434153527
PaySim (comparison),XGBoost,0,2.3400712962029502e-05
PaySim (comparison),XGBoost,0,5.891813998459838e-05
PaySim (comparison),XGBoost,1,0.9999935626983643
PaySim (comparison),XGBoost,0,6.131031841505319e-05
PaySim (comparison),XGBoost,0,0.00038416971801780164
PaySim (comparison),XGBoost,1,0.9999613761901855
PaySim (comparison),XGBoost,1,0.9999864101409912
PaySim (comparison),XGBoost,0,1.6296564353979193e-05
PaySim (comparison),XGBoost,0,3.038169779756572e-06
PaySim (comparison),XGBoost,0,1.3611314898298588e-05
PaySim (comparison),XGBoost,0,0.00013836711877956986
PaySim (comparison),XGBoost,0,0.0007168619777075946
PaySim (comparison),XGBoost,1,0.9999215602874756
PaySim (comparison),XGBoost,0,2.386353662586771e-05
PaySim (comparison),XGBoost,0,1.6552436136407778e-05
PaySim (comparison),XGBoost,1,0.9974992871284485
PaySim (comparison),XGBoost,1,0.9999833106994629
PaySim (comparison),XGBoost,1,0.999996542930603
PaySim (comparison),XGBoost,0,0.009121136739850044
PaySim (comparison),XGBoost,1,0.999860405921936
PaySim (comparison),XGBoost,0,1.7456650311942212e-05
PaySim (comparison),XGBoost,1,0.9999895095825195
PaySim (comparison),XGBoost,1,0.9999862909317017
PaySim (comparison),XGBoost,0,0.00018397321400698274
PaySim (comparison),XGBoost,1,0.9784043431282043
PaySim (comparison),XGBoost,1,0.9975630044937134
PaySim (comparison),XGBoost,0,4.4715259718941525e-05
PaySim (comparison),XGBoost,1,0.9999880790710449
PaySim (comparison),XGBoost,0,0.003913609776645899
PaySim (comparison),XGBoost,1,0.992245614528656
PaySim (comparison),XGBoost,0,4.4116979552200064e-05
PaySim (comparison),XGBoost,0,0.0003829596098512411
PaySim (comparison),XGBoost,0,4.894069206784479e-05
PaySim (comparison),XGBoost,0,0.00015502405585721135
PaySim (comparison),XGBoost,0,2.2125055693322793e-05
PaySim (comparison),XGBoost,1,0.9776211380958557
PaySim (comparison),XGBoost,0,8.68790884851478e-05
PaySim (comparison),XGBoost,0,8.89280181581853e-06
PaySim (comparison),XGBoost,0,8.048715244513005e-06
PaySim (comparison),XGBoost,1,0.9053065180778503
PaySim (comparison),XGBoost,0,5.945197699475102e-06
PaySim (comparison),XGBoost,0,3.189394192304462e-05
PaySim (comparison),XGBoost,0,5.9993675677105784e-05
PaySim (comparison),XGBoost,1,0.9838703870773315
PaySim (comparison),XGBoost,0,0.0006374624790623784
PaySim (comparison),XGBoost,0,2.1283383830450475e-05
PaySim (comparison),XGBoost,1,0.9940142035484314
PaySim (comparison),XGBoost,0,0.00023818490444682539
PaySim (comparison),XGBoost,1,0.9999881982803345
PaySim (comparison),XGBoost,1,0.7015255093574524
PaySim (comparison),XGBoost,1,0.9999020099639893
PaySim (comparison),XGBoost,1,0.999987006187439
PaySim (comparison),XGBoost,0,5.5188178521348163e-05
PaySim (comparison),XGBoost,0,0.8824777007102966
PaySim (comparison),XGBoost,0,3.7651163893315243e-06
PaySim (comparison),XGBoost,0,0.0016997414641082287
PaySim (comparison),XGBoost,0,3.754274075618014e-05
PaySim (comparison),XGBoost,1,0.999419093132019
PaySim (comparison),XGBoost,1,0.9999872446060181
PaySim (comparison),XGBoost,0,4.582504334393889e-05
PaySim (comparison),XGBoost,1,0.9999915361404419
PaySim (comparison),XGBoost,1,0.9539010524749756
PaySim (comparison),XGBoost,0,0.00043250489397905767
PaySim (comparison),XGBoost,1,0.9997630715370178
PaySim (comparison),XGBoost,0,4.3225612898822874e-05
PaySim (comparison),XGBoost,0,2.472547294019023e-06
PaySim (comparison),XGBoost,1,0.9983571171760559
PaySim (comparison),XGBoost,1,0.9998751878738403
PaySim (comparison),XGBoost,0,0.0015823638532310724
PaySim (comparison),XGBoost,0,2.5714227376738563e-05
PaySim (comparison),XGBoost,1,0.9999724626541138
PaySim (comparison),XGBoost,1,0.9998680353164673
PaySim (comparison),XGBoost,1,0.999904990196228
PaySim (comparison),XGBoost,0,8.336405153386295e-05
PaySim (comparison),XGBoost,0,1.6254609363386407e-05
PaySim (comparison),XGBoost,1,0.980811595916748
PaySim (comparison),XGBoost,0,0.00018901107250712812
PaySim (comparison),XGBoost,1,0.9999960660934448
PaySim (comparison),XGBoost,0,0.000870312680490315
PaySim (comparison),XGBoost,0,1.4585938515665475e-05
PaySim (comparison),XGBoost,1,0.9997259974479675
PaySim (comparison),XGBoost,0,3.330150866531767e-05
PaySim (comparison),XGBoost,0,1.2986305591766723e-05
PaySim (comparison),XGBoost,1,0.8629003167152405
PaySim (comparison),XGBoost,0,6.8545919020834845e-06
PaySim (comparison),XGBoost,1,0.9994959831237793
PaySim (comparison),XGBoost,1,0.999889612197876
PaySim (comparison),XGBoost,0,0.003746970556676388
PaySim (comparison),XGBoost,1,0.9999537467956543
PaySim (comparison),XGBoost,0,9.154800864052959e-06
PaySim (comparison),XGBoost,0,1.2934208825754467e-05
PaySim (comparison),XGBoost,0,1.9206623619538732e-05
PaySim (comparison),XGBoost,1,0.9999829530715942
PaySim (comparison),XGBoost,0,6.558644599863328e-06
PaySim (comparison),XGBoost,1,0.9999945163726807
PaySim (comparison),XGBoost,0,3.630768333096057e-05
PaySim (comparison),XGBoost,0,2.7644118745229207e-05
PaySim (comparison),XGBoost,1,0.9994533658027649
PaySim (comparison),XGBoost,1,0.9999947547912598
PaySim (comparison),XGBoost,1,0.9999786615371704
PaySim (comparison),XGBoost,1,0.9953439831733704
PaySim (comparison),XGBoost,0,0.0025803125463426113
PaySim (comparison),XGBoost,0,2.0212767140037613e-06
PaySim (comparison),XGBoost,1,0.9991511106491089
PaySim (comparison),XGBoost,0,0.0005526366294361651
PaySim (comparison),XGBoost,1,0.9677689671516418
PaySim (comparison),XGBoost,1,0.9999834299087524
PaySim (comparison),XGBoost,1,0.9999935626983643
PaySim (comparison),XGBoost,1,0.9994396567344666
PaySim (comparison),XGBoost,0,1.554251866764389e-05
PaySim (comparison),XGBoost,1,0.9999302625656128
PaySim (comparison),XGBoost,1,0.9999669790267944
PaySim (comparison),XGBoost,1,0.999957799911499
PaySim (comparison),XGBoost,0,2.3669073925702833e-05
PaySim (comparison),XGBoost,1,0.999231219291687
PaySim (comparison),XGBoost,0,0.00014049017045181245
PaySim (comparison),XGBoost,0,0.16266034543514252
PaySim (comparison),XGBoost,0,9.4258452008944e-05
PaySim (comparison),XGBoost,0,4.3965617805952206e-05
PaySim (comparison),XGBoost,0,2.4100196242216043e-05
PaySim (comparison),XGBoost,1,0.9940906167030334
PaySim (comparison),XGBoost,1,0.999994158744812
PaySim (comparison),XGBoost,0,1.4799152268096805e-05
PaySim (comparison),XGBoost,1,0.999996542930603
PaySim (comparison),XGBoost,0,3.462533641140908e-05
PaySim (comparison),XGBoost,1,0.9999796152114868
PaySim (comparison),XGBoost,1,0.9996469020843506
PaySim (comparison),XGBoost,0,0.00010462536010891199
PaySim (comparison),XGBoost,1,0.998430073261261
PaySim (comparison),XGBoost,1,0.9999920129776001
PaySim (comparison),XGBoost,1,0.9997079968452454
PaySim (comparison),XGBoost,1,0.9999849796295166
PaySim (comparison),XGBoost,0,0.00012738171790260822
PaySim (comparison),XGBoost,0,4.4247848563827574e-05
PaySim (comparison),XGBoost,0,4.158337469561957e-05
PaySim (comparison),XGBoost,1,0.9995878338813782
PaySim (comparison),XGBoost,0,3.2535812351852655e-05
PaySim (comparison),XGBoost,1,0.9999055862426758
PaySim (comparison),XGBoost,1,0.9998308420181274
PaySim (comparison),XGBoost,1,0.9773404598236084
PaySim (comparison),XGBoost,0,0.9242308735847473
PaySim (comparison),XGBoost,0,0.00035770205431617796
PaySim (comparison),XGBoost,1,0.9999916553497314
PaySim (comparison),XGBoost,1,0.9999544620513916
PaySim (comparison),XGBoost,0,1.3178962035453878e-05
PaySim (comparison),XGBoost,0,0.0001635053922655061
PaySim (comparison),XGBoost,0,4.9348658649250865e-05
PaySim (comparison),XGBoost,0,4.943212115904316e-05
PaySim (comparison),XGBoost,1,0.999976396560669
PaySim (comparison),XGBoost,1,0.9998927116394043
PaySim (comparison),XGBoost,1,0.9907482266426086
PaySim (comparison),XGBoost,1,0.9996102452278137
PaySim (comparison),XGBoost,0,0.0004356697900220752
PaySim (comparison),XGBoost,1,0.9999911785125732
PaySim (comparison),XGBoost,1,0.9999179840087891
PaySim (comparison),XGBoost,1,0.9999958276748657
PaySim (comparison),XGBoost,0,1.60566942213336e-05
PaySim (comparison),XGBoost,0,0.00011423692194512114
PaySim (comparison),XGBoost,1,0.9978812336921692
PaySim (comparison),XGBoost,1,0.9999756813049316
PaySim (comparison),XGBoost,0,0.00025595762417651713
PaySim (comparison),XGBoost,0,0.968474805355072
PaySim (comparison),XGBoost,0,3.418137930566445e-05
PaySim (comparison),XGBoost,1,0.9999842643737793
PaySim (comparison),XGBoost,1,0.9996740818023682
PaySim (comparison),XGBoost,1,0.9986514449119568
PaySim (comparison),XGBoost,1,0.9978489875793457
PaySim (comparison),XGBoost,0,0.00012086877541150898
PaySim (comparison),XGBoost,1,0.9951270818710327
PaySim (comparison),XGBoost,0,0.000130687520140782
PaySim (comparison),XGBoost,1,0.9999920129776001
PaySim (comparison),XGBoost,1,0.9999790191650391
PaySim (comparison),XGBoost,0,2.839939588739071e-05
PaySim (comparison),XGBoost,0,0.00011409529543016106
PaySim (comparison),XGBoost,0,7.03958430676721e-05
PaySim (comparison),XGBoost,1,0.9999558925628662
PaySim (comparison),XGBoost,0,1.2666744623857085e-05
PaySim (comparison),XGBoost,1,0.9999632835388184
PaySim (comparison),XGBoost,1,0.9997946619987488
PaySim (comparison),XGBoost,1,0.9997598528862
PaySim (comparison),XGBoost,1,0.9996364116668701
PaySim (comparison),XGBoost,1,0.9999420642852783
PaySim (comparison),XGBoost,1,0.9996517896652222
PaySim (comparison),XGBoost,1,0.9999792575836182
PaySim (comparison),XGBoost,0,1.9252959191362606e-06
PaySim (comparison),XGBoost,1,0.9999709129333496
PaySim (comparison),XGBoost,1,0.9999809265136719
PaySim (comparison),XGBoost,1,0.997484564781189
PaySim (comparison),XGBoost,0,3.641249577412964e-06
PaySim (comparison),XGBoost,1,0.9998254179954529
PaySim (comparison),XGBoost,1,0.9999052286148071
PaySim (comparison),XGBoost,0,1.1795021237048786e-05
PaySim (comparison),XGBoost,0,0.0001439997140550986
PaySim (comparison),XGBoost,0,6.867141564725898e-06
PaySim (comparison),XGBoost,1,0.9999819993972778
PaySim (comparison),XGBoost,0,0.0016024099895730615
PaySim (comparison),XGBoost,1,0.95694899559021
PaySim (comparison),XGBoost,0,4.905281912215287e-06
PaySim (comparison),XGBoost,0,9.70194159890525e-05
PaySim (comparison),XGBoost,0,5.357959889806807e-05
PaySim (comparison),XGBoost,0,9.78996031335555e-05
PaySim (comparison),XGBoost,0,1.113343023462221e-05
PaySim (comparison),XGBoost,1,0.9999425411224365
PaySim (comparison),XGBoost,1,0.9999947547912598
PaySim (comparison),XGBoost,0,4.5493470679502934e-05
PaySim (comparison),XGBoost,0,1.6019803297240287e-05
PaySim (comparison),XGBoost,0,5.8998484746553004e-05
PaySim (comparison),XGBoost,0,2.067491777779651e-06
PaySim (comparison),XGBoost,1,0.9963280558586121
PaySim (comparison),XGBoost,1,0.9998575448989868
PaySim (comparison),XGBoost,0,2.0944491552654654e-05
PaySim (comparison),XGBoost,0,0.0001369966339552775
PaySim (comparison),XGBoost,0,0.0001629579928703606
PaySim (comparison),XGBoost,0,5.1892453484470025e-05
PaySim (comparison),XGBoost,0,0.00030020595295354724
PaySim (comparison),XGBoost,0,2.7309248253004625e-05
PaySim (comparison),XGBoost,0,0.00018922926392406225
PaySim (comparison),XGBoost,1,0.9999563694000244
PaySim (comparison),XGBoost,0,4.1647388570709154e-05
PaySim (comparison),XGBoost,0,3.4489298741391394e-06
PaySim (comparison),XGBoost,1,0.9999657869338989
PaySim (comparison),XGBoost,0,1.0006771844928153e-05
PaySim (comparison),XGBoost,0,0.0012193367583677173
PaySim (comparison),XGBoost,0,8.052968951233197e-06
PaySim (comparison),XGBoost,1,0.9973432421684265
PaySim (comparison),XGBoost,0,0.0004435487207956612
PaySim (comparison),XGBoost,1,0.9997279047966003
PaySim (comparison),XGBoost,1,0.998796820640564
PaySim (comparison),XGBoost,0,0.0306193046271801
PaySim (comparison),XGBoost,1,0.9999830722808838
PaySim (comparison),XGBoost,0,2.4367514924961142e-05
PaySim (comparison),XGBoost,0,3.8778009184170514e-05
PaySim (comparison),XGBoost,0,8.381545194424689e-05
PaySim (comparison),XGBoost,1,0.9999469518661499
PaySim (comparison),XGBoost,1,0.9999046325683594
PaySim (comparison),XGBoost,0,0.00012199252523714676
PaySim (comparison),XGBoost,0,2.3914683424663963e-06
PaySim (comparison),XGBoost,1,0.9999878406524658
PaySim (comparison),XGBoost,0,0.005409457255154848
PaySim (comparison),XGBoost,1,0.9989904761314392
PaySim (comparison),XGBoost,0,5.238622907199897e-05
PaySim (comparison),XGBoost,1,0.999991774559021
PaySim (comparison),XGBoost,1,0.9995867609977722
PaySim (comparison),XGBoost,1,0.9999401569366455
PaySim (comparison),XGBoost,1,0.9878693222999573
PaySim (comparison),XGBoost,0,0.00018769501184578985
PaySim (comparison),XGBoost,0,1.6924641386140138e-05
PaySim (comparison),XGBoost,0,1.0891229976550676e-05
PaySim (comparison),XGBoost,1,0.9999890327453613
PaySim (comparison),XGBoost,0,5.30651868757559e-06
PaySim (comparison),XGBoost,0,8.590336074121296e-05
PaySim (comparison),XGBoost,0,5.296437393553788e-06
PaySim (comparison),XGBoost,0,8.287816308438778e-05
PaySim (comparison),XGBoost,1,0.9999964237213135
PaySim (comparison),XGBoost,1,0.9080703854560852
PaySim (comparison),XGBoost,0,2.1011390344938263e-05
PaySim (comparison),XGBoost,1,0.9997299313545227
PaySim (comparison),XGBoost,1,0.9980937838554382
PaySim (comparison),XGBoost,1,0.9998403787612915
PaySim (comparison),XGBoost,1,0.9998488426208496
PaySim (comparison),XGBoost,0,0.0038382625207304955
PaySim (comparison),XGBoost,0,1.3519334061129484e-05
PaySim (comparison),XGBoost,1,0.9999784231185913
PaySim (comparison),XGBoost,0,0.00012350569886621088
PaySim (comparison),XGBoost,1,0.9999651908874512
PaySim (comparison),XGBoost,1,0.9999923706054688
PaySim (comparison),XGBoost,1,0.9999946355819702
PaySim (comparison),XGBoost,1,0.9984318614006042
PaySim (comparison),XGBoost,1,0.9997283816337585
PaySim (comparison),XGBoost,0,1.1737983186321799e-05
PaySim (comparison),XGBoost,1,0.23469258844852448
PaySim (comparison),XGBoost,1,0.9999935626983643
PaySim (comparison),XGBoost,1,0.9992249011993408
PaySim (comparison),XGBoost,1,0.9997180104255676
PaySim (comparison),XGBoost,0,7.224060937005561e-06
PaySim (comparison),XGBoost,0,9.703949763206765e-05
PaySim (comparison),XGBoost,0,4.583657300827326e-06
PaySim (comparison),XGBoost,0,2.7429283363744617e-05
PaySim (comparison),XGBoost,0,0.00891189370304346
PaySim (comparison),XGBoost,1,0.9999698400497437
PaySim (comparison),XGBoost,0,2.4076260160654783e-05
PaySim (comparison),XGBoost,0,3.6962726881029084e-05
PaySim (comparison),XGBoost,1,0.9999912977218628
PaySim (comparison),XGBoost,1,0.9975863695144653
PaySim (comparison),XGBoost,0,1.7891676179715432e-05
PaySim (comparison),XGBoost,0,0.00013228936586529016
PaySim (comparison),XGBoost,0,2.2331545551423915e-05
PaySim (comparison),XGBoost,0,1.6587217032792978e-05
PaySim (comparison),XGBoost,0,4.535182597464882e-05
PaySim (comparison),XGBoost,0,6.590680277440697e-05
PaySim (comparison),XGBoost,1,0.9999514818191528
PaySim (comparison),XGBoost,1,0.9995536208152771
PaySim (comparison),XGBoost,1,0.9999667406082153
PaySim (comparison),XGBoost,0,0.00031132056028582156
PaySim (comparison),XGBoost,0,3.700026240949228e-07
PaySim (comparison),XGBoost,0,7.794472912792116e-05
PaySim (comparison),XGBoost,0,3.264677070546895e-05
PaySim (comparison),XGBoost,0,0.011136171407997608
PaySim (comparison),XGBoost,0,0.00596510199829936
PaySim (comparison),XGBoost,1,0.9999603033065796
PaySim (comparison),XGBoost,0,2.5532841391395777e-05
PaySim (comparison),XGBoost,1,0.9987678527832031
PaySim (comparison),XGBoost,0,3.7264380807755515e-05
PaySim (comparison),XGBoost,1,0.9999967813491821
PaySim (comparison),XGBoost,0,0.00012672772572841495
PaySim (comparison),XGBoost,0,8.39740732772043e-06
PaySim (comparison),XGBoost,1,0.9980347752571106
PaySim (comparison),XGBoost,0,0.00014578623813576996
PaySim (comparison),XGBoost,0,1.5916517668301822e-06
PaySim (comparison),XGBoost,1,0.9999005794525146
PaySim (comparison),XGBoost,1,0.9999632835388184
PaySim (comparison),XGBoost,0,8.659003469801974e-06
PaySim (comparison),XGBoost,1,0.9975128173828125
PaySim (comparison),XGBoost,1,0.9973070621490479
PaySim (comparison),XGBoost,0,1.4056331565370783e-06
PaySim (comparison),XGBoost,1,0.9985889792442322
PaySim (comparison),XGBoost,1,0.999976396560669
PaySim (comparison),XGBoost,0,0.00014524246216751635
PaySim (comparison),XGBoost,0,4.192189408058766e-06
PaySim (comparison),XGBoost,1,0.9999926090240479
PaySim (comparison),XGBoost,0,0.9977595806121826
PaySim (comparison),XGBoost,1,0.9999364614486694
PaySim (comparison),XGBoost,0,4.8575602704659104e-05
PaySim (comparison),XGBoost,0,3.430540527915582e-05
PaySim (comparison),XGBoost,0,2.7361827960703522e-05
PaySim (comparison),XGBoost,1,0.999911904335022
PaySim (comparison),XGBoost,0,9.380670235259458e-06
PaySim (comparison),XGBoost,0,0.0244585070759058
PaySim (comparison),XGBoost,1,0.9999943971633911
PaySim (comparison),XGBoost,1,0.9999819993972778
PaySim (comparison),XGBoost,1,0.9998898506164551
PaySim (comparison),XGBoost,0,6.991135887801647e-05
PaySim (comparison),XGBoost,0,6.708828004775569e-05
PaySim (comparison),XGBoost,1,0.9999815225601196
PaySim (comparison),XGBoost,0,1.5147232943490962e-06
PaySim (comparison),XGBoost,1,0.9854903221130371
PaySim (comparison),XGBoost,0,2.098615914292168e-05
PaySim (comparison),XGBoost,1,0.9999955892562866
PaySim (comparison),XGBoost,0,4.008277301181806e-06
PaySim (comparison),XGBoost,1,0.9999434947967529
PaySim (comparison),XGBoost,1,0.999707043170929
PaySim (comparison),XGBoost,0,8.86627021827735e-05
PaySim (comparison),XGBoost,0,4.070283921464579e-06
PaySim (comparison),XGBoost,0,0.00014498509699478745
PaySim (comparison),XGBoost,1,0.9999649524688721
PaySim (comparison),XGBoost,1,0.9989933371543884
PaySim (comparison),XGBoost,1,0.9999933242797852
PaySim (comparison),XGBoost,0,0.0019522113725543022
PaySim (comparison),XGBoost,0,0.00015606834494974464
PaySim (comparison),XGBoost,1,0.996675968170166
PaySim (comparison),XGBoost,0,3.637046802396071e-06
PaySim (comparison),XGBoost,0,0.00015842291759327054
PaySim (comparison),XGBoost,0,0.0032022108789533377
PaySim (comparison),XGBoost,0,0.002972856629639864
PaySim (comparison),XGBoost,1,0.9999707937240601
PaySim (comparison),XGBoost,0,1.089168836188037e-05
PaySim (comparison),XGBoost,1,0.999981164932251
PaySim (comparison),XGBoost,1,0.9982433319091797
PaySim (comparison),XGBoost,0,0.00011037926014978439
PaySim (comparison),XGBoost,1,0.9560208916664124
PaySim (comparison),XGBoost,1,0.9998132586479187
PaySim (comparison),XGBoost,0,2.6056761726067634e-06
PaySim (comparison),XGBoost,0,0.0007496860926039517
PaySim (comparison),XGBoost,1,0.9999957084655762
PaySim (comparison),XGBoost,1,0.989136815071106
PaySim (comparison),XGBoost,1,0.9999701976776123
PaySim (comparison),XGBoost,1,0.9977045655250549
PaySim (comparison),XGBoost,1,0.9972532391548157
PaySim (comparison),XGBoost,1,0.9999433755874634
PaySim (comparison),XGBoost,1,0.999991774559021
PaySim (comparison),XGBoost,0,0.0002267403033329174
PaySim (comparison),XGBoost,1,0.9999616146087646
PaySim (comparison),XGBoost,1,0.9999768733978271
PaySim (comparison),XGBoost,0,2.1474888853845187e-05
PaySim (comparison),XGBoost,0,3.271673995186575e-05
PaySim (comparison),XGBoost,0,7.893259316915646e-05
PaySim (comparison),XGBoost,1,0.9974383115768433
PaySim (comparison),XGBoost,1,0.9999245405197144
PaySim (comparison),XGBoost,0,2.9070906748529524e-05
PaySim (comparison),XGBoost,0,1.2737596989609301e-05
PaySim (comparison),XGBoost,0,0.0007793192635290325
PaySim (comparison),XGBoost,1,0.9999955892562866
PaySim (comparison),XGBoost,1,0.9999547004699707
PaySim (comparison),XGBoost,1,0.9999357461929321
PaySim (comparison),XGBoost,0,0.0015563516644760966
PaySim (comparison),XGBoost,0,2.2131873265607283e-05
PaySim (comparison),XGBoost,0,0.00011790153803303838
PaySim (comparison),XGBoost,0,7.032766006886959e-06
PaySim (comparison),XGBoost,0,7.279329292941839e-05
PaySim (comparison),XGBoost,1,0.9995177984237671
PaySim (comparison),XGBoost,1,0.9999406337738037
PaySim (comparison),XGBoost,0,0.00015256628103088588
PaySim (comparison),XGBoost,0,4.625676979230775e-07
PaySim (comparison),XGBoost,1,0.999921441078186
PaySim (comparison),XGBoost,1,0.9988802075386047
PaySim (comparison),XGBoost,0,1.028992573992582e-05
PaySim (comparison),XGBoost,0,0.00030402373522520065
PaySim (comparison),XGBoost,0,5.9645699366228655e-05
PaySim (comparison),XGBoost,1,0.9986825585365295
PaySim (comparison),XGBoost,1,0.9985974431037903
PaySim (comparison),XGBoost,0,4.333399556344375e-05
PaySim (comparison),XGBoost,0,4.426913164934376e-06
PaySim (comparison),XGBoost,1,0.9988241791725159
PaySim (comparison),XGBoost,0,2.6162731955992058e-05
PaySim (comparison),XGBoost,1,0.9999669790267944
PaySim (comparison),XGBoost,1,0.9999957084655762
PaySim (comparison),XGBoost,0,8.791344953351654e-06
PaySim (comparison),XGBoost,0,0.007482623681426048
PaySim (comparison),XGBoost,0,2.153873720089905e-05
PaySim (comparison),XGBoost,0,7.35725334379822e-05
PaySim (comparison),XGBoost,1,0.999825656414032
PaySim (comparison),XGBoost,0,0.023743046447634697
PaySim (comparison),XGBoost,0,0.001666523632593453
PaySim (comparison),XGBoost,1,0.9997993111610413
PaySim (comparison),XGBoost,1,0.99980229139328
PaySim (comparison),XGBoost,1,0.9999791383743286
PaySim (comparison),XGBoost,1,0.9989805817604065
PaySim (comparison),XGBoost,0,0.0027648243121802807
PaySim (comparison),XGBoost,1,0.999579131603241
PaySim (comparison),XGBoost,1,0.9997783303260803
PaySim (comparison),XGBoost,1,0.9999924898147583
PaySim (comparison),XGBoost,0,6.992712769715581e-06
PaySim (comparison),XGBoost,1,0.99997878074646
PaySim (comparison),XGBoost,1,0.9999735355377197
PaySim (comparison),XGBoost,1,0.9986258745193481
PaySim (comparison),XGBoost,0,0.015574822202324867
PaySim (comparison),XGBoost,0,2.3853001039242372e-05
PaySim (comparison),XGBoost,0,1.9695227820193395e-05
PaySim (comparison),XGBoost,1,0.995381772518158
PaySim (comparison),XGBoost,0,1.5274017641786486e-05
PaySim (comparison),XGBoost,0,6.249271973501891e-05
PaySim (comparison),XGBoost,1,0.9997976422309875
PaySim (comparison),XGBoost,0,2.290427619300317e-05
PaySim (comparison),XGBoost,0,0.0002005917631322518
PaySim (comparison),XGBoost,1,0.9990400671958923
PaySim (comparison),XGBoost,0,0.0002775306929834187
PaySim (comparison),XGBoost,0,9.704847616376355e-05
PaySim (comparison),XGBoost,1,0.999931812286377
PaySim (comparison),XGBoost,0,0.00042436568764969707
PaySim (comparison),XGBoost,1,0.999991774559021
PaySim (comparison),XGBoost,0,1.7083835700759664e-05
PaySim (comparison),XGBoost,0,1.816088115447201e-05
PaySim (comparison),XGBoost,0,6.648343696724623e-05
PaySim (comparison),XGBoost,1,0.9994472861289978
PaySim (comparison),XGBoost,1,0.9999959468841553
PaySim (comparison),XGBoost,0,0.00044519189395941794
PaySim (comparison),XGBoost,1,0.9990574717521667
PaySim (comparison),XGBoost,0,4.674424053519033e-05
PaySim (comparison),XGBoost,1,0.9873394966125488
PaySim (comparison),XGBoost,0,9.222459084412549e-06
PaySim (comparison),XGBoost,1,0.9999071359634399
PaySim (comparison),XGBoost,0,0.0002266190422233194
PaySim (comparison),XGBoost,0,0.0002550910576246679
PaySim (comparison),XGBoost,1,0.9999395608901978
PaySim (comparison),XGBoost,0,3.337663656566292e-05
PaySim (comparison),XGBoost,1,0.9999374151229858
PaySim (comparison),XGBoost,1,0.9965776801109314
PaySim (comparison),XGBoost,1,0.9987521171569824
PaySim (comparison),XGBoost,1,0.9999395608901978
PaySim (comparison),XGBoost,1,0.99922776222229
PaySim (comparison),XGBoost,0,2.757943320830236e-06
PaySim (comparison),XGBoost,1,0.9974799752235413
PaySim (comparison),XGBoost,1,0.9999864101409912
PaySim (comparison),XGBoost,1,0.9998899698257446
PaySim (comparison),XGBoost,0,7.748863026790787e-06
PaySim (comparison),XGBoost,0,0.00029445477412082255
PaySim (comparison),XGBoost,1,0.9999812841415405
PaySim (comparison),XGBoost,0,9.176740604743827e-06
PaySim (comparison),XGBoost,0,2.3231566956383176e-05
PaySim (comparison),XGBoost,0,0.0001453939185012132
PaySim (comparison),XGBoost,0,0.0036756230983883142
PaySim (comparison),XGBoost,0,7.837695738999173e-05
PaySim (comparison),XGBoost,0,5.185917871131096e-06
PaySim (comparison),XGBoost,1,0.9999369382858276
PaySim (comparison),XGBoost,1,0.9999475479125977
PaySim (comparison),XGBoost,1,0.999946117401123
PaySim (comparison),XGBoost,1,0.9999604225158691
PaySim (comparison),XGBoost,0,5.313706424203701e-05
PaySim (comparison),XGBoost,0,2.2344349417835474e-05
PaySim (comparison),XGBoost,0,0.00033818441443145275
PaySim (comparison),XGBoost,1,0.9999934434890747
PaySim (comparison),XGBoost,0,3.8202619180083275e-05
PaySim (comparison),XGBoost,1,0.9999500513076782
PaySim (comparison),XGBoost,1,0.9998486042022705
PaySim (comparison),XGBoost,1,0.9999624490737915
PaySim (comparison),XGBoost,1,0.9999935626983643
PaySim (comparison),XGBoost,1,0.9997996687889099
PaySim (comparison),XGBoost,1,0.9999942779541016
PaySim (comparison),XGBoost,1,0.9999911785125732
PaySim (comparison),XGBoost,0,8.772422734182328e-05
PaySim (comparison),XGBoost,1,0.999861478805542
PaySim (comparison),XGBoost,1,0.9997420907020569
PaySim (comparison),XGBoost,1,0.9999017715454102
PaySim (comparison),XGBoost,0,2.1239586203591898e-05
PaySim (comparison),XGBoost,0,7.848457607906312e-05
PaySim (comparison),XGBoost,0,3.755796205950901e-05
PaySim (comparison),XGBoost,1,0.999933123588562
PaySim (comparison),XGBoost,0,6.91201857989654e-05
PaySim (comparison),XGBoost,0,0.11374036967754364
PaySim (comparison),XGBoost,0,0.002040626248344779
PaySim (comparison),XGBoost,1,0.9999023675918579
PaySim (comparison),XGBoost,1,0.9999784231185913
PaySim (comparison),XGBoost,1,0.9999638795852661
PaySim (comparison),XGBoost,1,0.9999374151229858
PaySim (comparison),XGBoost,0,1.0464043953106739e-05
PaySim (comparison),XGBoost,1,0.9997301697731018
PaySim (comparison),XGBoost,1,0.9999545812606812
PaySim (comparison),XGBoost,0,0.00016810046508908272
PaySim (comparison),XGBoost,0,9.350187610834837e-06
PaySim (comparison),XGBoost,0,1.5341096514021046e-05
PaySim (comparison),XGBoost,0,0.0001276041875826195
PaySim (comparison),XGBoost,1,0.9998276233673096
PaySim (comparison),XGBoost,0,5.813124516862445e-06
PaySim (comparison),XGBoost,0,2.023694287345279e-05
PaySim (comparison),XGBoost,1,0.999819815158844
PaySim (comparison),XGBoost,1,0.999984860420227
PaySim (comparison),XGBoost,1,0.9999700784683228
PaySim (comparison),XGBoost,0,0.00026080163661390543
PaySim (comparison),XGBoost,0,0.00010047035902971402
PaySim (comparison),XGBoost,1,0.9996742010116577
PaySim (comparison),XGBoost,1,0.9999853372573853
PaySim (comparison),XGBoost,1,0.9998892545700073
PaySim (comparison),XGBoost,1,0.999873161315918
PaySim (comparison),XGBoost,0,0.00039965499308891594
PaySim (comparison),XGBoost,0,1.680102650425397e-05
PaySim (comparison),XGBoost,1,0.9999855756759644
PaySim (comparison),XGBoost,0,3.0138051442918368e-05
PaySim (comparison),XGBoost,1,0.9998948574066162
PaySim (comparison),XGBoost,1,0.9999630451202393
PaySim (comparison),XGBoost,0,1.4658926374977455e-05
PaySim (comparison),XGBoost,1,0.9999947547912598
PaySim (comparison),XGBoost,0,1.5579294085910078e-06
PaySim (comparison),XGBoost,0,6.297951586020645e-06
PaySim (comparison),XGBoost,1,0.9998084902763367
PaySim (comparison),XGBoost,0,9.850661444943398e-05
PaySim (comparison),XGBoost,0,8.464443817501888e-05
PaySim (comparison),XGBoost,0,0.0030328051652759314
PaySim (comparison),XGBoost,1,0.999961256980896
PaySim (comparison),XGBoost,0,1.8685628901948803e-06
PaySim (comparison),XGBoost,0,2.3784359655110165e-05
PaySim (comparison),XGBoost,0,0.880216658115387
PaySim (comparison),XGBoost,1,0.9998999834060669
PaySim (comparison),XGBoost,0,0.0006424567545764148
PaySim (comparison),XGBoost,1,0.9997920393943787
PaySim (comparison),XGBoost,0,2.600001789687667e-05
PaySim (comparison),XGBoost,0,2.3410399080603383e-05
PaySim (comparison),XGBoost,0,0.00015160063048824668
PaySim (comparison),XGBoost,1,0.9999582767486572
PaySim (comparison),XGBoost,0,1.4751244634680916e-05
PaySim (comparison),XGBoost,1,0.9999555349349976
PaySim (comparison),XGBoost,1,0.9999631643295288
PaySim (comparison),XGBoost,1,0.9998575448989868
PaySim (comparison),XGBoost,0,1.0720239060901804e-06
PaySim (comparison),XGBoost,0,0.0014190314104780555
PaySim (comparison),XGBoost,0,5.547199907596223e-05
PaySim (comparison),XGBoost,1,0.9999910593032837
PaySim (comparison),XGBoost,1,0.999996542930603
PaySim (comparison),XGBoost,0,0.00021790750906802714
PaySim (comparison),XGBoost,1,0.9999263286590576
PaySim (comparison),XGBoost,0,4.2238389141857624e-05
PaySim (comparison),XGBoost,1,0.9999938011169434
PaySim (comparison),XGBoost,1,0.9995275735855103
PaySim (comparison),XGBoost,0,7.65070944908075e-06
PaySim (comparison),XGBoost,0,0.0004201494448352605
PaySim (comparison),XGBoost,0,0.00025663350243121386
PaySim (comparison),XGBoost,1,0.9990381002426147
PaySim (comparison),XGBoost,1,0.9999905824661255
PaySim (comparison),XGBoost,0,0.00023293432604987174
PaySim (comparison),XGBoost,1,0.9999887943267822
PaySim (comparison),XGBoost,0,0.0001501142542110756
PaySim (comparison),XGBoost,1,0.9999790191650391
PaySim (comparison),XGBoost,0,0.00016909815894905478
PaySim (comparison),XGBoost,1,0.9999148845672607
PaySim (comparison),XGBoost,1,0.9999651908874512
PaySim (comparison),XGBoost,1,0.9999827146530151
PaySim (comparison),XGBoost,0,6.105075954110362e-06
PaySim (comparison),XGBoost,0,0.00014173805539030582
PaySim (comparison),XGBoost,0,6.461265729740262e-05
PaySim (comparison),XGBoost,1,0.9999954700469971
PaySim (comparison),XGBoost,1,0.9999920129776001
PaySim (comparison),XGBoost,0,5.51652647118317e-06
PaySim (comparison),XGBoost,0,2.116728637702181e-06
PaySim (comparison),XGBoost,1,0.9997792840003967
PaySim (comparison),XGBoost,0,5.670990503858775e-05
PaySim (comparison),XGBoost,1,0.9997525811195374
PaySim (comparison),XGBoost,1,0.9999915361404419
PaySim (comparison),XGBoost,0,2.559671520430129e-05
PaySim (comparison),XGBoost,1,0.9999196529388428
PaySim (comparison),XGBoost,1,0.9998200535774231
PaySim (comparison),XGBoost,1,0.9999954700469971
PaySim (comparison),XGBoost,0,4.270407953299582e-05
PaySim (comparison),XGBoost,0,5.298127143760212e-05
PaySim (comparison),XGBoost,0,0.0001197953533846885
PaySim (comparison),XGBoost,0,3.3799959055613726e-05
PaySim (comparison),XGBoost,0,0.0006820519920438528
PaySim (comparison),XGBoost,0,9.810698247747496e-05
PaySim (comparison),XGBoost,1,0.9985522627830505
PaySim (comparison),XGBoost,1,0.9999775886535645
PaySim (comparison),XGBoost,1,0.9952740669250488
PaySim (comparison),XGBoost,0,3.990267214248888e-05
PaySim (comparison),XGBoost,0,5.4587555496254936e-05
PaySim (comparison),XGBoost,1,0.9999924898147583
PaySim (comparison),XGBoost,1,0.9999575614929199
PaySim (comparison),XGBoost,0,2.114304697897751e-05
PaySim (comparison),XGBoost,0,3.9647660742048174e-05
PaySim (comparison),XGBoost,0,0.005178492050617933
PaySim (comparison),XGBoost,1,0.9997461438179016
PaySim (comparison),XGBoost,0,1.075995260180207e-05
PaySim (comparison),XGBoost,0,0.00014736810408066958
PaySim (comparison),XGBoost,1,0.9997138381004333
PaySim (comparison),XGBoost,0,0.0009876959957182407
PaySim (comparison),XGBoost,1,0.9998335838317871
PaySim (comparison),XGBoost,0,3.071988612646237e-05
PaySim (comparison),XGBoost,0,4.6310571633512154e-05
PaySim (comparison),XGBoost,1,0.9966670870780945
PaySim (comparison),XGBoost,1,0.9999672174453735
PaySim (comparison),XGBoost,0,4.939239806844853e-05
PaySim (comparison),XGBoost,1,0.9999774694442749
PaySim (comparison),XGBoost,0,9.692195817478932e-06
PaySim (comparison),XGBoost,1,0.9999488592147827
PaySim (comparison),XGBoost,0,1.0495806236576755e-05
PaySim (comparison),XGBoost,0,0.00015724841796327382
PaySim (comparison),XGBoost,0,5.66590424568858e-05
PaySim (comparison),XGBoost,1,0.999981164932251
PaySim (comparison),XGBoost,0,0.00017964321887120605
PaySim (comparison),XGBoost,0,7.3715655162232e-06
PaySim (comparison),XGBoost,0,0.0002628180372994393
PaySim (comparison),XGBoost,0,2.3707318177912384e-05
PaySim (comparison),XGBoost,1,0.9999946355819702
PaySim (comparison),XGBoost,1,0.9999445676803589
PaySim (comparison),XGBoost,0,2.582784327387344e-05
PaySim (comparison),XGBoost,0,0.0007353590917773545
PaySim (comparison),XGBoost,0,5.966566823190078e-05
PaySim (comparison),XGBoost,1,0.9999852180480957
PaySim (comparison),XGBoost,1,0.9999178647994995
PaySim (comparison),XGBoost,1,0.9957043528556824
PaySim (comparison),XGBoost,1,0.9999312162399292
PaySim (comparison),XGBoost,0,2.9558361347881146e-05
PaySim (comparison),XGBoost,1,0.9998371601104736
PaySim (comparison),XGBoost,0,3.71610576621606e-06
PaySim (comparison),XGBoost,1,0.9999653100967407
PaySim (comparison),XGBoost,0,6.478397153841797e-06
PaySim (comparison),XGBoost,0,3.487084904918447e-05
PaySim (comparison),XGBoost,1,0.9999936819076538
PaySim (comparison),XGBoost,1,0.9999961853027344
PaySim (comparison),XGBoost,0,1.0508018704058486e-06
PaySim (comparison),XGBoost,1,0.999929666519165
PaySim (comparison),XGBoost,0,0.00019273569341748953
PaySim (comparison),XGBoost,1,0.9995120763778687
PaySim (comparison),XGBoost,0,7.852440467104316e-05
PaySim (comparison),XGBoost,0,0.0009635179303586483
PaySim (comparison),XGBoost,1,0.9981614947319031
PaySim (comparison),XGBoost,1,0.999953031539917
PaySim (comparison),XGBoost,1,0.9969635605812073
PaySim (comparison),XGBoost,1,0.9999946355819702
PaySim (comparison),XGBoost,0,7.059414929244667e-05
PaySim (comparison),XGBoost,1,0.998881995677948
PaySim (comparison),XGBoost,1,0.9997360110282898
PaySim (comparison),XGBoost,1,0.9999725818634033
PaySim (comparison),XGBoost,1,0.9999858140945435
PaySim (comparison),XGBoost,1,0.9997993111610413
PaySim (comparison),XGBoost,1,0.9999032020568848
PaySim (comparison),XGBoost,1,0.999993085861206
PaySim (comparison),XGBoost,0,5.087854788143886e-06
PaySim (comparison),XGBoost,0,2.294108890055213e-05
PaySim (comparison),XGBoost,0,2.0506477085291408e-05
PaySim (comparison),XGBoost,0,0.00027199482428841293
PaySim (comparison),XGBoost,1,0.9999401569366455
PaySim (comparison),XGBoost,0,0.00027368776500225067
PaySim (comparison),XGBoost,0,0.0017556161619722843
PaySim (comparison),XGBoost,0,1.853007051977329e-05
PaySim (comparison),XGBoost,0,2.570137985458132e-05
PaySim (comparison),XGBoost,1,0.9998475313186646
PaySim (comparison),XGBoost,1,0.9997883439064026
PaySim (comparison),XGBoost,0,0.0005187512724660337
PaySim (comparison),XGBoost,1,0.9999527931213379
PaySim (comparison),XGBoost,0,4.848308890359476e-05
PaySim (comparison),XGBoost,1,0.9997608065605164
PaySim (comparison),XGBoost,0,3.239309080527164e-05
PaySim (comparison),XGBoost,1,0.9999769926071167
PaySim (comparison),XGBoost,1,0.999966025352478
PaySim (comparison),XGBoost,1,0.9999498128890991
PaySim (comparison),XGBoost,1,0.9995063543319702
PaySim (comparison),XGBoost,1,0.9999878406524658
PaySim (comparison),XGBoost,0,7.211804768303409e-05
PaySim (comparison),XGBoost,0,0.001248610089533031
PaySim (comparison),XGBoost,1,0.999889612197876
PaySim (comparison),XGBoost,1,0.9999939203262329
PaySim (comparison),XGBoost,0,0.00014969502808526158
PaySim (comparison),XGBoost,1,0.9999935626983643
PaySim (comparison),XGBoost,1,0.9999793767929077
PaySim (comparison),XGBoost,0,0.00010930879943771288
PaySim (comparison),XGBoost,1,0.9999954700469971
PaySim (comparison),XGBoost,1,0.9993133544921875
PaySim (comparison),XGBoost,0,5.7351047871634364e-05
PaySim (comparison),XGBoost,0,3.2278101571137086e-05
PaySim (comparison),XGBoost,1,0.9996461868286133
PaySim (comparison),XGBoost,0,3.967561497120187e-05
PaySim (comparison),XGBoost,0,3.390267738723196e-05
PaySim (comparison),XGBoost,1,0.9883660674095154
PaySim (comparison),XGBoost,0,4.257809996488504e-05
PaySim (comparison),XGBoost,0,1.1646572602330707e-05
PaySim (comparison),XGBoost,0,2.8907026717206463e-05
PaySim (comparison),XGBoost,1,0.9999951124191284
PaySim (comparison),XGBoost,1,0.9998161196708679
PaySim (comparison),XGBoost,0,1.3370691931413603e-06
PaySim (comparison),XGBoost,1,0.9999827146530151
PaySim (comparison),XGBoost,1,0.9990144968032837
PaySim (comparison),XGBoost,1,0.9997847676277161
PaySim (comparison),XGBoost,0,2.210407365055289e-05
PaySim (comparison),XGBoost,1,0.9999628067016602
PaySim (comparison),XGBoost,0,5.345109821064398e-05
PaySim (comparison),XGBoost,0,4.617215381585993e-05
PaySim (comparison),XGBoost,1,0.9999130964279175
PaySim (comparison),XGBoost,1,0.9996638298034668
PaySim (comparison),XGBoost,1,0.9999922513961792
PaySim (comparison),XGBoost,0,3.2384905352955684e-05
PaySim (comparison),XGBoost,1,0.9998677968978882
PaySim (comparison),XGBoost,0,0.00019261057605035603
PaySim (comparison),XGBoost,1,0.9995229244232178
PaySim (comparison),XGBoost,0,4.955659733241191e-06
PaySim (comparison),XGBoost,1,0.9999713897705078
PaySim (comparison),XGBoost,0,0.0022019792813807726
PaySim (comparison),XGBoost,1,0.9999415874481201
PaySim (comparison),XGBoost,0,2.987244670293876e-06
PaySim (comparison),XGBoost,0,0.01863962598145008
PaySim (comparison),XGBoost,0,0.00021179304167162627
PaySim (comparison),XGBoost,1,0.9998763799667358
PaySim (comparison),XGBoost,1,0.9996496438980103
PaySim (comparison),XGBoost,0,9.699278052721638e-06
PaySim (comparison),XGBoost,1,0.9999630451202393
PaySim (comparison),XGBoost,1,0.9999926090240479
PaySim (comparison),XGBoost,1,0.9993290901184082
PaySim (comparison),XGBoost,1,0.9999760389328003
PaySim (comparison),XGBoost,1,0.999988317489624
PaySim (comparison),XGBoost,1,0.9999887943267822
PaySim (comparison),XGBoost,1,0.9991579055786133
PaySim (comparison),XGBoost,0,2.6162731955992058e-05
PaySim (comparison),XGBoost,0,8.905068534659222e-05
PaySim (comparison),XGBoost,1,0.9999872446060181
PaySim (comparison),XGBoost,0,2.4477330953232013e-05
PaySim (comparison),XGBoost,1,0.9999963045120239
PaySim (comparison),XGBoost,0,1.9046983652515337e-05
PaySim (comparison),XGBoost,0,0.0009502401226200163
PaySim (comparison),XGBoost,1,0.9999865293502808
PaySim (comparison),XGBoost,0,5.941119889030233e-05
PaySim (comparison),XGBoost,1,0.9999853372573853
PaySim (comparison),XGBoost,1,0.9981555342674255
PaySim (comparison),XGBoost,1,0.8802506327629089
PaySim (comparison),XGBoost,0,7.253485136970994e-07
PaySim (comparison),XGBoost,1,0.9997677206993103
PaySim (comparison),XGBoost,1,0.9926914572715759
PaySim (comparison),XGBoost,1,0.9999737739562988
PaySim (comparison),XGBoost,1,0.9977719187736511
PaySim (comparison),XGBoost,1,0.9999810457229614
PaySim (comparison),XGBoost,0,1.624105243536178e-05
PaySim (comparison),XGBoost,1,0.9999842643737793
PaySim (comparison),XGBoost,1,0.9927693605422974
PaySim (comparison),XGBoost,1,0.9991546869277954
PaySim (comparison),XGBoost,1,0.9999755620956421
PaySim (comparison),XGBoost,1,0.9999924898147583
PaySim (comparison),XGBoost,1,0.9933962821960449
PaySim (comparison),XGBoost,1,0.9999969005584717
PaySim (comparison),XGBoost,1,0.9992367029190063
PaySim (comparison),XGBoost,1,0.9999489784240723
PaySim (comparison),XGBoost,1,0.9999914169311523
PaySim (comparison),XGBoost,0,0.0009324484854005277
PaySim (comparison),XGBoost,0,1.2071954188286327e-05
PaySim (comparison),XGBoost,0,4.004823040304473e-06
PaySim (comparison),XGBoost,0,0.000132822897285223
PaySim (comparison),XGBoost,1,0.9998948574066162
PaySim (comparison),XGBoost,0,3.5429286526778014e-06
PaySim (comparison),XGBoost,0,0.0004985107225365937
PaySim (comparison),XGBoost,0,0.0001538678479846567
PaySim (comparison),XGBoost,1,0.9999539852142334
PaySim (comparison),XGBoost,0,0.0014450206654146314
PaySim (comparison),XGBoost,1,0.9999899864196777
PaySim (comparison),XGBoost,1,0.9999067783355713
PaySim (comparison),XGBoost,0,1.1049360182369128e-05
PaySim (comparison),XGBoost,1,0.9999475479125977
PaySim (comparison),XGBoost,1,0.9999860525131226
PaySim (comparison),XGBoost,1,0.9999512434005737
PaySim (comparison),XGBoost,0,1.6579532484684023e-06
PaySim (comparison),XGBoost,1,0.9999817609786987
PaySim (comparison),XGBoost,0,7.358565926551819e-05
PaySim (comparison),XGBoost,0,5.43135502084624e-05
PaySim (comparison),XGBoost,0,0.00011728985555237159
PaySim (comparison),XGBoost,1,0.9996523857116699
PaySim (comparison),XGBoost,1,0.9999785423278809
PaySim (comparison),XGBoost,1,0.9994250535964966
PaySim (comparison),XGBoost,1,0.9999767541885376
PaySim (comparison),XGBoost,0,0.0001149552917922847
PaySim (comparison),XGBoost,0,0.00012380248517729342
PaySim (comparison),XGBoost,1,0.9768534898757935
PaySim (comparison),XGBoost,1,0.9939743876457214
PaySim (comparison),XGBoost,1,0.9999066591262817
PaySim (comparison),XGBoost,1,0.9999911785125732
PaySim (comparison),XGBoost,1,0.9999836683273315
PaySim (comparison),XGBoost,1,0.9998038411140442
PaySim (comparison),XGBoost,0,4.0656364035385195e-06
PaySim (comparison),XGBoost,0,6.229006976354867e-05
PaySim (comparison),XGBoost,0,5.861277531948872e-05
PaySim (comparison),XGBoost,1,0.9992807507514954
PaySim (comparison),XGBoost,1,0.9968324303627014
PaySim (comparison),XGBoost,1,0.9999862909317017
PaySim (comparison),XGBoost,1,0.9997650980949402
PaySim (comparison),XGBoost,0,1.5624180377926677e-05
PaySim (comparison),XGBoost,1,0.9999911785125732
PaySim (comparison),XGBoost,1,0.9999967813491821
PaySim (comparison),XGBoost,1,0.9999622106552124
PaySim (comparison),XGBoost,1,0.9997656941413879
PaySim (comparison),XGBoost,0,0.000310068775434047
PaySim (comparison),XGBoost,1,0.9999793767929077
PaySim (comparison),XGBoost,1,0.9996788501739502
PaySim (comparison),XGBoost,1,0.9995443224906921
PaySim (comparison),XGBoost,0,0.000287489005131647
PaySim (comparison),XGBoost,0,4.023092697025277e-05
PaySim (comparison),XGBoost,0,0.0009315303759649396
PaySim (comparison),XGBoost,1,0.9999890327453613
PaySim (comparison),XGBoost,1,0.9999847412109375
PaySim (comparison),XGBoost,1,0.9999924898147583
PaySim (comparison),XGBoost,1,0.9999876022338867
PaySim (comparison),XGBoost,0,9.751104698807467e-06
PaySim (comparison),XGBoost,1,0.9999737739562988
PaySim (comparison),XGBoost,1,0.9996052384376526
PaySim (comparison),XGBoost,1,0.9992324113845825
PaySim (comparison),XGBoost,1,0.9983096122741699
PaySim (comparison),XGBoost,1,0.9999810457229614
PaySim (comparison),XGBoost,0,0.0005142809241078794
PaySim (comparison),XGBoost,0,0.0002514273510314524
PaySim (comparison),XGBoost,0,0.001640839735046029
PaySim (comparison),XGBoost,1,0.9998379945755005
PaySim (comparison),XGBoost,1,0.9992437362670898
PaySim (comparison),XGBoost,1,0.9999812841415405
PaySim (comparison),XGBoost,0,6.517486326629296e-05
PaySim (comparison),XGBoost,0,9.690264414530247e-05
PaySim (comparison),XGBoost,1,0.9998561143875122
PaySim (comparison),XGBoost,1,0.9999508857727051
PaySim (comparison),XGBoost,0,0.00017263079644180834
PaySim (comparison),XGBoost,0,7.215326331788674e-05
PaySim (comparison),XGBoost,0,0.002082790480926633
PaySim (comparison),XGBoost,1,0.9999217987060547
PaySim (comparison),XGBoost,0,0.0016851904802024364
PaySim (comparison),XGBoost,0,1.0106320587510709e-05
PaySim (comparison),XGBoost,1,0.9998964071273804
PaySim (comparison),XGBoost,1,0.9999607801437378
PaySim (comparison),XGBoost,1,0.9995670914649963
PaySim (comparison),XGBoost,1,0.9138615131378174
PaySim (comparison),XGBoost,0,0.0007985268021002412
PaySim (comparison),XGBoost,1,0.9999954700469971
PaySim (comparison),XGBoost,0,0.00018169006216339767
PaySim (comparison),XGBoost,1,0.9999773502349854
PaySim (comparison),XGBoost,1,0.9999535083770752
PaySim (comparison),XGBoost,0,0.0011755828745663166
PaySim (comparison),XGBoost,0,2.8626427592826076e-06
PaySim (comparison),XGBoost,0,4.074117532582022e-05
PaySim (comparison),XGBoost,1,0.9998086094856262
PaySim (comparison),XGBoost,1,0.9973324537277222
PaySim (comparison),XGBoost,0,1.0506862963666208e-05
PaySim (comparison),XGBoost,1,0.9999769926071167
PaySim (comparison),XGBoost,1,0.9999709129333496
PaySim (comparison),XGBoost,0,2.539161687309388e-05
PaySim (comparison),XGBoost,1,0.9999767541885376
PaySim (comparison),XGBoost,0,0.00071490160189569
PaySim (comparison),XGBoost,0,0.00016674543439876288
PaySim (comparison),XGBoost,1,0.9999842643737793
PaySim (comparison),XGBoost,0,4.406291191116907e-05
PaySim (comparison),XGBoost,0,4.9268299335381016e-05
PaySim (comparison),XGBoost,0,7.615099548274884e-06
PaySim (comparison),XGBoost,0,4.826617896469543e-06
PaySim (comparison),XGBoost,0,9.218466402671766e-06
PaySim (comparison),XGBoost,0,5.0412512791808695e-05
PaySim (comparison),XGBoost,1,0.9994770884513855
PaySim (comparison),XGBoost,1,0.9980363249778748
PaySim (comparison),XGBoost,0,0.00013216921070124954
PaySim (comparison),XGBoost,0,0.00019667184096761048
PaySim (comparison),XGBoost,1,0.9997766613960266
PaySim (comparison),XGBoost,1,0.999874472618103
PaySim (comparison),XGBoost,1,0.999991774559021
PaySim (comparison),XGBoost,1,0.9999938011169434
PaySim (comparison),XGBoost,0,0.26668161153793335
PaySim (comparison),XGBoost,1,0.9999935626983643
PaySim (comparison),XGBoost,1,0.9996275901794434
PaySim (comparison),XGBoost,1,0.9999527931213379
PaySim (comparison),XGBoost,0,3.0786752176936716e-05
PaySim (comparison),XGBoost,0,2.9465493298630463e-06
PaySim (comparison),XGBoost,0,0.0003528507659211755
PaySim (comparison),XGBoost,1,0.999992847442627
PaySim (comparison),XGBoost,1,0.9999817609786987
PaySim (comparison),XGBoost,1,0.9929879307746887
PaySim (comparison),XGBoost,1,0.9999963045120239
PaySim (comparison),XGBoost,0,1.7449992810725234e-05
PaySim (comparison),XGBoost,0,8.899245585780591e-05
PaySim (comparison),XGBoost,1,0.9988971948623657
PaySim (comparison),XGBoost,1,0.9994692206382751
PaySim (comparison),XGBoost,1,0.9999709129333496
PaySim (comparison),XGBoost,0,3.42787207046058e-05
PaySim (comparison),XGBoost,1,0.9996854066848755
PaySim (comparison),XGBoost,0,0.004626137670129538
PaySim (comparison),XGBoost,0,3.6775152693735436e-05
PaySim (comparison),XGBoost,1,0.9999942779541016
PaySim (comparison),XGBoost,1,0.9999947547912598
PaySim (comparison),XGBoost,0,4.079645805177279e-05
PaySim (comparison),XGBoost,1,0.999990701675415
PaySim (comparison),XGBoost,0,2.6769257601699792e-05
PaySim (comparison),XGBoost,0,4.535182597464882e-05
PaySim (comparison),XGBoost,1,0.9998980760574341
PaySim (comparison),XGBoost,1,0.9999104738235474
PaySim (comparison),XGBoost,0,2.3657610654481687e-05
PaySim (comparison),XGBoost,0,8.670477836858481e-05
PaySim (comparison),XGBoost,1,0.9999843835830688
PaySim (comparison),XGBoost,0,9.708531433716416e-05
PaySim (comparison),XGBoost,1,0.9999377727508545
PaySim (comparison),XGBoost,0,5.0146019930252805e-05
PaySim (comparison),XGBoost,0,0.00013087046681903303
PaySim (comparison),XGBoost,0,0.000636109325569123
PaySim (comparison),XGBoost,1,0.999950647354126
PaySim (comparison),XGBoost,0,0.002066268352791667
PaySim (comparison),XGBoost,0,6.6697662077785935e-06
PaySim (comparison),XGBoost,0,0.0005461726104840636
PaySim (comparison),XGBoost,0,9.6391151600983e-05
PaySim (comparison),XGBoost,0,0.00047198912943713367
PaySim (comparison),XGBoost,0,4.3902811739826575e-05
PaySim (comparison),XGBoost,1,0.9999473094940186
PaySim (comparison),XGBoost,0,0.0016676108352839947
PaySim (comparison),XGBoost,1,0.9991940855979919
PaySim (comparison),XGBoost,0,0.0020020094234496355
PaySim (comparison),XGBoost,0,0.00011192694364581257
PaySim (comparison),XGBoost,1,0.9994439482688904
PaySim (comparison),XGBoost,1,0.9996931552886963
PaySim (comparison),XGBoost,0,4.212218755128561e-06
PaySim (comparison),XGBoost,0,2.420645068923477e-05
PaySim (comparison),XGBoost,0,0.00033080900902859867
PaySim (comparison),XGBoost,1,0.9999737739562988
PaySim (comparison),XGBoost,0,6.714319169986993e-05
PaySim (comparison),XGBoost,0,0.0918869897723198
PaySim (comparison),XGBoost,1,0.9999939203262329
PaySim (comparison),XGBoost,0,5.441427856567316e-05
PaySim (comparison),XGBoost,1,0.9999816417694092
PaySim (comparison),XGBoost,1,0.9999779462814331
PaySim (comparison),XGBoost,1,0.9972913861274719
PaySim (comparison),XGBoost,1,0.999985933303833
PaySim (comparison),XGBoost,0,3.357808600412682e-05
PaySim (comparison),XGBoost,1,0.9998897314071655
PaySim (comparison),XGBoost,0,8.184371836250648e-06
PaySim (comparison),XGBoost,0,6.2778293795418e-05
PaySim (comparison),XGBoost,1,0.9999628067016602
PaySim (comparison),XGBoost,0,3.4802545997081324e-05
PaySim (comparison),XGBoost,1,0.9989639520645142
PaySim (comparison),XGBoost,1,0.9999957084655762
PaySim (comparison),XGBoost,1,0.999992847442627
PaySim (comparison),XGBoost,1,0.9963325262069702
PaySim (comparison),XGBoost,0,0.014758523553609848
PaySim (comparison),XGBoost,0,3.607839607866481e-05
PaySim (comparison),XGBoost,0,1.5643667211406864e-05
PaySim (comparison),XGBoost,1,0.9999161958694458
PaySim (comparison),XGBoost,0,0.0011621552985161543
PaySim (comparison),XGBoost,0,6.548830424435437e-05
PaySim (comparison),XGBoost,1,0.9999920129776001
PaySim (comparison),XGBoost,1,0.9999918937683105
PaySim (comparison),XGBoost,1,0.9976546168327332
PaySim (comparison),XGBoost,1,0.999873161315918
PaySim (comparison),XGBoost,1,0.9999867677688599
PaySim (comparison),XGBoost,0,5.7843015383696184e-05
PaySim (comparison),XGBoost,0,1.2152858289482538e-05
PaySim (comparison),XGBoost,1,0.9999908208847046
PaySim (comparison),XGBoost,0,1.6040701666497625e-05
PaySim (comparison),XGBoost,1,0.9999350309371948
PaySim (comparison),XGBoost,1,0.9999364614486694
PaySim (comparison),XGBoost,0,2.721295277297031e-05
PaySim (comparison),XGBoost,0,8.499166870024055e-05
PaySim (comparison),XGBoost,1,0.999993085861206
PaySim (comparison),XGBoost,1,0.9996579885482788
PaySim (comparison),XGBoost,1,0.9930346012115479
PaySim (comparison),XGBoost,0,1.81190680450527e-05
PaySim (comparison),XGBoost,1,0.9999665021896362
PaySim (comparison),XGBoost,1,0.9999699592590332
PaySim (comparison),XGBoost,1,0.9999747276306152
PaySim (comparison),XGBoost,0,0.00029178676777519286
PaySim (comparison),XGBoost,0,4.4942560634808615e-05
PaySim (comparison),XGBoost,1,0.9998672008514404
PaySim (comparison),XGBoost,1,0.9999954700469971
PaySim (comparison),XGBoost,1,0.9999855756759644
PaySim (comparison),XGBoost,1,0.9984660148620605
PaySim (comparison),XGBoost,1,0.9999604225158691
PaySim (comparison),XGBoost,0,1.580440039106179e-05
PaySim (comparison),XGBoost,1,0.9996496438980103
PaySim (comparison),XGBoost,0,0.00010198709787800908
PaySim (comparison),XGBoost,0,6.698427023366094e-05
PaySim (comparison),XGBoost,1,0.9997302889823914
PaySim (comparison),XGBoost,0,0.00012276737834326923
PaySim (comparison),XGBoost,1,0.9942752718925476
PaySim (comparison),XGBoost,1,0.9999306201934814
PaySim (comparison),XGBoost,0,0.010254818946123123
PaySim (comparison),XGBoost,1,0.9996991157531738
PaySim (comparison),XGBoost,0,5.154607424628921e-05
PaySim (comparison),XGBoost,0,7.745390576019417e-06
PaySim (comparison),XGBoost,1,0.9990682005882263
PaySim (comparison),XGBoost,1,0.9999284744262695
PaySim (comparison),XGBoost,1,0.9906632900238037
PaySim (comparison),XGBoost,0,7.432779239024967e-05
PaySim (comparison),XGBoost,0,2.1592106349999085e-05
PaySim (comparison),XGBoost,1,0.9999407529830933
PaySim (comparison),XGBoost,0,5.753872392233461e-05
PaySim (comparison),XGBoost,0,1.6935993699007668e-05
PaySim (comparison),XGBoost,0,5.880212120246142e-05
PaySim (comparison),XGBoost,0,0.01713227480649948
PaySim (comparison),XGBoost,1,0.9997175335884094
PaySim (comparison),XGBoost,0,1.2754881936416496e-05
PaySim (comparison),XGBoost,1,0.9999933242797852
PaySim (comparison),XGBoost,0,0.00016660368419252336
PaySim (comparison),XGBoost,1,0.9997624754905701
PaySim (comparison),XGBoost,0,0.00010798178118420765
PaySim (comparison),XGBoost,1,0.9995595812797546
PaySim (comparison),XGBoost,1,0.9999817609786987
PaySim (comparison),XGBoost,0,2.0349711121525615e-05
PaySim (comparison),XGBoost,1,0.9988516569137573
PaySim (comparison),XGBoost,1,0.9999643564224243
PaySim (comparison),XGBoost,1,0.9999232292175293
PaySim (comparison),XGBoost,0,0.9647122621536255
PaySim (comparison),XGBoost,0,0.0005891852197237313
PaySim (comparison),XGBoost,0,6.108004890847951e-05
PaySim (comparison),XGBoost,1,0.9999862909317017
PaySim (comparison),XGBoost,1,0.9999862909317017
PaySim (comparison),XGBoost,0,0.002263343194499612
PaySim (comparison),XGBoost,0,3.6991336855862755e-06
PaySim (comparison),XGBoost,0,6.283836410148069e-05
PaySim (comparison),XGBoost,0,8.301507477881387e-06
PaySim (comparison),XGBoost,1,0.9999639987945557
PaySim (comparison),XGBoost,1,0.9998188614845276
PaySim (comparison),XGBoost,0,2.4812472474877723e-05
PaySim (comparison),XGBoost,1,0.9854210019111633
PaySim (comparison),XGBoost,0,0.00011571271170396358
PaySim (comparison),XGBoost,1,0.9999940395355225
PaySim (comparison),XGBoost,0,0.00016443675849586725
PaySim (comparison),XGBoost,1,0.9998772144317627
PaySim (comparison),XGBoost,1,0.9965888261795044
PaySim (comparison),XGBoost,0,2.0900555682601407e-05
PaySim (comparison),XGBoost,0,1.810847970773466e-05
PaySim (comparison),XGBoost,1,0.9999431371688843
PaySim (comparison),XGBoost,1,0.9999780654907227
PaySim (comparison),XGBoost,0,4.614688441506587e-05
PaySim (comparison),XGBoost,1,0.9999550580978394
PaySim (comparison),XGBoost,0,4.583793634083122e-05
PaySim (comparison),XGBoost,1,0.9998501539230347
PaySim (comparison),XGBoost,1,0.999985933303833
PaySim (comparison),XGBoost,1,0.9496590495109558
PaySim (comparison),XGBoost,1,0.999887228012085
PaySim (comparison),XGBoost,0,0.08107434958219528
PaySim (comparison),XGBoost,1,0.9999796152114868
PaySim (comparison),XGBoost,1,0.9724662899971008
PaySim (comparison),XGBoost,0,0.9961310625076294
PaySim (comparison),XGBoost,1,0.9691677093505859
PaySim (comparison),XGBoost,0,1.917761255754158e-05
PaySim (comparison),XGBoost,1,0.9999960660934448
PaySim (comparison),XGBoost,0,3.294686757726595e-05
PaySim (comparison),XGBoost,1,0.9999508857727051
PaySim (comparison),XGBoost,1,0.999413251876831
PaySim (comparison),XGBoost,0,0.004193887580186129
PaySim (comparison),XGBoost,0,4.3561503844102845e-05
PaySim (comparison),XGBoost,0,1.3306693290360272e-05
PaySim (comparison),XGBoost,1,0.9992485642433167
PaySim (comparison),XGBoost,0,2.0331031919340603e-05
PaySim (comparison),XGBoost,0,2.115609822794795e-05
PaySim (comparison),XGBoost,0,2.646928078320343e-05
PaySim (comparison),XGBoost,0,3.2776075386209413e-05
PaySim (comparison),XGBoost,1,0.999976396560669
PaySim (comparison),XGBoost,0,2.144241261703428e-05
PaySim (comparison),XGBoost,1,0.9998218417167664
PaySim (comparison),XGBoost,1,0.999992847442627
PaySim (comparison),XGBoost,1,0.00018153749988414347
PaySim (comparison),XGBoost,1,0.9974517226219177
PaySim (comparison),XGBoost,0,9.163693175651133e-05
PaySim (comparison),XGBoost,0,0.00018826570885721594
PaySim (comparison),XGBoost,0,0.00038362297345884144
PaySim (comparison),XGBoost,0,2.0647194105549715e-05
PaySim (comparison),XGBoost,0,4.6615416067652404e-05
PaySim (comparison),XGBoost,0,4.337055997893913e-06
PaySim (comparison),XGBoost,1,0.9934104084968567
PaySim (comparison),XGBoost,1,0.9998682737350464
PaySim (comparison),XGBoost,0,0.00031976279569789767
PaySim (comparison),XGBoost,0,0.0010810528183355927
PaySim (comparison),XGBoost,0,0.00016610561579000205
PaySim (comparison),XGBoost,1,0.93482905626297
PaySim (comparison),XGBoost,0,0.00017833930905908346
PaySim (comparison),XGBoost,0,0.0001231536007253453
PaySim (comparison),XGBoost,1,0.9998805522918701
PaySim (comparison),XGBoost,1,0.9999954700469971
PaySim (comparison),XGBoost,1,0.999981164932251
PaySim (comparison),XGBoost,0,2.5801158699323423e-05
PaySim (comparison),XGBoost,1,0.9999147653579712
PaySim (comparison),XGBoost,1,0.9999963045120239
PaySim (comparison),XGBoost,0,7.032477878965437e-05
PaySim (comparison),XGBoost,1,0.999988317489624
PaySim (comparison),XGBoost,0,1.9399802113184705e-05
PaySim (comparison),XGBoost,1,0.9998878240585327
PaySim (comparison),XGBoost,1,0.9997792840003967
PaySim (comparison),XGBoost,1,0.999983549118042
PaySim (comparison),XGBoost,0,8.385110413655639e-05
PaySim (comparison),XGBoost,0,0.00022016257571522146
PaySim (comparison),XGBoost,0,8.778992196312174e-05
PaySim (comparison),XGBoost,0,0.00018168952374253422
PaySim (comparison),XGBoost,1,0.9998252987861633
PaySim (comparison),XGBoost,0,6.487771315732971e-05
PaySim (comparison),XGBoost,1,0.9999932050704956
PaySim (comparison),XGBoost,1,0.9999004602432251
PaySim (comparison),XGBoost,0,2.0076091459486634e-05
PaySim (comparison),XGBoost,0,0.00016689958283677697
PaySim (comparison),XGBoost,0,7.631431799381971e-05
PaySim (comparison),XGBoost,1,0.9999386072158813
PaySim (comparison),XGBoost,1,0.999990701675415
PaySim (comparison),XGBoost,0,4.8807443818077445e-05
PaySim (comparison),XGBoost,0,0.0001432419812772423
PaySim (comparison),XGBoost,1,0.9999921321868896
PaySim (comparison),XGBoost,0,0.00010597780055832118
PaySim (comparison),XGBoost,1,0.9996718168258667
PaySim (comparison),XGBoost,1,0.9999794960021973
PaySim (comparison),XGBoost,0,7.871196430642158e-06
PaySim (comparison),XGBoost,1,0.9999668598175049
PaySim (comparison),XGBoost,1,0.9999439716339111
PaySim (comparison),XGBoost,1,0.9999157190322876
PaySim (comparison),XGBoost,0,0.00017676637799013406
PaySim (comparison),XGBoost,0,9.289729496231303e-05
PaySim (comparison),XGBoost,0,0.000385926163289696
PaySim (comparison),XGBoost,1,0.9998440742492676
PaySim (comparison),XGBoost,0,0.00010280464630341157
PaySim (comparison),XGBoost,0,7.470433047274128e-05
PaySim (comparison),XGBoost,1,0.9999868869781494
PaySim (comparison),XGBoost,0,3.302802724647336e-05
PaySim (comparison),XGBoost,1,0.9999676942825317
PaySim (comparison),XGBoost,0,0.00028533831937238574
PaySim (comparison),XGBoost,0,0.0002550910576246679
PaySim (comparison),XGBoost,0,3.221871520509012e-05
PaySim (comparison),XGBoost,1,0.9999865293502808
PaySim (comparison),XGBoost,0,2.7572925318963826e-05
PaySim (comparison),XGBoost,0,1.885314668470528e-05
PaySim (comparison),XGBoost,1,0.9999691247940063
PaySim (comparison),XGBoost,1,0.999903678894043
PaySim (comparison),XGBoost,1,0.9999910593032837
PaySim (comparison),XGBoost,1,0.9998181462287903
PaySim (comparison),XGBoost,1,0.9997655749320984
PaySim (comparison),XGBoost,1,0.9999961853027344
PaySim (comparison),XGBoost,1,0.9999517202377319
PaySim (comparison),XGBoost,0,0.0001629690086701885
PaySim (comparison),XGBoost,1,0.9998956918716431
PaySim (comparison),XGBoost,0,1.5987172446330078e-05
PaySim (comparison),XGBoost,0,0.00011457795335445553
PaySim (comparison),XGBoost,0,0.00016823579790070653
PaySim (comparison),XGBoost,1,0.999937891960144
PaySim (comparison),XGBoost,1,0.9999527931213379
PaySim (comparison),XGBoost,0,1.6667991076246835e-05
PaySim (comparison),XGBoost,1,0.9999606609344482
PaySim (comparison),XGBoost,1,0.9994619488716125
PaySim (comparison),XGBoost,0,1.3036756172368769e-06
PaySim (comparison),XGBoost,0,3.522283577694907e-06
PaySim (comparison),XGBoost,0,9.353515633847564e-05
PaySim (comparison),XGBoost,0,0.0010069375857710838
PaySim (comparison),XGBoost,0,0.0009995102882385254
PaySim (comparison),XGBoost,0,5.3685933380620554e-05
PaySim (comparison),XGBoost,1,0.9999641180038452
PaySim (comparison),XGBoost,1,0.9998385906219482
PaySim (comparison),XGBoost,0,0.0002610999217722565
PaySim (comparison),XGBoost,0,8.870195415511262e-06
PaySim (comparison),XGBoost,0,9.539945313008502e-05
PaySim (comparison),XGBoost,1,0.9955645799636841
PaySim (comparison),XGBoost,0,1.8820759578375146e-05
PaySim (comparison),XGBoost,1,0.9999740123748779
PaySim (comparison),XGBoost,1,0.9999386072158813
PaySim (comparison),XGBoost,0,5.40974251634907e-05
PaySim (comparison),XGBoost,0,5.0977068895008415e-05
PaySim (comparison),XGBoost,0,9.743059763422934e-07
PaySim (comparison),XGBoost,0,8.063862333074212e-05
PaySim (comparison),XGBoost,0,2.1995615497871768e-06
PaySim (comparison),XGBoost,0,2.6233112293994054e-05
PaySim (comparison),XGBoost,0,2.820657209667843e-05
PaySim (comparison),XGBoost,0,0.010015169158577919
PaySim (comparison),XGBoost,0,0.00024715487961657345
PaySim (comparison),XGBoost,1,0.9985320568084717
PaySim (comparison),XGBoost,0,0.11675383150577545
PaySim (comparison),XGBoost,0,4.667435132432729e-05
PaySim (comparison),XGBoost,1,0.9999890327453613
PaySim (comparison),XGBoost,1,0.9999306201934814
PaySim (comparison),XGBoost,1,0.9999704360961914
PaySim (comparison),XGBoost,0,5.246196815278381e-05
PaySim (comparison),XGBoost,1,0.9976321458816528
PaySim (comparison),XGBoost,1,0.9999837875366211
PaySim (comparison),XGBoost,1,0.999957799911499
PaySim (comparison),XGBoost,1,0.9998899698257446
PaySim (comparison),XGBoost,1,0.999916672706604
PaySim (comparison),XGBoost,1,0.999990701675415
PaySim (comparison),XGBoost,0,7.227912647067569e-06
PaySim (comparison),XGBoost,1,0.9984885454177856
PaySim (comparison),XGBoost,1,0.9999520778656006
PaySim (comparison),XGBoost,0,3.0201639674487524e-05
PaySim (comparison),XGBoost,1,0.9999486207962036
PaySim (comparison),XGBoost,0,6.355163009175158e-07
PaySim (comparison),XGBoost,1,0.9999947547912598
PaySim (comparison),XGBoost,0,1.1839784747280646e-05
PaySim (comparison),XGBoost,1,0.9963178634643555
PaySim (comparison),XGBoost,0,1.4994259800005239e-05
PaySim (comparison),XGBoost,0,0.00010856511653400958
PaySim (comparison),XGBoost,0,0.0004980651428923011
PaySim (comparison),XGBoost,1,0.9997187256813049
PaySim (comparison),XGBoost,1,0.9996910095214844
PaySim (comparison),XGBoost,0,0.0009601099882274866
PaySim (comparison),XGBoost,0,0.0008669692324474454
PaySim (comparison),XGBoost,0,3.298106821603142e-05
PaySim (comparison),XGBoost,0,0.00010968060087179765
PaySim (comparison),XGBoost,1,0.9999924898147583
PaySim (comparison),XGBoost,1,0.9858646392822266
PaySim (comparison),XGBoost,1,0.9999032020568848
PaySim (comparison),XGBoost,1,0.99998939037323
PaySim (comparison),XGBoost,1,0.9993582367897034
PaySim (comparison),XGBoost,1,0.9999644756317139
PaySim (comparison),XGBoost,1,0.9998161196708679
PaySim (comparison),XGBoost,1,0.9999724626541138
PaySim (comparison),XGBoost,0,0.0001160183091997169
PaySim (comparison),XGBoost,0,0.0008693031850270927
PaySim (comparison),XGBoost,0,3.9031667256494984e-05
PaySim (comparison),XGBoost,1,0.9701687693595886
PaySim (comparison),XGBoost,0,6.112112168921158e-05
PaySim (comparison),XGBoost,0,6.85205523041077e-05
PaySim (comparison),XGBoost,1,0.9998136162757874
PaySim (comparison),XGBoost,0,6.57515874991077e-06
PaySim (comparison),XGBoost,0,7.422026828862727e-05
PaySim (comparison),XGBoost,1,0.9994993209838867
PaySim (comparison),XGBoost,0,0.0001536612689960748
PaySim (comparison),XGBoost,1,0.9999701976776123
PaySim (comparison),XGBoost,1,0.9999195337295532
PaySim (comparison),XGBoost,1,0.999984622001648
PaySim (comparison),XGBoost,0,6.536582804983482e-05
PaySim (comparison),XGBoost,0,0.0005104113952256739
PaySim (comparison),XGBoost,1,0.9999701976776123
PaySim (comparison),XGBoost,0,3.069929516641423e-05
PaySim (comparison),XGBoost,1,0.9998339414596558
PaySim (comparison),XGBoost,0,1.628429163247347e-05
PaySim (comparison),XGBoost,1,0.9994226694107056
PaySim (comparison),XGBoost,1,0.9988269209861755
PaySim (comparison),XGBoost,0,0.00015807255113031715
PaySim (comparison),XGBoost,1,0.9999699592590332
PaySim (comparison),XGBoost,1,0.9980493783950806
PaySim (comparison),XGBoost,1,0.9999258518218994
PaySim (comparison),XGBoost,1,0.9999899864196777
PaySim (comparison),XGBoost,0,3.7696256185881793e-05
PaySim (comparison),XGBoost,1,0.9976746439933777
PaySim (comparison),XGBoost,1,0.9949719905853271
PaySim (comparison),XGBoost,1,0.9999904632568359
PaySim (comparison),XGBoost,0,2.6891177185461856e-05
PaySim (comparison),XGBoost,0,7.105714030331001e-05
PaySim (comparison),XGBoost,1,0.9982712268829346
PaySim (comparison),XGBoost,0,0.00010014943836722523
PaySim (comparison),XGBoost,0,0.00018312825704924762
PaySim (comparison),XGBoost,1,0.999976396560669
PaySim (comparison),XGBoost,0,1.2078068721166346e-05
PaySim (comparison),XGBoost,0,0.0005492751952260733
PaySim (comparison),XGBoost,0,5.4915028158575296e-05
PaySim (comparison),XGBoost,1,0.9988664388656616
PaySim (comparison),XGBoost,0,7.65543372835964e-05
PaySim (comparison),XGBoost,1,0.9999929666519165
PaySim (comparison),XGBoost,0,0.022125061601400375
PaySim (comparison),XGBoost,1,0.9999939203262329
PaySim (comparison),XGBoost,1,0.9999771118164062
PaySim (comparison),XGBoost,0,0.00010583056428004056
PaySim (comparison),XGBoost,1,0.9999501705169678
PaySim (comparison),XGBoost,0,0.0008964553708210588
PaySim (comparison),XGBoost,1,0.9820125102996826
PaySim (comparison),XGBoost,0,0.00010721953731263056
PaySim (comparison),XGBoost,0,0.0004529615689534694
PaySim (comparison),XGBoost,1,0.9999932050704956
PaySim (comparison),XGBoost,1,0.999995231628418
PaySim (comparison),XGBoost,1,0.9999639987945557
PaySim (comparison),XGBoost,1,0.999992847442627
PaySim (comparison),XGBoost,1,0.9999920129776001
PaySim (comparison),XGBoost,0,0.0003912004758603871
PaySim (comparison),XGBoost,0,8.780290227150545e-05
PaySim (comparison),XGBoost,0,2.208472869824618e-05
PaySim (comparison),XGBoost,1,0.9992496371269226
PaySim (comparison),XGBoost,1,0.998731791973114
PaySim (comparison),XGBoost,1,0.999103307723999
PaySim (comparison),XGBoost,1,0.9999706745147705
PaySim (comparison),XGBoost,1,0.999990701675415
PaySim (comparison),XGBoost,0,6.569558900082484e-05
PaySim (comparison),XGBoost,1,0.9999904632568359
PaySim (comparison),XGBoost,0,0.00021219649352133274
PaySim (comparison),XGBoost,1,0.9999843835830688
PaySim (comparison),XGBoost,1,0.9999947547912598
PaySim (comparison),XGBoost,1,0.9999911785125732
PaySim (comparison),XGBoost,1,0.9999887943267822
PaySim (comparison),XGBoost,1,0.9999629259109497
PaySim (comparison),XGBoost,1,0.9995798468589783
PaySim (comparison),XGBoost,0,4.979424920747988e-05
PaySim (comparison),XGBoost,0,4.2653326090658084e-05
PaySim (comparison),XGBoost,1,0.9999077320098877
PaySim (comparison),XGBoost,1,0.9999624490737915
PaySim (comparison),XGBoost,0,2.01676430151565e-05
PaySim (comparison),XGBoost,1,0.9999910593032837
PaySim (comparison),XGBoost,0,5.481427251652349e-06
PaySim (comparison),XGBoost,0,6.0055383073631674e-05
PaySim (comparison),XGBoost,0,1.03050488178269e-05
PaySim (comparison),XGBoost,1,0.9999969005584717
PaySim (comparison),XGBoost,1,0.9955246448516846
PaySim (comparison),XGBoost,1,0.9998102784156799
PaySim (comparison),XGBoost,1,0.9728965759277344
PaySim (comparison),XGBoost,1,0.9997816681861877
PaySim (comparison),XGBoost,0,0.0026043406687676907
PaySim (comparison),XGBoost,1,0.9999806880950928
PaySim (comparison),XGBoost,1,0.9999948740005493
PaySim (comparison),XGBoost,0,2.91376854875125e-05
PaySim (comparison),XGBoost,1,0.9993784427642822
PaySim (comparison),XGBoost,1,0.9997509121894836
PaySim (comparison),XGBoost,0,3.156295497319661e-05
PaySim (comparison),XGBoost,0,0.0004919914645142853
PaySim (comparison),XGBoost,1,0.9999954700469971
PaySim (comparison),XGBoost,0,5.117472028359771e-05
PaySim (comparison),XGBoost,1,0.9999591112136841
PaySim (comparison),XGBoost,0,1.0573284271231387e-05
PaySim (comparison),XGBoost,1,0.9998326301574707
PaySim (comparison),XGBoost,0,0.00011008389992639422
PaySim (comparison),XGBoost,0,4.9687329010339454e-05
PaySim (comparison),XGBoost,1,0.9998835325241089
PaySim (comparison),XGBoost,1,0.9999516010284424
PaySim (comparison),XGBoost,0,3.353827560204081e-05
PaySim (comparison),XGBoost,1,0.9999955892562866
PaySim (comparison),XGBoost,0,0.000443039316451177
PaySim (comparison),XGBoost,0,0.06412375718355179
